split,log_id,city,mean_speed_mps,p75_yaw_rate_rad_s,mean_traffic_objects,annotation_rows,pose_rows
train,00a6ffc1-6ce9-3bc3-a060-6006e9893a1a,PIT,4.480651937449456,0.0891737821405551,80.49044585987261,12637,2689
train,01bb304d-7bd8-35f8-bbef-7086b688e35e,WDC,6.0544163499045816,0.10219350493978321,115.66666666666667,18044,2690
train,022af476-9937-3e70-be52-f65420d52703,MIA,10.955714227213397,0.012369299338997953,26.30128205128205,4103,2690
train,0322b098-7e42-34db-bcec-9a4d072191e9,PIT,3.008080420358539,0.0232895685232052,102.0,16014,2694
train,03b2cf2d-fb61-36fe-936f-36bbf197a8ac,PIT,4.448569175882911,0.011612652460185948,113.14102564102564,17650,2694
train,03fba633-8085-30bc-b675-687a715536ac,PIT,1.6584626339827768,0.02384864138660756,63.07006369426752,9902,2701
train,04973bcf-fc64-367c-9642-6d6c5f363b61,MIA,7.197176822595765,0.011868364952363717,45.47770700636943,7140,2689
train,0526e68e-2ff1-3e53-b0f8-45df02e45a93,PIT,0.7073229305566641,0.003444128368140135,62.267515923566876,9776,2704
train,05853f69-f948-3d04-8d64-d4e721c0e1a5,PIT,2.3265216914331885,0.005206920994968398,76.71153846153847,11967,2683
train,05fb81ab-5e46-3f63-a59f-82fc66d5a477,PIT,5.483114187501126,0.011358096508732644,118.89171974522293,18666,2679
train,067b1c50-6567-3840-ab56-1ca2a0ed9c30,PIT,3.8523308714739564,0.005820317132036513,93.69871794871794,14617,2682
train,06852209-b868-306b-b492-ee6dbc914cf8,ATX,0.8699555287188983,0.026257313134743436,37.32484076433121,5860,2692
train,069cc46d-38bb-309d-88cf-296a3d0c0820,PAO,9.55077945829061,0.036990273897405494,80.3312101910828,12612,2674
train,06e5ac08-f4cb-34ae-9406-3496f7cadc62,WDC,2.646204929037895,0.05147824784280053,54.439490445859875,8547,2677
train,072c8e90-a51c-3429-9cdf-4dababb4e9d8,DTW,5.792977777097656,0.012280065712799208,80.26923076923077,12522,2678
train,0749e9e0-ca52-3546-b324-d704138b11b5,PIT,4.055159949538237,0.08962104888520922,76.49044585987261,12009,2663
train,074d2237-ed1b-34d7-a2fc-68edbce50bb2,MIA,1.5833126261364814,0.004432408844393975,146.25477707006368,22962,2678
train,07e4fccb-eb2d-31e5-bbcb-6550d0860f64,MIA,8.427850665152972,0.011688482015318608,98.63057324840764,15485,2689
train,080b1ce2-9477-39ee-8233-b7f33e1dfe56,WDC,8.960047243004462,0.00772727835067509,91.98076923076923,14349,2675
train,08734a1b-0289-3aa3-a6ba-8c7121521e26,MIA,4.905261506968989,0.07852198487734392,51.833333333333336,8086,2698
train,087695bd-c662-3e86-83b4-aedc3b8eec36,PIT,8.638843173017024,0.06315704447298343,49.65605095541401,7796,2677
train,087fec73-1a0c-399a-9292-cc2cf99dc97f,PIT,4.639538404764763,0.16344665706433237,72.53846153846153,11316,2676
train,08bcc06e-3adf-3651-aa4d-d791004418ca,PIT,3.965671302855093,0.005511793888254004,44.65605095541401,7011,2662
train,094c4119-eb33-3dfb-a18d-492cbdc8413a,MIA,1.065289502819576,0.059347527015420336,142.96794871794873,22303,2655
train,098fe60e-bab0-32e2-89bc-bedced881911,MIA,6.936462212015856,0.013820875836242585,37.8974358974359,5912,2680
train,0a132537-3aec-35bb-af13-7faa0811000d,MIA,4.733925377845924,0.16452617823244398,76.91025641025641,11998,2693
train,0a524e66-ee33-3b6c-89ef-eac1985316db,PIT,2.061640855920053,0.006969743711528886,101.76433121019109,15977,2689
train,0a8a4cfa-4902-3a76-8301-08698d6290a2,PIT,9.282345168186138,0.012665398476982379,65.46794871794872,10213,2640
train,0ab21841-0c08-3bae-8424-daa9b336683f,PIT,3.5362683748190706,0.02089392808376065,109.48076923076923,17079,2694
train,0b1b993a-68b3-3232-9afa-fc9942b5b79b,MIA,4.206679071727808,0.11160355551144824,62.796178343949045,9859,2708
train,0b324587-6097-3f92-a07a-a44f48c85d9e,MIA,5.636143948620715,0.08001742462878059,63.254777070063696,9931,2670
train,0b9321c1-9bc2-4727-beb8-8046aa4bb6c4,DTW,3.515263378943825,0.003169748683468435,51.41139240506329,8123,2690
train,0b97f5dd-c396-3c02-b07d-b7fdbcb6c3d0,MIA,9.226416373149712,0.009911694897918962,49.81410256410256,7771,2686
train,0c143226-9c39-387c-a935-1391bed6dc75,MIA,7.314231298895305,0.009886903560998037,85.61290322580645,13270,2676
train,0c61aea3-3cba-35f3-8971-df42cd5b9b1a,PIT,2.746300181976573,0.03378739628732255,66.1474358974359,10319,2707
train,0d37aee4-6508-33a2-998d-724834e80030,ATX,7.04395831993981,0.010995664087101571,34.032051282051285,5309,2688
train,0d8aab9f-4edf-3fb3-895a-ba64e8f2cfb2,PIT,4.3705588447818045,0.0232091119672755,63.35668789808917,9947,2691
train,0d9e4cff-73ff-33eb-9981-795475e62faf,PIT,4.423855165543891,0.027420886059780818,59.69230769230769,9312,2700
train,0f257dcc-8606-3ef9-b17e-b022a3fc72c7,PIT,2.0977157151823915,0.013630882681670722,69.55414012738854,10920,2695
train,0fc6aa34-323a-33bb-9804-2004599bcd06,PIT,4.205333072712636,0.03299378227267574,36.31410256410256,5665,2691
train,105f47eb-491c-3cab-91af-83c5bc1f6c48,MIA,6.351106614266497,0.08485548811934301,69.64331210191082,10934,2676
train,106d962b-911d-354d-961d-9abe93119b9c,PIT,2.4197249422143803,0.051968107495762327,104.03205128205128,16229,2685
train,108d2060-8bef-3d1c-88c5-c8295f596595,DTW,5.520159512406377,0.008490334680829851,83.8974358974359,13088,2694
train,11420316-aec9-3ad9-8b4a-d618bcd180e9,WDC,5.663499264603642,0.011733275487667574,90.36305732484077,14187,2680
train,118a1e87-aff4-35f5-aa38-01504a63ddce,PIT,5.345995328804234,0.010103465293654917,98.8525641025641,15421,2702
train,11995cbe-e076-3a35-910d-1e56ecf2c3c8,MIA,4.639312445475392,0.009790848046158984,68.76282051282051,10727,2686
train,12071817-ba53-35a4-bf6c-a8e8e7ad8969,PIT,6.955820286679442,0.01160998619229944,57.095541401273884,8964,2696
train,120d7ac7-cce3-359e-a19c-1b9c0abd6be2,PIT,1.0957632772891157,0.00317097013871598,59.49044585987261,9340,2683
train,121007f3-a0cc-3795-9606-85108b800772,MIA,4.878044703370178,0.009355888508304423,48.796178343949045,7661,2688
train,12c3c14b-9cf2-3434-9a5d-e0bfa332f6ce,WDC,8.196375550527259,0.011522788162684471,100.26282051282051,15641,2687
train,13209193-55c7-3827-917e-e04460b8f49b,DTW,4.922686864453045,0.020121132912052534,64.57961783439491,10139,2685
train,133e2e0b-b0fe-3bb0-b1f9-c846fcfd29e8,PIT,7.950936981670813,0.03668281769768649,66.80891719745223,10489,2691
train,134bb8e9-9080-3bc5-948d-88d8cc034550,PIT,7.522050692571014,0.00686878625854723,61.28025477707006,9621,2684
train,14bf638b-8f0d-35b2-a369-6d846b5b3892,PIT,1.1273636312237219,0.010208068194975481,43.256410256410255,6748,2691
train,14c8d182-9586-3f21-ad20-c4e19ec03e2c,DTW,3.680948735304622,0.05411870469793139,108.28846153846153,16893,2690
train,14f5485e-7417-3a5b-9be3-ec88461d03d4,DTW,3.7097014813024756,0.0074910134896926175,59.03846153846154,9210,2684
train,150ae964-5091-3681-b738-88715052c792,PIT,3.256571150492528,0.08464447272332717,118.85350318471338,18660,2635
train,156a412d-3699-3c1c-9ada-6ab587347996,MIA,9.072492362061046,0.006564718530777751,32.87261146496815,5161,2692
train,1579b300-e7f5-3318-97c2-2c827b0c411e,DTW,0.17907864175199517,0.0034204764775487622,52.30769230769231,8160,2686
train,16af3863-0d31-3cd1-8fa2-58053ffb953a,WDC,6.714252687545404,0.009750979567348059,86.3076923076923,13464,2657
train,1842383a-1577-3b7a-90db-41a9a6668ee2,MIA,6.227421775584775,0.007028283363421791,141.29299363057325,22183,2702
train,1844c439-b94c-332a-bb94-600818350eb4,MIA,3.1357852457643136,0.01322780542607559,83.85350318471338,13165,2697
train,1886b0d1-9c5e-326f-99df-30b64044638f,PIT,6.022725026015844,0.0055531406632222955,71.63057324840764,11246,2698
train,189c8512-b034-3d58-a372-cf48eacf02dd,MIA,4.895258963598148,0.008280905146965441,35.738853503184714,5611,2680
train,18bdf01b-6ba6-30a8-a707-1f1458529d3d,WDC,4.19302578349387,0.011300455521105134,60.37820512820513,9419,2666
train,194b6c89-8060-3174-b402-308f72cb1c15,PIT,7.247848996208588,0.009199746396783691,46.59872611464968,7316,2681
train,19711b73-c43b-3922-be61-8c44df707a7d,PIT,3.411830104242835,0.007964813993123172,83.80891719745223,13158,2679
train,1992ed13-948e-34e6-8d9b-a3416e545a95,PIT,5.716420187179133,0.009946111627983626,84.26282051282051,13145,2619
train,1a10b0e6-569f-32db-95e8-10c074e353e8,PIT,5.2808806029113615,0.009618150434512876,51.503184713375795,8086,2679
train,1a4e2d86-23d4-3a0d-a9ac-8b0936ae94ce,MIA,4.979679952791618,0.015745081073782995,95.59235668789809,15008,2691
train,1a6487dd-8bc6-3762-bd8a-2e50e15dbe75,PIT,6.883096085119066,0.008393876376474423,93.38216560509554,14661,2692
train,1a7e18b5-d8dc-371d-be5f-03a37b113e81,WDC,5.0649154984753615,0.16368936788377836,93.26751592356688,14643,2702
train,1ab241cf-f9c5-3f8a-88bd-4e14baad8ede,DTW,3.687793748885042,0.0030789389185262037,39.7515923566879,6241,2692
train,1b8fc962-7036-4d7f-885e-40b631cbdeaf,MIA,6.192334856765067,0.010888903841630842,38.723270440251575,6157,2696
train,1bf2bf1c-64d1-308f-afd1-220de9d30290,PIT,3.3951753583244506,0.017275974701259172,89.38216560509554,14033,2653
train,1c7d3b85-6cec-373c-a4eb-5137d7cc6a7c,MIA,4.945802470511965,0.008505000626649497,111.67948717948718,17422,2685
train,1c8f1189-c4fe-3303-bf2a-f88f5751b81e,MIA,8.274725893782964,0.0065253981968330125,84.9423076923077,13251,2669
train,1d43ed4e-e705-308a-bdfa-49d99285c42a,PIT,0.5942621089472179,0.00426708786174018,93.94267515923566,14749,2684
train,1d950a38-5c2f-39ce-9cd3-61249bc85194,MIA,9.42446567974195,0.010344944442387743,27.337579617834393,4292,2685
train,1e51a567-b416-3c46-9424-05688ff851f7,MIA,1.6112428720066176,0.12258418565821139,89.92356687898089,14118,2692
train,1e6f21fd-5c8a-3526-ac50-72adae89d6a8,MIA,5.736132482023134,0.013006068258180528,65.28662420382166,10250,2683
train,20b00c37-4fe4-31dc-a258-dae253ae6992,WDC,8.099244101860414,0.01062026773920322,52.10191082802548,8180,2690
train,20f785b0-e11a-3757-be79-b0731286c998,PIT,8.769771290224352,0.07070180010763395,69.5732484076433,10923,2687
train,21f6ebe1-09c9-3a71-bdd9-58f45fbe9000,PIT,4.1106238869420215,0.17143208425394085,93.59872611464968,14695,2696
train,226199ab-c791-32a7-8bab-ab92878eb199,PIT,4.110396235423766,0.005701040305992962,84.52866242038216,13271,2679
train,22dcf96c-ef5e-376b-9db5-dc9f91040f5e,ATX,6.707441181436595,0.008082007436453563,56.261146496815286,8833,2691
train,23808d42-e4df-3a0d-b713-fe20e09a4f39,MIA,5.793044234323127,0.12761418224334148,78.31847133757962,12296,2699
train,2451c219-3002-3b2e-8fa9-2b7fea168b3b,PIT,2.7183262978803255,0.009049183799391024,80.23717948717949,12517,2694
train,247f91e7-3177-33ad-b99e-0e0a4dc76751,ATX,2.377264721169359,0.009294418488313737,34.532051282051285,5387,2602
train,2501c6d0-071c-3a7a-b51f-c8cbd37abe25,MIA,2.082779016840875,0.0445260737890187,72.09554140127389,11319,2701
train,256c185c-284a-343e-93f4-894eed474edd,WDC,8.441657992859117,0.012017772330629102,62.738853503184714,9850,2692
train,2583a8ee-867d-3db6-b039-35b913fb8f70,PIT,6.329718454953342,0.018510419046555912,95.94904458598727,15064,2669
train,26daba71-ca0a-37e9-9dc6-0f81f02c0afd,MIA,6.976784348682414,0.13519026179416307,49.59615384615385,7737,2683
train,2716d83e-8c4f-39a3-a2a3-d5e255fe8a03,WDC,8.526246056489208,0.006974056184856589,115.62820512820512,18038,2677
train,271f4204-dd77-350b-b9db-5dabc4191985,DTW,6.925612973926762,0.1992749122070498,31.337579617834393,4920,2669
train,2772dd5f-bc0a-47ea-ae19-a5e0dbef8f41,PIT,7.475180088228298,0.013168095169710452,94.18867924528301,14976,2683
train,27fba275-0b37-3033-b20d-8f9848f78b1c,MIA,5.941674595393375,0.10476783917507224,37.32692307692308,5823,2697
train,285ac213-8caf-31a4-b0fa-c240580f7f69,PIT,7.543241752448592,0.07658811384711248,50.76433121019108,7970,2692
train,285dcef7-9f00-3c9c-baca-6c8269210ac4,MIA,5.807304531556288,0.01056970917269743,172.30128205128204,26879,2679
train,28617035-7557-3cb9-99c2-754f72fd34b4,PIT,4.821393264148102,0.018440445481373344,70.05095541401273,10998,2688
train,286790ed-9dec-305b-bcad-4f8153301e7c,DTW,6.277500842855412,0.01603994406471239,101.25,15795,2676
train,29080565-8133-3274-80cf-6ea98078e50d,WDC,4.160880568701326,0.21913762845538914,55.5796178343949,8726,2685
train,298715e3-b204-3bf5-b8c2-fe3be9e310e8,MIA,0.8796871068098758,0.015413258797225337,75.6687898089172,11880,2683
train,2a9b2658-097e-3f8b-a817-22f2553c5de8,DTW,2.454206585789997,0.026455625553592554,78.17948717948718,12196,2655
train,2aea7bd1-432a-43c5-9445-651102487f65,DTW,7.179283677570489,0.007219968793952253,92.69811320754717,14739,2683
train,2b044433-ddc1-3580-b560-d46474934089,PIT,2.269339254915726,0.16022091366107316,109.40764331210191,17177,2695
train,2b443c95-d55f-3cc4-a2a1-ae4af293d8d9,MIA,7.386812128029361,0.028102863233846614,66.0828025477707,10375,2681
train,2b6d18dc-4c95-3301-a498-3ed152798d5b,WDC,2.7476490949002264,0.0030401463903225417,60.98076923076923,9513,2665
train,2ec904db-41aa-397c-a1e3-2e2ca0c8e8fb,PIT,2.3523415067614755,0.004719566534483138,67.23076923076923,10488,2684
train,2fff4135-98ec-3b82-a330-b73d8afdf36c,WDC,6.979388696125553,0.007792871247057468,141.7051282051282,22106,2686
train,3153b5b3-d381-3664-8f82-1d3c5ca841d2,PAO,3.536481919228027,0.018241255644103647,84.27388535031847,13231,2665
train,31f062b7-dd17-3e7e-945d-198e91597de9,MIA,5.164890064536049,0.0193691505385057,60.36942675159236,9478,2705
train,32edd7c7-8a8f-360d-bcda-83ecf431e3e6,PIT,5.163654251438994,0.018801956527380127,52.76433121019108,8284,2682
train,332b278a-a6b9-3bc3-b88c-241e4b03b4ef,PIT,1.4557004940140372,0.09686335461833019,84.77564102564102,13225,2691
train,334f7360-727f-3689-a5b7-b553322aece5,MIA,5.126708839204621,0.01925717908201588,56.71337579617835,8904,2679
train,349c4c1c-9561-360f-9ae7-59772335d54b,MIA,1.2648530697712983,0.0026881631588644306,55.0828025477707,8648,2712
train,34fe8fbd-2b1a-3552-94c4-e80d1e85e5c2,MIA,1.7522390607282836,0.005310998966626478,28.56050955414013,4484,2700
train,3576c0f5-c1b5-35bb-a0c4-ee95cba5c754,DTW,1.4324473402267368,0.09123801791974516,137.91666666666666,21515,2684
train,35a15c5c-fa4a-3838-a724-396e112ec95c,PIT,2.9427655656780733,0.002665654966176825,132.25641025641025,20632,2679
train,35d5649b-f311-3177-8374-f9adf68781f3,PIT,6.709109301184521,0.05057339466484396,43.955414012738856,6901,2672
train,35f32393-e82f-3b20-b214-1f6a43d60f23,MIA,4.374733477403053,0.060625810907850575,69.06410256410257,10774,2683
train,366ceb72-9f11-385a-8bc9-a26a18dbdd22,PIT,4.936585391013636,0.017559074504963038,78.2,12121,2663
train,36b38cbf-f6c5-3a12-8e7a-eb281cc9c2fc,MIA,8.222069799455312,0.007693951595107948,64.39490445859873,10110,2680
train,36d7f8fb-6d47-3e1d-a1f7-b2c67ddf1f44,PIT,5.236850033020294,0.0060154716284301964,89.87898089171975,14111,2688
train,37fcd8ac-c148-3c4a-92ac-a10f355451b7,PIT,1.6889745469388857,0.11203194499026606,98.01923076923077,15291,2678
train,380e5bf0-1c68-36a4-ac64-09a03b60bebf,PIT,1.793539783837257,0.004715432731729536,78.19745222929936,12277,2638
train,382cf8af-6c8d-3ed9-907b-12214d2c7cb0,PIT,3.7634228082617387,0.02714624692945163,62.11464968152866,9752,2666
train,382dfbe0-836e-385c-86f2-f1afcf57a402,MIA,7.728823863258445,0.013732965412692807,111.15286624203821,17451,2689
train,3844f8a9-b7d4-4919-8e9b-a0370ad29ec0,MIA,3.1816851731388254,0.15176892605169584,52.59119496855346,8362,2696
train,38609ed6-2445-3df3-bd92-849d3963510e,PIT,1.6917262380605227,0.1771084745787799,236.62179487179486,36913,2663
train,389069d7-e6db-3d22-9328-e228c002bf75,WDC,6.352743737655037,0.007447761445819443,105.82233502538071,20847,3353
train,38f30522-2d43-3ff3-a94b-84887ab1671d,MIA,0.7138590800806273,0.020435166363372826,111.8525641025641,17449,2671
train,3933d1a2-f121-3c8a-8b01-7738e58c045f,PIT,0.8216392671290239,0.01255816212919617,50.210191082802545,7883,2689
train,3a1b3424-700b-3b65-9e89-90772a8e24ea,MIA,3.384848493611562,0.010963214970791352,61.681528662420384,9684,2646
train,3a789fb0-5cd2-3710-b8ea-f32fce38e3ca,WDC,5.517160070177953,0.021640912911438843,55.37179487179487,8638,2671
train,3b2994cb-5f82-4835-9212-0cac8fb3d164,MIA,7.349713225758651,0.04316198299320359,67.83544303797468,10718,2696
train,3b2e6033-f37f-3a73-9fab-88317b9b6095,WDC,5.090689882088169,0.037240435659949084,72.5732484076433,11394,2645
train,3b60751b-7a71-3a47-a743-96b96f0d9b2b,PIT,2.7441448191287705,0.018567931240650877,75.6923076923077,11808,2693
train,3b68c074-1680-3a93-92e5-5b711406f2fe,MIA,2.3072215821850066,0.13909670344866826,33.12738853503185,5201,2688
train,3c27dfaf-1624-39d2-9075-158824ed8e8c,WDC,1.8749129731615655,0.08087283707733389,98.26751592356688,15428,2672
train,3c3ed78e-1fcf-30ec-9e19-9bf142e2621d,WDC,6.715322071021856,0.005526482320910832,106.72611464968153,16756,2688
train,3c51357e-f6e9-3cda-9036-fe6e6cd442fe,MIA,7.510259443615551,0.009817084001685667,63.3525641025641,9883,2690
train,3c56f1ef-d4df-30ae-80f3-0a5b22d4d3a6,PIT,3.152886858714789,0.0064877428128527915,73.48717948717949,11464,2648
train,3c58172c-7a07-3ad4-bdf6-7cae60928c56,MIA,1.3050028229575634,0.03884240653527576,58.25,9087,2683
train,3ca11a5e-50b2-3cc3-af7a-ce7ab02b9954,MIA,8.894369010460176,0.03718186951655064,64.78980891719745,10172,2695
train,3cd2847c-604e-32b4-af19-6cd0da0dcdc5,MIA,4.49927122534167,0.047712062589626174,70.92307692307692,11064,2639
train,3d7743c1-c0a5-3ab2-976e-84af93270f30,MIA,3.984576857702669,0.007676891835389962,155.87898089171975,24473,2682
train,3dd173a6-8b21-3189-bd53-132919b96a48,WDC,10.908048309795314,0.01451441792744471,52.36305732484077,8221,2690
train,3e707e96-ad84-3e68-bea5-2f9ac502a2d9,WDC,6.878374485152161,0.015422586404390095,44.14102564102564,6886,2687
train,3e7c4d87-dba1-3e22-a303-4f402f89cd20,PIT,5.741555935671117,0.013008625815774034,39.47770700636943,6198,2643
train,3ea6b5a0-510a-3157-ba88-5124d61280b0,WDC,8.674864680034505,0.031683445255205916,24.794871794871796,3868,2660
train,3f9796e9-c892-3915-b719-3292df878ece,ATX,4.325601712990331,0.037487230075958056,57.968152866242036,9101,2688
train,3fa8c20e-a4b4-3af6-b9c4-6cb96f83916d,PIT,2.573710553615741,0.0077051630448358105,62.84615384615385,9804,2691
train,3fbdfb6c-927f-4aaa-81b1-21b02efd4c01,MIA,3.2333970833086836,0.007237591184709057,70.04402515723271,11137,2697
train,4058d838-75cb-35e2-af7e-a51aaa833271,PIT,9.3033813528161,0.007549010750220022,57.8525641025641,9025,2672
train,40870b19-3356-3e8e-a4a4-9f34eef8ea30,WDC,6.993126061867377,0.012829432152534011,175.01910828025478,27478,2680
train,40bfcbec-ec59-3731-8e75-67f0bddc3b01,ATX,1.0254858335204238,0.003382640676457944,118.71974522292993,18639,2681
train,41b6f7d7-e431-3992-b783-74b9edf42215,MIA,2.353933721591741,0.009299522001417619,71.85350318471338,11281,2673
train,41c3597a-aab1-3123-85a1-dd5d459af461,PIT,5.460690437684004,0.038327760734965466,37.44871794871795,5842,2697
train,41d69427-364c-366e-94a5-8e556bcac39f,WDC,3.435317141833943,0.005884872383995869,105.8265306122449,20742,3373
train,41e31361-569b-3ed8-bafd-2308b7a9377e,DTW,5.484742146246128,0.04097298383985172,41.267515923566876,6479,2691
train,4207ef92-0b3b-4708-8868-4ffcaef308e0,DTW,3.6783325091748407,0.0036404476081908404,73.93081761006289,11755,2688
train,422dd53b-6010-4eb9-8902-de3d134c5a70,PIT,7.475879784639827,0.009189878409644983,82.86792452830188,13176,2697
train,429dedd9-2d51-385d-9661-b15f4027e34d,MIA,8.964908105298823,0.005570255976940887,61.76282051282051,9635,2664
train,42c8449f-6e6d-3980-b54a-805eba6621c4,WDC,6.8073215877901685,0.006150392217779566,60.445859872611464,9490,2692
train,43efcbe2-fe24-35b0-9e69-b07c1b0725d3,MIA,2.6675004073870117,0.006790239909336232,30.987179487179485,4834,2689
train,441871a2-a9c5-3048-b7e9-d88af5acb8f1,MIA,4.006426720645287,0.006763137371813664,51.57692307692308,8046,2691
train,44200521-4cad-3a5d-8568-e0f3f1ca24d4,MIA,2.564366884570603,0.022661757388336992,59.62420382165605,9361,2685
train,444cce44-cc82-4620-b630-1b5849284ac7,MIA,2.862561234755111,0.10823820366046129,54.710691823899374,8699,2687
train,4487b659-692e-3b35-9d1e-a230279ed646,PIT,5.393274840088,0.005342096434951914,70.45222929936305,11061,2695
train,453e5558-6363-38e3-bf9b-42b5ba0a6f1d,PAO,9.783664292820367,0.019311228013908985,63.560509554140125,9979,2697
train,45433055-2b69-3cff-8135-67b3bfa04034,MIA,2.550630977080387,0.014370430831075821,36.8343949044586,5783,2694
train,460324ea-c769-38db-bba9-044643c8780e,MIA,4.1251611943183235,0.007932207380145254,110.12101910828025,17289,2703
train,4619e709-c9c0-3b26-923f-23a78e231136,MIA,1.71209226560556,0.09375389895061288,100.11538461538461,15618,2687
train,4667e48c-4d16-38be-b277-6b0013d6588c,DTW,5.59223149145916,0.0045003937634004055,85.02564102564102,13264,2683
train,4690ea1e-224a-35e9-a984-8332295f2b00,PIT,4.859499058270399,0.006087064734003213,54.01282051282051,8426,2680
train,46d917cd-531c-330b-8d7b-979b51a8927f,PIT,4.075709460345029,0.09858610445002075,99.34615384615384,15498,2660
train,47167c79-2ba4-369c-8db8-760a30b4c38a,PIT,5.8960304342370256,0.012975860722883911,27.923566878980893,4384,2684
train,47358aac-2ec0-3d45-a837-f2069ca7cee3,WDC,4.933407124260086,0.006113666429934984,88.01530612244898,17251,3377
train,4766da89-ca13-3e92-b53e-00bc710e9bba,DTW,4.38433988763626,0.021284667092457615,95.29299363057325,14961,2684
train,47972731-b0ea-3c38-a10f-5ffdd42329fc,WDC,3.95583968807649,0.17406935518272382,82.94871794871794,12940,2683
train,48a52b7b-9391-3728-84f1-9aa6ca336214,WDC,7.731103059672051,0.009412397861019002,58.70558375634518,11565,3372
train,490f13c4-4c1f-3e3b-8a9f-0f27c6906b4e,PIT,3.1433671341640976,0.004669758271427562,63.13375796178344,9912,2669
train,4935629c-fd9e-3b2f-b68e-9489c89585df,PIT,3.2274738170911106,0.02238747250831426,87.00636942675159,13660,2673
train,4977e8a8-4e1f-3ca2-a44e-454cd3756a5f,MIA,3.665191632738322,0.016573690645629226,83.40127388535032,13094,2673
train,49a9df80-ab0a-31fb-9341-a79f7b0258dd,PIT,5.261749379855904,0.024367465912628988,110.92307692307692,17304,2694
train,49d76058-b4f0-3931-86fa-de160b4c1b88,PIT,3.5410939654918785,0.008090478775787922,63.48407643312102,9967,2673
train,49e970c4-7364-33cb-a298-ead218e9a705,PIT,8.110385249477083,0.013072702494641111,56.71337579617835,8904,2667
train,4a789b07-7578-36ec-89cd-68b01e0737fb,PIT,2.1404724276040836,0.0036403517877946815,44.81528662420382,7036,2674
train,4aae26d1-aa71-30ae-b838-2a25d1f317f5,MIA,2.374924825542952,0.008239947937916775,143.94904458598725,22600,2698
train,4bab74cd-aba9-4752-9e1f-006cc639d63e,MIA,12.207364337794354,0.008363155682348916,56.43396226415094,8973,2694
train,4c18ef76-84ba-4a78-8275-7663101fffcf,MIA,3.4452263597191597,0.006627054365104319,98.81132075471699,15711,2696
train,4d324eb4-39f1-3837-9b97-c10db5d2b61d,PIT,4.926467583265818,0.011921015013009373,86.42948717948718,13483,2678
train,4d7b84b9-0a03-3aa1-83f0-4766013c3fb1,PIT,4.650094902226812,0.2707728324239379,109.51592356687898,17194,2704
train,4d9e3bdf-7216-3161-8281-72863f3c2bf6,MIA,1.6993366196074255,0.13280997203053033,75.0,11775,2693
train,4e1ac476-80a2-3612-bfd7-1abd24d2b644,MIA,2.9923697156421127,0.02061651470140833,82.2051282051282,12824,2670
train,4e302e79-1cb9-358f-a3fb-e133a655af4f,MIA,5.228296559820882,0.008259063679441422,90.27564102564102,14083,2681
train,4e391f98-31a6-330d-9252-d02aab82f5db,MIA,3.0587890184657036,0.007005732300113236,72.0,11232,2675
train,4eb237d9-9f8c-3426-9da6-4aad349ff8aa,DTW,5.238781373756937,0.09858585105738385,50.796178343949045,7975,2694
train,4f1b4bb2-b30b-3537-8fed-dd8f843f5adb,PIT,8.617947144482368,0.033144232308818924,56.717948717948715,8848,2675
train,4f363f6a-e51c-4d22-b232-cf78f1520966,DTW,7.615988214899607,0.02139570684457364,84.49685534591195,13435,2693
train,5037a27d-95f5-352f-9c64-5b8e75f574b2,MIA,2.4364621456646662,0.013309412368204685,50.82802547770701,7980,2669
train,50d508e2-6753-4519-a8c3-ad94a76ee948,MIA,5.169216496603113,0.020557389563325996,36.106918238993714,5741,2698
train,511b93af-f16e-3195-8628-fbb972a17f74,PIT,4.168757203298477,0.002830104297017584,113.12101910828025,17760,2620
train,51e6b881-e5a1-30c8-ae2b-02891d5a54ce,PIT,1.4219940852518556,0.01386738594858098,58.92307692307692,9192,2684
train,52c9e613-61b3-3d17-9f6d-b28de8a14829,MIA,4.070981806837201,0.008749994237319512,67.09554140127389,10534,2680
train,539b7a79-54c6-30ef-8e06-210d42c79125,MIA,8.415258322939184,0.013607086973332076,101.69871794871794,15865,2663
train,53a8391f-b2d7-341f-95ce-b9174d48e040,DTW,0.07519921846508036,0.0032736231818367096,30.331210191082803,4762,2689
train,53f5011b-2a8f-3a73-9d86-805462bb542d,PIT,2.1460775033319006,0.03379496998878147,99.7452229299363,15660,2697
train,5426cd2f-f4b9-3660-99d2-6617bb0f1b26,MIA,0.09095493946367349,0.0022897956597005787,58.794871794871796,9172,2681
train,545ea917-a910-3013-a3f1-52a86dd6c8b1,PIT,4.272273830194719,0.021315703062290664,80.35031847133757,12615,3033
train,5481321f-d317-3e80-8061-6e9c635c4ca9,PIT,3.8397757887843085,0.007114021111019126,100.69871794871794,15709,2700
train,54bc6dbc-ebfb-3fba-b5b3-57f88b4b79ca,MIA,10.711212041416793,0.02353241793979008,111.00636942675159,17428,2697
train,555a7659-ffce-39df-ba06-d9fcb2f812f0,MIA,4.938768744428952,0.028552635999290636,65.53503184713375,10289,2702
train,56c24ed8-68c5-3a08-8e3c-19646ac670e5,DTW,5.313394855384562,0.01436310329698074,134.81528662420382,21166,2691
train,57356998-297c-330a-af4e-c6a1ad64f923,DTW,5.266426531052472,0.1343709585974224,53.095541401273884,8336,2691
train,575d8d24-ba88-3b18-84c0-df5b29dccfde,ATX,4.982227353518598,0.014651098781737152,66.36305732484077,10419,2670
train,57636c80-9335-3aae-af70-11755db93854,MIA,1.330845283510346,0.0042447642969078,75.15286624203821,11799,2688
train,58a6bfcf-071e-3a6d-90f4-0e4cbdc298eb,ATX,3.7240660056605934,0.008845408332476937,100.21019108280255,15733,2699
train,58d01358-5927-36fa-9e11-d18d1dc1f4f0,MIA,8.206480697869898,0.008604984849302146,55.210191082802545,8668,2695
train,595acd37-183c-489f-bb8a-c299a86b74c0,DTW,8.841271091535074,0.005125063651557339,55.270440251572325,8788,2682
train,595ec33e-a1aa-3aaf-8821-8d1780db354c,PIT,3.942867273620876,0.13416493056253198,81.42948717948718,12703,2676
train,59a668bc-5caf-3ccc-8335-e9cff4c61d0e,MIA,3.1037162596010877,0.06953641898060182,41.70063694267516,6547,2681
train,5aed7fcd-651c-38a7-9523-9d48bf92aeaa,PIT,6.221954385623409,0.02444547463912912,64.25,10023,2672
train,5b1d8b11-4f90-3577-be0b-193e102fda82,ATX,5.146438090502534,0.1732372693630413,49.3974358974359,7706,2695
train,5bc5e7b0-4d90-3ac8-8ca8-f6037e1cf75c,PIT,4.412640080795429,0.03198673822569037,114.27388535031847,17941,2701
train,5bd6bd4d-3c89-3794-9935-2d044ce6ef37,WDC,6.614327692885005,0.10936052636152413,45.6025641025641,7114,2687
train,5c1db299-e2a2-35e5-84dd-acda8fb393bc,PIT,3.5590373820768084,0.11978286733656984,72.12738853503184,11324,2687
train,5c7ee953-d8b0-33ef-a491-0bb716763cfe,PIT,4.748515926344509,0.005143681671198864,69.08917197452229,10847,2683
train,5ccb359a-2986-466c-88b2-a16f51774a8f,DTW,3.697962414831451,0.0030288045441378654,128.8993710691824,20495,2704
train,5cf52bbe-f7f4-30c9-a4c2-a1fbb93513e4,PIT,1.460391446495479,0.008818378755151844,73.84713375796179,11594,2683
train,5d062611-5417-3405-997c-1d1aefe4d85f,PIT,2.9283211141036682,0.1871678185139078,78.34394904458598,12300,2677
train,5d333477-796b-3e49-bf41-0cdbed39c8dd,WDC,7.358666567869422,0.010192751672116012,87.56050955414013,13747,2693
train,5d391e54-adec-3584-adf0-5025d7564e1b,MIA,8.247322700428532,0.013368714673445917,88.37179487179488,13786,2690
train,5d40499f-c9be-38b9-a0cb-cd234850ba85,DTW,8.813685633260672,0.011085345473480383,87.49358974358974,13649,2669
train,5d55a63a-3146-32d9-89ec-e207e95ecbde,PIT,5.850958301935155,0.006747132343684992,77.95541401273886,12239,2697
train,5d8f4b0a-27f8-3889-925f-e9a146a395eb,ATX,4.42113897976063,0.03362342098998569,51.203821656050955,8039,2699
train,5d9c1080-e6e9-3222-96a2-37ca7286a874,PIT,4.30140803058106,0.05171626449612127,70.54777070063695,11076,2695
train,5e9fc665-2353-34da-a2e7-2094ab17e790,PIT,3.5846629696455583,0.057733755649228516,34.166666666666664,5330,2647
train,5f2b8881-3447-3905-99f8-def9d72aae42,MIA,0.5902801992711778,0.0020847325407690738,63.10897435897436,9845,2686
train,5f5a25ff-ea07-3133-b5c6-26fada93f90f,WDC,5.390436264783026,0.18411178506250764,90.5859872611465,14222,2674
train,5fe10166-ab1e-36d5-aa2b-c0d6f680f2c7,PIT,6.5902674190121475,0.00495559719873366,49.532051282051285,7727,2695
train,614812d4-3344-3975-a1c8-4131910c4a10,PIT,3.2068342116030846,0.1115017966072228,40.15384615384615,6264,2685
train,6180bbb1-95ce-381b-ba17-5411c5712824,MIA,3.509992911431799,0.2509774713216395,62.52229299363057,9816,2693
train,61e56102-4d85-3a40-bbba-1a007c816f68,PIT,2.1543069867476117,0.01943991329069027,65.1592356687898,10230,2653
train,62879808-1586-4d49-80fe-2f547e355191,PIT,7.5263760437686225,0.011160736911588596,86.61392405063292,13685,2680
train,62a1e53b-b55c-36c2-bc5b-e216d494875a,PIT,3.534972511593764,0.013092825732102038,113.39102564102564,17689,2692
train,633addf9-441c-35e7-868a-738aa612d51c,MIA,2.3261104606769205,0.014870601536041795,95.07051282051282,14831,2698
train,639d4834-f922-3e27-9913-20aa649f815d,PIT,6.214661930192577,0.026762707407529365,80.81528662420382,12688,2677
train,63a006b5-07c8-375d-98e3-21466f5b9c6a,MIA,2.935963359387854,0.01057702568601364,91.98717948717949,14350,2691
train,63f32613-2856-4ab0-898d-f881d74eb8bf,DTW,0.02979109136210342,0.0011748220853925733,64.11392405063292,10130,2682
train,64037371-4aa4-3fed-97f4-bafc1674caee,MIA,2.188984349943178,0.010693365005840633,144.62820512820514,22562,2700
train,6419dcfd-8777-35fa-924c-ebefccde0a9b,PIT,4.68169324334075,0.05829286975442802,139.07051282051282,21695,2641
train,648e8393-f46f-384b-9bd1-c25a2285077d,MIA,4.112940197191247,0.009461649600784253,82.73717948717949,12907,2684
train,64b24fd1-f639-4f7e-a535-dbfe9fd737a1,MIA,4.577492430516679,0.058212791879165386,89.08227848101266,14075,2698
train,65732efc-1564-3ff8-8c7c-4239a08c0d70,PIT,0.6021779041079864,0.016282912524112056,214.85987261146497,33733,2699
train,65d3f43d-1969-35d4-bf86-bd5e4b1ac803,PIT,1.8426206274551544,0.06776956508448773,79.55414012738854,12490,2697
train,66a40dcc-4de0-3f72-bff0-ca543ac5019d,MIA,4.413334961119016,0.14751562719004135,27.05095541401274,4247,2691
train,67d00dd9-fd33-3518-85f5-e26353373c33,MIA,4.08345370521364,0.050836629376988844,41.35668789808917,6493,2692
train,67d5fb0a-baf8-32f4-9316-18ce755f3e8b,MIA,5.622322314314991,0.017651651251055563,85.73076923076923,13374,2687
train,6937b4e5-b5b4-3970-b5dd-9ad194e6c338,MIA,7.111144073872698,0.020387666340399208,100.10191082802548,15716,2697
train,69c0ec7c-e289-3c4d-ade3-d2287ec34026,DTW,2.053104100463836,0.05037122301068082,69.42948717948718,10831,2672
train,6aa2ac89-6b25-3af6-ad59-221351189f4b,MIA,9.358830699352888,0.01612617541097684,52.64102564102564,8212,2689
train,6aae7f38-21de-31bf-8761-29d458338958,DTW,4.013193349642834,0.005364158451795191,43.681528662420384,6858,2692
train,6b0cc3b0-2802-33a7-b885-f1f1409345ac,PIT,5.366248396101159,0.22050136550468272,78.86538461538461,12303,2695
train,6b14d7c0-20f9-390b-af38-507a5de5998c,MIA,7.70420008829563,0.011012640386240918,58.1656050955414,9132,2695
train,6bae6c0c-5296-376d-96bc-6c8dbe6693a5,PIT,1.7882795098447686,0.048547340179033976,131.14012738853503,20589,2684
train,6c26dd11-e4a9-3d85-b118-09f65c6f0f2a,DTW,5.617261860977502,0.005913950642717728,41.19108280254777,6467,2688
train,6cc0bb26-5afb-3688-b237-b9c64c2800e5,DTW,2.6444169278286433,0.17577696897982661,81.67307692307692,12741,2685
train,6d3bfbc9-45dc-316e-a94c-a441371d0571,PAO,5.890143491340358,0.02132260250766277,46.21153846153846,7209,2672
train,6dadba1d-0f67-345b-bc5e-407ab8f7654c,MIA,4.845045715862116,0.010328895425936074,80.27388535031847,12603,2666
train,6dc6e668-549e-33b8-b952-ed8e807b1d48,DTW,4.843127776031705,0.023722558446086027,120.8407643312102,18972,2676
train,6e106cf8-f6dd-38f6-89c8-9be7a71e7275,PIT,5.703595518291637,0.13311805687094105,43.52229299363057,6833,2686
train,6ee06433-4820-3211-999a-95b79b2c692e,WDC,10.6194630243555,0.010709877138552126,32.4140127388535,5089,2689
train,6ee14358-31cb-3c6d-82f5-54d6a20444de,MIA,4.6581200072369215,0.0050999571519647555,45.40384615384615,7083,2681
train,6f2f7d1e-8ded-35c5-ba83-3ca906b05127,PIT,4.367867035166861,0.029989197716910766,65.09615384615384,10155,2690
train,6fdd8d39-7b04-365a-9941-e9e805b05ecf,MIA,4.164173538284527,0.09613705313077651,54.26923076923077,8466,2701
train,6ff3a51a-e0ab-32be-beb5-4079e56933c6,PIT,3.3435482792165967,0.011223481591980916,125.28846153846153,19545,2697
train,70e92418-e4e6-32a2-98c8-9844b1c24f92,MIA,7.085985007091536,0.012152542572614066,53.152866242038215,8345,2690
train,71283e26-905b-3811-b9e0-c10c0253769b,WDC,3.544553849448271,0.06315934955661093,127.51282051282051,19892,2670
train,713ac3dd-8777-373d-b87d-f3dd9820320e,PIT,6.7773793720944795,0.011238094684381417,39.17948717948718,6112,2691
train,7186d7d2-453e-4193-b327-72b66bbe3fd0,MIA,4.070695449857725,0.009836796976008496,117.84810126582279,18620,2650
train,718a2f8d-954a-3cd8-89e6-43898cf21fee,DTW,6.0542460094717585,0.01485689289375483,127.98726114649682,20094,2682
train,71d1938d-536e-39eb-beb4-bb4f5b607427,DTW,11.305999240802553,0.027210957066404397,69.01910828025478,10836,2676
train,71d95611-9032-3787-a66e-e26313b08d46,WDC,8.115609949519541,0.008443523784079306,94.5859872611465,14850,2673
train,723147da-6beb-34cc-b1d7-2d4d3abc4d33,PIT,5.728994696574224,0.04535311055204872,71.4551282051282,11147,2689
train,72ad5f22-3a9c-3758-81af-abda8181a622,MIA,4.821918929623501,0.008082218919331263,98.1592356687898,15411,2667
train,72c31859-3676-3cbb-a773-0591d8d5799e,PIT,3.430903677006773,0.009402199738672845,77.31410256410257,12061,2689
train,73539e96-eef2-3302-bdf4-a39e9d95b6e7,MIA,5.112879058671238,0.18162518455734045,42.00636942675159,6595,2699
train,737314f0-997a-3cd1-a652-78453bfe2b57,MIA,9.664014272977766,0.009071831128808702,69.71974522292993,10946,2700
train,73d86f1c-5e5c-3842-b671-7f29c78ccc55,DTW,4.7844446194564485,0.06900893171994071,60.77707006369427,9542,2678
train,74648e09-358d-3183-9b40-278620befa40,PIT,4.910498127701347,0.011878762660959443,35.993589743589745,5615,2682
train,74a3e9ae-6811-4d11-a112-4c4963773cfe,PIT,5.757965378475623,0.04709307609864539,118.937106918239,18911,2691
train,74dd5c1d-7a9a-32d1-903a-fc57e07109b9,MIA,6.293227127768242,0.02948557521092355,42.98726114649681,6749,2701
train,74ec2f62-9d57-39a9-bf88-97006f64ee5c,MIA,1.1219074864163652,0.025856755964007126,89.22292993630573,14008,2693
train,74f15437-b85e-314a-9d86-7294b98bf07f,MIA,2.980798479380234,0.0735177096346545,191.48076923076923,29871,2681
train,75449af9-61a5-3a4f-95ec-3a3dc35b4cbb,MIA,6.273385218647582,0.004548284365231976,64.76282051282051,10103,2691
train,756f4ed0-5352-31e4-b3c6-2841b9e779d7,PAO,1.422257218831506,0.009777762199988514,98.07006369426752,15397,2688
train,75a9cbdf-0bec-39f9-b536-5b37aacadf96,MIA,4.042427636551872,0.08134054562843586,113.01910828025478,17744,2693
train,75e8adad-50a6-3245-8726-5e612db3d165,DTW,3.141084886625916,0.12674449554613243,85.61146496815287,13441,2677
train,76038978-47aa-30ed-bfa1-2d63753a866c,PIT,4.329081537518677,0.01356751020054154,112.47435897435898,17546,2695
train,768cf7e2-eb6c-3468-969e-e3b0fd87b34e,ATX,7.098849070970493,0.007935994045888618,56.6025641025641,8830,2666
train,76c3f58f-9003-3bdb-90a3-b87cfbfa1c3b,WDC,0.4992371238619927,0.004092288140331068,63.77707006369427,10013,2675
train,770a58e6-eff6-39b7-a265-fe7f202fe8b2,WDC,9.468901263356427,0.06301468150743084,46.18471337579618,7251,2694
train,78cbd619-8ded-35b8-87a1-38c4f4aeb82d,MIA,7.532570272887274,0.014553655165198881,48.26282051282051,7529,2676
train,790d3c83-f6bf-348e-80e7-12f29240e598,PIT,5.821271377010082,0.06030913249529801,52.50955414012739,8244,2685
train,79cb0109-4c92-3ede-8849-76cc6824b95a,MIA,3.2857359601797063,0.024623162348002093,89.72435897435898,13997,2683
train,79f3de22-c643-3e97-96d5-f77274a458c0,WDC,4.717562296593545,0.11400597423681341,65.31410256410257,10189,2676
train,7a1412d3-5a53-378f-85df-ba58b2408f46,MIA,3.3743432633400388,0.053308940778351604,26.32484076433121,4133,2690
train,7a17d467-9f29-3706-8e40-32bb7fb033de,PIT,4.376586780891915,0.01274682465716044,99.00636942675159,15544,2694
train,7ad46cf0-aa12-4050-ac2d-cf34b5f64d41,PIT,5.798405281375078,0.14799025146651662,51.96835443037975,8211,2696
train,7b0bf9d6-084a-31d4-9e52-d9b582a0ec84,DTW,4.553511350686689,0.015087756033155155,87.72435897435898,13685,2687
train,7c30c3fc-ea17-38d8-9c52-c75ccb112253,PIT,4.096367423993383,0.005217613344606438,41.318471337579616,6487,2679
train,7c539ecc-658a-3956-a9a4-6e7f5bd67373,MIA,5.15343681188977,0.012022144665396053,64.33333333333333,10036,2660
train,7c5e3704-33c8-3a4e-b032-9187a6f90206,PIT,3.855532911420197,0.1493083504381641,64.0,9984,2685
train,7c696d35-e34f-38b0-b4b4-e88803ad1f6a,PIT,3.071130214820722,0.04003308091304364,104.48717948717949,16300,2684
train,7ca43466-7107-33ae-95d6-26d7af132e87,PIT,7.064516394384043,0.03867269174890325,59.02547770700637,9267,2689
train,7cb4b11f-3872-3825-83b5-622e1a2cdb28,PIT,4.104793347809086,0.05831768198574549,67.60509554140127,10614,2667
train,7ccdda39-69b1-36d1-89c8-2acc3823264b,WDC,3.146024111122559,0.15323213904345034,108.44871794871794,16918,2686
train,7cd08674-1787-37d9-9365-988df023724b,PIT,7.042347242851485,0.01259460354772084,71.91082802547771,11290,2669
train,7ce2a2ce-eed6-36d7-ba62-dda9acddb070,ATX,4.013913742208379,0.01543887601206044,26.630573248407643,4181,2679
train,7ce85124-312b-35f0-a1a2-32206f75a947,MIA,5.134289275862114,0.01611682128703366,66.63461538461539,10395,2629
train,7d1d720d-6708-3148-917a-b8dc78f1dcd9,PIT,2.3477461859417725,0.010112111280988413,56.26923076923077,8778,2679
train,7d3f2f76-2f4f-3762-bf0f-f94f79eb0404,WDC,6.082112640343937,0.005605542282538452,103.09137055837563,20309,3374
train,7da33189-2698-3a98-b038-b0e5a271ee96,WDC,4.140513455979744,0.1671871053444383,93.97452229299363,14754,2675
train,7df1f32e-f059-3ac4-9d57-213f2f69b8b4,WDC,6.782915277422165,0.006307786452163929,80.45222929936305,12631,2660
train,7e3d8631-3b7d-38c1-b833-ee7cfa7235ca,MIA,4.567412243719676,0.09487480337341293,70.93589743589743,11066,2647
train,7ebbdbeb-a8de-3612-8f22-6ce91980841d,MIA,4.032491275855553,0.007825486015337838,74.71794871794872,11656,2691
train,7ef4a6cc-7266-3a31-8dd4-01c3d3c58dcb,MIA,10.839337818553084,0.011867216019082385,84.05128205128206,13112,2677
train,7f40c022-9f9d-3805-abf8-7533175b3f25,MIA,7.073695168059121,0.05853237377405923,129.7579617834395,20372,2676
train,7f7e4709-7596-35f9-89ac-d808178b1533,MIA,5.663472244789472,0.009264732949787729,90.52229299363057,14212,2690
train,8066e267-a653-3b43-8fce-a5a780912c82,PIT,1.8837635253379503,0.006171203154412256,43.07643312101911,6763,2692
train,806d3ab3-4c53-30d6-ba6a-09ef6df5af5a,DTW,4.269020799963789,0.12026762479543007,87.74358974358974,13688,2683
train,80da8956-f418-319c-9f49-3d47d9002546,WDC,7.280380064725377,0.009313616861973406,132.0,20592,2682
train,80f31501-6533-3257-9870-b0c4dbf61967,DTW,6.7048958975019985,0.012047290538052506,101.32051282051282,15806,2695
train,812a45e8-b5d9-389b-9151-09c57ce969df,MIA,0.038837908249817775,0.0022505091863404053,103.11464968152866,16189,2671
train,81700b3c-2db4-3f72-935c-274d3607d6d2,PIT,3.6816805303726268,0.012712645360205358,122.9423076923077,19179,2695
train,8184872e-4203-3ff1-b716-af5fad9233ec,PIT,5.337659982451092,0.02492955751337255,95.06369426751593,14925,2685
train,81d2b40a-c579-3e9c-b520-bee26cda947d,PAO,6.447096156185944,0.04946702599257606,67.68152866242038,10626,2696
train,8223c3d0-3b08-3889-9cdc-a88592c4bd4a,MIA,4.375043217556791,0.0083213621406686,244.59615384615384,38157,2675
train,823371b1-3197-35d6-a6b7-bfd432e10440,MIA,2.772291132815544,0.007249969657248386,16.487179487179485,2572,2678
train,828ddef2-7609-3683-8e32-c21e7c07d6a6,MIA,7.16252252262086,0.019006596775669505,92.81528662420382,14572,2685
train,8346e544-4a73-3c88-9339-c7a21fbd3a2f,MIA,5.445530068811688,0.08093919930863967,96.21656050955414,15106,2685
train,83faae69-e37e-4804-b7a9-684d4a900320,WDC,8.475045382853468,0.010307234326096815,57.77987421383648,9187,2696
train,841fe537-5e76-3b3a-8298-75fa1a41a14b,MIA,4.548112359802169,0.00491713249540076,26.35031847133758,4137,2685
train,84bb4b17-e7f2-3a1b-8c2b-6d6ec9a23e31,PIT,3.628249454308422,0.16547258733571876,91.69426751592357,14396,2686
train,85026edc-5fdf-308e-a8ef-a1aad1151c50,MIA,7.670902628693821,0.007682649321729175,80.53205128205128,12563,2697
train,855908a6-a848-3b7b-a4a3-bbab78a423cd,MIA,0.10343128923642,0.007276962583229772,96.11464968152866,15090,2699
train,855ba280-cd69-348d-9107-69e28cb8ad99,PIT,7.895398573626385,0.005629900198274285,55.94871794871795,8728,2670
train,8606d399-57d4-3ae9-938b-db7b8fb7ef8c,PIT,6.728976991907614,0.008517851549656652,104.171974522293,16355,2644
train,86519a39-4ce9-3d0b-a3f9-dd9aa26a2b25,WDC,2.5331425372412366,0.022150690204251568,68.92356687898089,10821,2693
train,87918291-e9ba-3759-be1a-4c874ca40997,PIT,3.878087120384551,0.07045260064465683,60.34394904458599,9474,2677
train,87ce1d90-ca77-363b-a885-ec0ef6783847,MIA,0.5158024803971597,0.002656458983078109,132.71974522292993,20837,2676
train,8858428d-8fd5-3c3f-8ca4-d01f6e25e63c,PIT,3.618300227950094,0.05795578292256341,24.53846153846154,3828,2686
train,88ebed6a-e9a4-3d60-9011-ec1df75cc8d6,MIA,4.778733525097159,0.008340566565115788,69.07692307692308,10776,2671
train,890cf3b7-3385-390c-8b2e-132c744b5d2d,MIA,3.031555395489341,0.007680337620318562,138.64968152866243,21768,2666
train,8911207d-fc3d-3009-bb35-18138197724f,MIA,3.8579440396666698,0.0056451181022810215,84.55128205128206,13190,2688
train,8934694e-8085-3673-96dd-eacebe691ed1,PIT,4.160759605000667,0.0077350143200359475,69.52866242038216,10916,2666
train,8940f5f1-13e0-3094-99ba-da2d17639774,WDC,8.022543058081967,0.006813122315543716,107.05583756345177,21090,3359
train,89f79c55-6698-3037-bd2e-d40c81af169a,PIT,2.9831320676229076,0.19276784407095918,80.40764331210191,12624,2660
train,8a0ff1a2-9045-3be3-b67f-3914d88178ec,WDC,5.266351584701676,0.006213377674517712,77.68152866242038,12196,2676
train,8a11791c-1d8f-3b12-bacc-38aa982b0003,DTW,5.281498957426236,0.021885051087426027,103.73885350318471,16287,2684
train,8aaa2fac-59f9-3a3d-98ee-f3dde8b4d781,MIA,10.372422316690201,0.005942871259965263,60.57324840764331,9510,2692
train,8aad8778-73ce-3fa0-93c7-804ac998667d,PIT,5.380000309103703,0.0694130472781178,81.19108280254777,12747,2690
train,8aeeeeca-6a79-34ef-b667-835d53536a8f,MIA,5.178106957217984,0.01506422728823102,64.7515923566879,10166,2697
train,8bc34c99-1b8f-3463-b0e7-12bf1eb222b3,DTW,7.693264523955233,0.007591578778783605,40.81410256410256,6367,2671
train,8beeb8db-28f9-396c-b752-17f906505948,ATX,9.242811846720512,0.02080554713322486,36.0,5616,2680
train,8c019de9-7043-37bc-9498-b5858e7240af,DTW,3.720053723861702,0.10842808851079416,33.69426751592356,5290,2701
train,8c52d911-fe34-3424-9864-d3fdfac38064,PAO,4.8023648479675645,0.015694377759498848,29.28846153846154,4569,2676
train,8c54e429-a3de-3eb3-96f3-d3127e2cc18f,WDC,3.4921877336424685,0.011285982670927935,87.06122448979592,17064,3363
train,8ca98d88-67b5-385e-80f7-b32758668fab,MIA,3.559818217374499,0.03285196626467861,63.11538461538461,9846,2676
train,8d8b550e-d0be-3cbb-a371-49ec36fa619f,PIT,3.1891558893713796,0.013709873938995866,71.4140127388535,11212,2709
train,8de6abb6-6589-3da7-8e21-6ecc80004a36,MIA,5.297333651290108,0.011389488806724931,63.294871794871796,9874,2698
train,8e02e2db-2836-37ec-af33-a1cc2e6e49dc,PIT,6.454769041109569,0.007321751841008934,105.46496815286625,16558,2702
train,8e5022ed-87a9-4480-b2a7-a7c0494f5c7b,DTW,8.493613737284367,0.005772727991853519,62.44654088050314,9929,2702
train,8e5442cf-8882-3b94-bc47-18fcad84bb20,WDC,5.784316207089383,0.16394583632101156,81.83333333333333,12766,2689
train,8ee606e6-4cbd-3c07-8419-fbda836ccaac,WDC,5.203906905351267,0.013609808419738238,52.210191082802545,8197,2680
train,8f317f00-f8b4-325e-a5c7-e4045427a610,PIT,2.1141538477612034,0.07107036578990306,72.07006369426752,11315,2685
train,8feb3dbe-4450-3aeb-b22b-e65128aa696b,MIA,8.038233027676727,0.015463376737214533,27.159235668789808,4264,2691
train,902d5e72-b665-3615-af2d-a2b6164864b2,MIA,2.8585962809937144,0.028077768688599514,61.12738853503185,9597,2681
train,90f360d8-35f7-3c54-b2da-e99b354bc4cb,ATX,3.1422588285188695,0.00659516575397419,23.993589743589745,3743,2672
train,9158b740-6527-3194-9953-6b7b3b28d544,PIT,4.225131013440282,0.03552572111063092,94.11538461538461,14682,2687
train,91923e20-9a05-32e0-ac53-8c09b0b60341,PIT,5.086722306375707,0.004260565404056923,78.63694267515923,12346,2706
train,919f13de-857f-3b1c-9f8e-7cbe500a60ae,WDC,7.964014859929637,0.006914692842315178,89.42038216560509,14039,2684
train,91cded81-9f72-3930-bab7-5d3e3fa0a220,MIA,2.533701745312718,0.023595439204772195,127.7948717948718,19936,2707
train,9239d493-31d7-3dd0-a05f-03d50a242392,DTW,10.310578603974278,0.01045510992391635,61.89102564102564,9655,2670
train,924116d9-0a48-3d97-b8c9-0d16b087c16a,PIT,2.024607234812601,0.00949002534327248,15.878980891719745,2493,2642
train,928e282f-d1a0-3e85-9582-0b33664c49e8,ATX,2.0100319865575136,0.007009510063504571,44.27564102564103,6907,2682
train,931b76ee-63df-36f6-9f2e-7fb16f2ee721,PIT,5.912146330834783,0.006855953291193208,87.86538461538461,13707,2674
train,93582b51-5be1-30cd-abb0-3eac16dd6dbc,PIT,4.5615449891056,0.03243438738146957,34.095541401273884,5353,2700
train,937093d8-7966-3df3-b334-0835595412b6,WDC,6.305314759168735,0.17265839260816063,86.11464968152866,13520,2701
train,93b755f1-f865-44dc-a98d-cae5eb1a25d0,MIA,2.8498320998894413,0.0829934919098267,58.20754716981132,9255,2698
train,93c97162-a834-3331-b15c-e4ab278b1c6d,MIA,7.501966810698524,0.016167531010880146,30.615384615384617,4776,2675
train,9441ffdd-f06e-36e0-839e-b836b0f19bc9,PIT,6.338673843324047,0.018290875824400532,55.044585987261144,8642,2687
train,945f3b20-778a-3581-adef-544de4a089ef,PIT,3.46724045140206,0.02123502034208319,72.64331210191082,11405,2688
train,953087a4-f704-37fe-a60f-82877e84a413,PIT,3.359041164809421,0.008676322414527428,62.71153846153846,9783,2678
train,95312039-73b9-35a2-9aec-905494a4f7f0,WDC,8.382052262292559,0.007103470994385658,98.3375796178344,15439,2692
train,956dd277-e000-4c6c-af4a-aee4d86971c9,MIA,3.3266445094212447,0.010386438204826542,44.348101265822784,7007,2697
train,95a47a36-1041-3924-bbd0-4dcad52c323a,MIA,2.0118115578477997,0.012727060725356378,200.22929936305732,31436,2700
train,95acebfe-c694-3dab-9e6d-01cb501ff426,DTW,2.519896179246894,0.1274384719118483,102.80891719745223,16141,2690
train,96284bbc-6b58-330f-a5a6-76cd518543f0,MIA,7.786181490153082,0.013888374462613992,82.31847133757962,12924,2694
train,968e77fb-9ab1-3427-8984-9e3028b186e2,MIA,5.8565883327455905,0.005796374741079689,42.47133757961783,6668,2687
train,97738d01-b24f-365e-8818-2463149154d2,DTW,5.756939057801884,0.058350936003846665,60.22292993630573,9455,2683
train,9807c577-0dc0-3116-864b-cf46a1276389,WDC,3.442027320412744,0.03089596282702303,88.03821656050955,13822,2686
train,982bcae9-1840-37f4-9278-3dbb63031aac,MIA,4.501675434963578,0.006072478458701127,82.2051282051282,12824,2680
train,988ab841-c422-3d08-bb52-a09f8fdb6ab2,PIT,2.9663469476720454,0.00758528232562132,64.67307692307692,10089,2678
train,98fd128c-4f32-40fc-a23c-7feb50c4478a,MIA,1.2925919377707549,0.004162593583647772,103.0,16274,2689
train,991d11df-0265-3e41-b942-5b0c615d21e2,WDC,4.005387304302651,0.006411875371689977,87.39795918367346,17130,3379
train,9946b521-ea55-3c52-9fd1-71afc3abf3c6,DTW,5.088501772312078,0.013547450009942672,70.87179487179488,11056,2667
train,99a3270d-c5c5-3df7-9a2d-a612c8104d0e,PIT,2.9045605446066167,0.041880796883162395,82.31210191082802,12923,2706
train,9a25fd14-783b-35c3-ab2d-df4687f82b5e,WDC,3.4702957230435647,0.023920332201152677,143.5859872611465,22543,2692
train,9a372faa-e598-30e2-999f-99f90a0b099e,MIA,4.384922407575424,0.013488581433359919,37.35897435897436,5828,2692
train,9a8aea4b-9b61-3884-9f3c-84c3c36e6373,PIT,6.320044417314939,0.009484691468906136,59.13461538461539,9225,2668
train,9afab336-dbae-3f70-a669-46813f4570d7,PIT,4.511162035652377,0.0075939179441977395,41.48407643312102,6513,2681
train,9b1da4e7-03a9-3277-91f3-ef6e610a6320,PIT,6.8683357886847505,0.08395150516301225,56.294871794871796,8782,2686
train,9bdb4139-173f-33d3-8730-e29752d737d3,MIA,5.099123891153443,0.022128545237193438,79.23076923076923,12360,2695
train,9caf211e-3e6e-3996-8518-f617b9454e67,PIT,6.579605796050942,0.007653295690992018,65.78980891719745,10329,2680
train,9cdbe6f4-938f-4ac5-88f7-94a82bea715b,MIA,1.9280957128422977,0.007752619479865459,70.0886075949367,11074,2657
train,9d65b03d-b59d-3a45-ba66-e313d3cdab40,MIA,5.279920385144823,0.01609296467703123,141.0,21996,2673
train,9e684390-4af3-3ec5-b163-855bbd026ff1,MIA,8.252025333840988,0.009382143757436349,91.51923076923077,14277,2679
train,9eb87a0b-2457-359d-b958-81e8583d8e44,PIT,2.515704284121935,0.005473350942543018,73.7948717948718,11512,2666
train,9ec8f3a2-59ba-3ce2-827d-656ea5bc1f1f,PIT,7.276428763075598,0.005492980908171564,83.61146496815287,13127,2647
train,9ecbfef8-29c6-334a-b4ff-aa8201439826,PIT,5.178336728102694,0.011814341820350814,98.50641025641026,15367,2693
train,9efe1171-6faf-3427-8451-8f6469f7678e,PIT,6.357476284626552,0.010796563800565467,93.51923076923077,14589,2701
train,9f6d282e-f573-31d5-80e6-9a193e80cd7d,MIA,6.141268296112701,0.020977791064507662,65.43589743589743,10208,2693
train,9fd55542-e982-361f-814f-61ad4ad07adf,PIT,6.736462012805274,0.0070843109110298695,94.6687898089172,14863,2692
train,a059b6b9-ca26-4881-bcf7-d202433de0c2,DTW,11.677910723691065,0.005316829841763673,40.68987341772152,6429,2694
train,a0cb0614-ee71-3cf3-b891-a4274883362f,ATX,3.3031196106283254,0.0076613173344346345,25.294871794871796,3946,2695
train,a146ab19-f4f3-334f-b830-fc68de83e26c,PIT,6.996009329827258,0.01802941967955038,96.92993630573248,15218,2663
train,a1537c1c-775b-3969-ae13-2e83e5a4728a,PIT,3.9096517493584555,0.11308247328382437,114.6624203821656,18002,2686
train,a160c635-aa67-352c-a5e6-03b113493090,MIA,5.576365041007014,0.114223726599501,109.10828025477707,17130,2686
train,a1c1d559-0480-39d2-94f0-1a89f0226c4f,WDC,9.684661352875475,0.0075193347626693425,44.41025641025641,6928,2691
train,a2f568b5-060f-33f0-9175-7e2062d86b6c,PIT,4.0656974963479655,0.07547243675792233,65.94267515923566,10353,2690
train,a3001373-ae03-3827-8e25-3da1720074ca,PIT,5.818687487005974,0.028409862068392452,56.3974358974359,8798,2684
train,a359e053-a350-36cf-ab1d-a7980afaffa2,PIT,2.9017483115351075,0.038339103303312166,50.0828025477707,7863,2699
train,a36f80a5-5edc-3842-80af-292ae639ee74,PIT,2.741361177153008,0.00800054524941185,117.36538461538461,18309,2700
train,a3876690-9d49-3c98-9421-02cfe0ccb551,PIT,1.3896195798984297,0.1365916893877665,69.97435897435898,10916,2696
train,a3e09a66-a921-3c4a-89e6-7fecf6854a3a,MIA,5.866882661115272,0.007391739506122468,12.16025641025641,1897,2671
train,a3f59292-ad1d-370a-afde-64a9e16b341c,DTW,4.1438701738025525,0.02151254393668667,146.78980891719746,23046,2689
train,a4087bac-8194-4c9e-8b2d-4bda58773a3c,MIA,5.360350861633516,0.09595589278845382,59.40251572327044,9445,2701
train,a47ba6a9-ffa1-3979-bb40-512339284b8b,PIT,1.091308915800236,0.007666077293983588,54.05095541401274,8486,2705
train,a4e62775-131f-37c4-9239-c38e3b254dad,WDC,7.868862670113356,0.005904945967472987,62.52229299363057,9816,2671
train,a4f240a0-12d4-3542-a11f-0c592e90e4da,MIA,7.850845874496056,0.021427097163238106,125.81528662420382,19753,2703
train,a4f72852-c2ff-35d3-8375-e52055508240,MIA,2.3175563456882067,0.05709552451963823,50.044585987261144,7857,2695
train,a50b198c-4de2-3f8c-a2b9-ab280605b350,PIT,4.238236898778847,0.01673426432335611,73.62820512820512,11486,2677
train,a6817756-af01-32ec-829f-d9e56ef7b6e8,WDC,3.856553468341538,0.01229164819947312,60.611464968152866,9516,2665
train,a783b484-437b-3569-bd44-4f83ad9e05cf,DTW,4.532912865741928,0.011153702372075445,69.72611464968153,10947,2692
train,a7a2236e-8f8e-34aa-9343-722f9b3bb829,MIA,6.771939581393783,0.022656415090066745,31.71794871794872,4948,2690
train,a7bcdabb-f9b7-3c16-806d-3ddf1c2d49a2,MIA,0.16704845180239922,0.003022836567639191,78.12179487179488,12187,2692
train,a7c9bb12-322e-3f8e-8798-cf57a4a72f99,MIA,4.370722264512174,0.03760999094767578,84.82692307692308,13233,2679
train,a88da814-ecc6-39c0-93ba-8a81f403a7e4,MIA,4.451554229383416,0.026969928028708567,73.63461538461539,11487,2692
train,a8a2fbc2-8e77-35a0-9208-f882c3cb2a5c,PIT,7.227261219050994,0.028973609226659,51.05732484076433,8016,2671
train,a8a3297d-62f3-31ac-8db7-95ef53ce0d31,MIA,1.5033282817379916,0.1069193447287965,61.738853503184714,9693,2674
train,a98c14bf-bf01-3ae5-992d-ea9f0a18e3c7,MIA,9.482694741630908,0.005488345592794946,50.29936305732484,7897,2644
train,a9a24c80-600f-3f85-b4d9-a70ceccad385,DTW,3.854891080597204,0.029201109742866167,75.31847133757962,11825,2683
train,aa105408-2974-35e7-ae76-35060cfde21a,PIT,2.648675119059067,0.19536641722430936,47.53846153846154,7416,2680
train,aa539866-29e4-353e-95a9-b6d321b53b33,PIT,5.88671715628629,0.008162629450252382,103.64968152866243,16273,2696
train,aa630060-2eda-37bd-ae88-a513fd9fc8e3,MIA,5.409560630120985,0.009066671778746606,104.60897435897436,16319,2697
train,aa82b61f-7156-3c68-95a4-b79cebd120eb,MIA,4.382267414576955,0.05512461629165874,52.68789808917197,8272,2690
train,ab3d8387-8e07-37f6-a74c-cf100fb6a612,PIT,2.288088059963824,0.009469810534875776,85.40764331210191,13409,2700
train,ab83611b-436e-3de7-aad1-f0c9ad254196,WDC,2.401097350973799,0.007304722562727545,55.98089171974522,8789,2682
train,ab8c747b-b9cb-3835-a275-54c56cb9a469,WDC,3.2752028215069817,0.04203742556846725,105.03821656050955,16491,2692
train,abd4fe8d-7520-3b35-b8ac-4de367141b6f,MIA,8.803298869075457,0.009204401776205543,107.64102564102564,16792,2699
train,ac1b1697-42b9-4225-a666-d17f72204fa8,MIA,4.616655049352191,0.007457255167987642,66.21383647798743,10528,2686
train,ac3e33eb-5a53-369d-9e5a-7950392bfe99,MIA,1.7030221521333424,0.15900711692920674,62.07006369426752,9745,2699
train,ad319b98-6faa-3648-98bd-43afdbd20020,PIT,3.562899587049784,0.06251777952026044,40.67948717948718,6346,2665
train,ad870270-f3d8-3790-866a-78d61b5b76ee,MIA,2.9687150487168346,0.016853972849221927,107.80891719745223,16926,2697
train,adbb2a17-a503-32cd-a9ed-b523b3e4da0b,PIT,5.500856036590215,0.05483657052820215,37.146496815286625,5832,2676
train,adc1fad7-de31-371f-810b-140576d9accc,MIA,5.327742754589828,0.011031619149257689,64.01910828025478,10051,2661
train,adcf7d18-0510-35b0-a2fa-b4cea13a6d76,PIT,2.3003725319610284,0.0063480779602060455,77.42307692307692,12078,2637
train,aed1b616-9d9a-36d3-a047-07ad3955fbb7,MIA,4.081930240804763,0.02291542567132404,119.37179487179488,18622,2695
train,aedbd525-e6df-4c0c-8be6-61c27fe58fd6,PAO,11.076638888766782,0.013065748296053947,54.465408805031444,8660,2705
train,af170aac-8465-3d7b-82c5-64147e94af7d,ATX,9.815674630541475,0.021468777190440574,38.48717948717949,6004,2697
train,afbdd2e0-696a-3222-a20a-2023baf8e5af,MIA,0.511150753044959,0.0032201772392660135,59.18589743589744,9233,2683
train,b0663029-8f8d-398a-8a28-81ba29224696,MIA,1.1642178979518973,0.008728572061736809,85.92993630573248,13491,2694
train,b09ba294-96b3-3c45-aeed-c40a309e5f4e,DTW,3.5457942562232794,0.1154670411001762,126.31210191082802,19831,2686
train,b1527e96-5a5d-3adc-a893-314ab3a6012e,MIA,4.949738152945639,0.09912645469950014,69.21656050955414,10867,2708
train,b1a98ad6-9b3e-35fb-afae-70b279fcbfc0,PIT,7.596410091539335,0.007252062237668227,61.254777070063696,9617,2698
train,b21b7285-2199-3264-b10a-524e9b23502a,PIT,2.973647403294595,0.013164108963848523,37.152866242038215,5833,2698
train,b275d09d-9da2-380b-a748-528ee28bc9af,PIT,8.13396441359539,0.06541590623864581,58.07006369426752,9117,2686
train,b28a3715-4624-3a54-9652-b8f0b293a5a8,WDC,3.8750529224626957,0.060050014432965,69.22929936305732,10869,2665
train,b29b43d7-3af9-363e-aaeb-8805d958f982,MIA,6.063371649258382,0.004796344142008367,22.331210191082803,3506,2698
train,b2a8a9aa-19cd-3ffd-b02c-0f2a47d1d0eb,ATX,2.895090516737151,0.05192857888253614,60.83974358974359,9491,2681
train,b403f8a3-4cad-333e-8557-d7da2e163f4b,PIT,1.546123371770856,0.005848532025855926,60.789808917197455,9544,2688
train,b436606f-daa4-337f-8103-4360bf4704d9,WDC,6.172412721920849,0.03714936493938739,86.07643312101911,13514,2696
train,b43d449e-daaf-33a1-bb7f-3f7a0b5f056c,DTW,4.400103950074605,0.1050987292323455,67.43589743589743,10520,2685
train,b48d6d4b-f0dd-35da-850d-36a715691e2f,PIT,5.658893271359411,0.19415123929557246,49.56410256410256,7732,2702
train,b4d5e738-b937-33fd-8131-bf1df36f598a,MIA,5.66005096660586,0.15846445801725317,51.394904458598724,8069,2701
train,b4fc7eef-819c-35a6-b937-358ffb5c2aa0,MIA,7.991252026225708,0.03165553879875326,56.27564102564103,8779,2697
train,b51561d9-08b0-3599-bc78-016f1441bb91,PIT,5.331068935578527,0.00827306068589926,82.78205128205128,12914,2666
train,b56e3f47-72a6-34e8-9ada-b4169e28e5b9,PIT,4.748730033973067,0.15472874879413312,84.55128205128206,13190,2688
train,b5a1b0b0-a7fc-3a47-af82-9b25a81a8c0b,WDC,6.6282340343713555,0.02940042293521196,80.12820512820512,12500,2683
train,b5e6e498-54b3-37bb-b2a3-cdac33a18363,PIT,2.878274138811848,0.04779307694391849,77.54140127388536,12174,2689
train,b5ea60b0-2540-4efe-b60e-f421ade3c128,MIA,5.197330066430617,0.03183786085072825,71.87974683544304,11357,2629
train,b5f3900c-b421-3032-aef2-2e91a69d1163,MIA,3.1140027709068905,0.007711738061866141,118.68152866242038,18633,2686
train,b6642e23-d100-3680-8882-9f3b753b2eef,PIT,7.502458750591337,0.019148631679261993,68.4140127388535,10741,2680
train,b66a9b8e-8fa8-3409-907f-a70ebd7051e1,MIA,2.428966648194941,0.01645505157631115,99.66025641025641,15547,2670
train,b6c04ab6-1c07-3e17-97d5-e870db090e52,MIA,8.177459421004656,0.019383074021309343,119.34615384615384,18618,2698
train,b6c86134-d7e6-3af6-9db5-8aba3df4f7a7,MIA,1.5521361097775883,0.005025986532485461,94.92307692307692,14808,2678
train,b7843066-abbd-3275-ac52-90a8363f65f7,MIA,0.8378258929906105,0.01811461312071617,123.77707006369427,19433,2686
train,b7fbc13b-47ff-3e3f-a363-86d60ba664b8,MIA,4.011837447993564,0.008742150629131782,67.1474358974359,10475,2693
train,b81922e7-092f-3052-8cd1-fec6a6763295,WDC,8.03595396713113,0.011292517871352343,111.83333333333333,17446,2673
train,b8a5a7a9-1c4f-4f2e-96a6-565e727b24d0,DTW,2.4307770439709615,0.007559108763552513,57.943396226415096,9213,2687
train,b8ce75e5-c1d2-3447-9249-70ab3d42389f,PIT,5.948816498983126,0.007097535147562872,89.62820512820512,13982,2672
train,b8d83d8e-1574-3efd-b067-a3ed422a259e,DTW,8.82633011444751,0.025491646951596256,69.75,10881,2696
train,b98a7838-ac1f-339f-93c5-fe7f98ea8657,PIT,7.181397630474732,0.010499810479104293,68.35668789808918,10732,2676
train,b9b1564c-66d0-4597-a664-2735cf2ffd04,MIA,7.818797009030488,0.010894485505369348,49.58860759493671,7835,2663
train,b9f73e2a-292a-3876-b363-3ebb94584c7a,PIT,8.914397402561658,0.00832791044999621,21.378205128205128,3335,2667
train,b9fcb487-363e-30a7-a316-a42dd81d8fe5,MIA,3.5246713487534604,0.009564994626864028,95.6025641025641,14914,2674
train,ba66bb3c-5437-4bc6-afe3-299109e5ced4,WDC,8.871807794365669,0.01397196353592881,38.490566037735846,6120,2691
train,ba737c78-2ef2-3643-a5b2-4804dfff9d93,PIT,6.792621095802087,0.0074454831089885,42.095541401273884,6609,2681
train,bb110668-5037-3c04-bd34-34cf1ace8d0f,ATX,6.660221710280451,0.04977433313596965,59.92356687898089,9408,2690
train,bb25d7d0-9146-46a0-8ff1-ebfc25d63417,MIA,6.092359072654564,0.018752244657572685,91.26582278481013,14420,2705
train,bb533c69-1e0b-341c-bedd-ff25fe9b84bf,PIT,4.208801376005412,0.18890006378599283,87.34615384615384,13626,2668
train,bb9be2e6-8f0e-3bb3-8bb9-5d9aa9df384d,PIT,6.079176753528145,0.11398755932503353,119.28025477707007,18727,2707
train,bba89165-0e5d-3052-abb6-6a61e37861a3,MIA,9.268061929555568,0.009733291702832512,36.98089171974522,5806,2672
train,bbdb1e21-62eb-3230-8cef-a3b091c5edad,MIA,4.301134954440638,0.07165060325476434,70.73717948717949,11035,2682
train,bd4a7d9d-14e1-3c17-873d-a74d0cd6a5d7,PIT,6.440590348341654,0.018257283696163827,57.05128205128205,8900,2695
train,bd73bd15-8a42-3aa9-8eb7-cff9f894d43b,DTW,2.621266809916907,0.010853112491014973,98.94904458598727,15535,2690
train,bd9636d2-7220-3585-9c7d-4acaea167b71,PIT,4.903132027921761,0.004776828385431319,100.57692307692308,15690,2700
train,bdd7e8ba-f7fa-38d1-b6bf-9dc77334fec5,PIT,2.9666548866632314,0.009407882606205717,85.64331210191082,13446,2687
train,be94abe3-f84c-34d6-8461-3105bcfcedb7,MIA,3.064667620033367,0.026147989633934415,62.038216560509554,9740,2688
train,bec0f69b-832c-3898-b589-0127ddc282f3,MIA,3.3556888275266634,0.022645297255665685,97.87179487179488,15268,2692
train,bee1146d-2e80-37e3-b08a-6ac8858e8973,PIT,5.024251472299437,0.13590620795158198,59.35668789808917,9319,2677
train,bffb0c9e-5e3a-3251-ab5e-299491b53cbf,MIA,3.8661333607893438,0.0063428287255539425,61.93630573248408,9724,2663
train,c049334b-5568-3ca0-9b28-0c09d00b7bb3,MIA,3.6651130177012425,0.004134052197874974,184.22292993630575,28923,2695
train,c062ba0f-7591-3225-a57d-8181622dc2da,MIA,1.623625137827395,0.00732563791021695,100.83974358974359,15731,2691
train,c08279c0-10b4-3d21-b13f-a1c1a0b87f8b,DTW,3.7596239621505596,0.25287869648079525,17.96153846153846,2802,2695
train,c0d36fde-5672-430a-9dd1-3e2a5d4f6cab,MIA,6.28310940420536,0.007902950895609828,77.67721518987342,12273,2705
train,c1a6c20c-e336-3efa-81b6-7c1242d70bd2,PIT,1.8132463365226112,0.021609459438695175,23.35031847133758,3666,2673
train,c2c0e6bc-05e5-30dd-8e5e-0e7b6106ad30,DTW,3.1750447457023316,0.0231714057040995,77.9423076923077,12159,2691
train,c2ec8955-1797-338f-9486-d7c41926f791,MIA,5.714967494634369,0.05965417225460608,100.78343949044586,15823,2680
train,c2f301b6-5d19-3296-a8ac-418ff48e052b,WDC,4.827041047751091,0.08981523618279325,48.23076923076923,7524,2691
train,c453a8e7-d3da-317a-946b-f8e9678a8582,MIA,1.1754750722434233,0.15508563660255575,68.4551282051282,10679,2679
train,c4ea1b05-c7d5-3b59-aed1-9f3d2621ac00,PIT,2.9055162590694805,0.005470456725308154,45.6687898089172,7170,2625
train,c556f8e0-a001-3586-b2cf-d3256685c39f,MIA,9.657302618560905,0.006095034731047303,78.16666666666667,12194,2677
train,c654b457-11d4-393c-a638-188855c8f2e5,PIT,4.830622363163085,0.04738292499845553,66.12738853503184,10382,2676
train,c67a748c-1e93-3a6d-be38-daedf175f911,MIA,0.28358265277531314,0.00469213163129006,56.5,8814,2699
train,c67f439a-f945-33cb-8517-40c9fdf60d59,PIT,3.7186259650285205,0.014062216503403634,38.07006369426752,5977,2687
train,c6940de1-dccf-3b42-9c39-bbb9feb2d638,MIA,4.03210585676595,0.0052541772798275765,72.06410256410257,11242,2689
train,c69e348a-8e10-31dc-b71b-dd8e5cfd7211,MIA,4.430724822236536,0.16920364581162445,59.51282051282051,9284,2678
train,c6c55112-0078-3867-a63f-1861a0125b8d,DTW,4.443414340793861,0.3903226306597234,101.28662420382166,15902,2682
train,c70b2c64-7a9a-37c5-b974-709fa0536675,PIT,5.7401101880241745,0.004043766070713738,64.3525641025641,10039,2655
train,c71cd96c-8e3f-3861-9ece-fcbabebc63a8,DTW,6.0071355624941285,0.08951830469295932,42.48076923076923,6627,2677
train,c730e199-fb8d-3abf-b7aa-bbc81bf8c08f,PIT,4.736628327416792,0.031327297684053006,73.56687898089172,11550,2691
train,c780d53a-2d37-3cd8-9e89-530966aef53e,PAO,12.163442990738991,0.014761857098827361,69.49044585987261,10910,2675
train,c7f5e5c1-dc52-3619-8998-420b2e280d8a,MIA,6.114193574435288,0.05193550470584594,39.705128205128204,6194,2690
train,c858bd6a-81ab-3f54-b46d-ffc091ef6945,WDC,6.293121352234538,0.015608692837100164,33.71153846153846,5259,2652
train,c85ebc24-0934-3423-9c14-f0fdbee64b68,PIT,2.380866048546247,0.005101905606450625,45.794871794871796,7144,2694
train,c8cdffb0-7942-3ff5-9f71-210e095e1d31,PIT,4.806440502874905,0.008896487182503706,93.19108280254777,14631,2698
train,c93a30c8-168c-386c-a25a-cbd8d8410fbe,WDC,8.54635178644399,0.005061257847838451,30.502538071065988,6009,3370
train,c94991c0-3662-3936-972c-1af63db486d8,WDC,4.412584089059907,0.009023486923336235,86.80128205128206,13541,2691
train,c96a09c8-46ed-391f-8a66-c46fa8b76029,PIT,6.001219738224112,0.1630622588179554,52.73717948717949,8227,2700
train,c990cafc-f96c-3107-b213-01d217b11272,PIT,7.905666163286453,0.11239042288351236,56.146496815286625,8815,2676
train,ca4144fb-10e5-3895-836f-87001f59ac65,PIT,3.7132273190807266,0.01400554822878261,90.58333333333333,14131,2694
train,caabc342-aed4-3104-8195-7461a4add481,MIA,9.997473479472827,0.012510019126291013,40.617834394904456,6377,2675
train,ccb4e29d-e88f-3fbe-8958-67cfd62350a3,DTW,2.7868164646889526,0.002978561844577618,99.52564102564102,15526,2659
train,cd2353c2-0fb6-3e18-8281-4c0df1d3189a,WDC,5.963319586699521,0.00584736140570935,78.06369426751593,12256,2685
train,cd822baf-4aa1-33fa-bfe5-d91386598edb,MIA,4.999865942178423,0.06809607884695604,49.36538461538461,7701,2666
train,cd83b7cd-e2e7-34f6-bee7-1ff5ca3ed665,MIA,4.371071581788065,0.012180458964133282,43.63057324840764,6850,2693
train,cdd752d0-caee-3d95-b1db-7fc20cbbc783,PIT,6.603898371729067,0.02451339325677454,50.42307692307692,7866,2693
train,ce0575bf-c2fc-38bd-9947-ea7494a799f9,PIT,7.345046813627304,0.00880222220608505,70.51282051282051,11000,2693
train,ce0e814a-d9df-3975-a521-d8ae9a091e96,MIA,5.342677187200582,0.023365313684667183,58.03846153846154,9054,2695
train,ce34ff64-0faa-3fae-a79e-985f7a5172c9,PIT,2.0525792599805808,0.030040638466973416,63.30769230769231,9876,2702
train,ce5033ee-e74e-354a-9299-8aaefbd03f59,MIA,3.907187406175907,0.04557675785326784,29.08974358974359,4538,2681
train,cea5f5c2-e786-30f5-8305-baead8923063,PIT,3.0895241117817793,0.008363192403921627,61.40127388535032,9640,2657
train,cf6a99cb-b8bc-34d7-bdca-30e50e66cd74,ATX,0.556744232264022,0.016377448638509214,94.21153846153847,14697,2699
train,d0828f48-3e67-3136-9c70-1f99968c8280,PIT,0.16146449841070207,0.0010003275050892817,110.2051282051282,17192,2657
train,d0ba7a1b-f5ca-39d6-98d0-29c671baec65,WDC,1.6330306617311867,0.06120179731148663,123.53205128205128,19271,2671
train,d0cc23f4-f4ab-3755-8e63-2e3940f68d89,MIA,3.454780468933615,0.017245100715995172,118.48717948717949,18484,2660
train,d1695c5e-08a9-44fd-8f45-93c23f700c8b,DTW,8.909471249550043,0.006395391594870953,44.5,7031,2694
train,d201af7e-48c8-34ad-be1c-e649af2cb5c2,PIT,1.4164739049820676,0.011814015457800909,47.71337579617835,7491,2678
train,d20c3612-a64d-3aa8-bd4a-58890413afbb,WDC,5.5831000880703945,0.010913784634724154,78.34394904458598,12300,2693
train,d26b95e4-d200-34e2-92c9-c16fda4cd9dd,PIT,5.558267262231609,0.00918501935617386,80.23076923076923,12516,2685
train,d2901fe5-4b64-3144-98e1-67ef5ef83fa7,MIA,8.99045832622044,0.007883665140782186,44.33974358974359,6917,2678
train,d2c6775c-e0a0-3460-b1b8-8d0ce2e0ae4e,MIA,8.176229651126405,0.009169221728515567,71.19871794871794,11107,2691
train,d33f667d-7b6c-39aa-9ba9-eac2fa615ae1,PAO,2.252419825501921,0.020247441988881548,60.006410256410255,9361,2678
train,d37be0e2-8223-3eeb-a0e2-c4b75d5ff87b,PIT,3.8283053804687546,0.007405477605262369,44.00636942675159,6909,2688
train,d3dc783e-663a-31b1-bd85-46e04ca693db,DTW,5.691208719752082,0.009324118052564223,60.01273885350319,9422,2667
train,d3efe9ba-f10a-35e7-b17e-6850c66693fe,DTW,8.28735378889606,0.009432841611514212,36.87261146496815,5789,2673
train,d47507ce-b079-395e-8761-8e70818ea69a,PIT,8.003756676638861,0.005708666274622619,32.083333333333336,5005,2684
train,d551b8f9-feab-3946-9524-219e07988341,PIT,4.719830326697883,0.008795281772995961,45.77070063694268,7186,2691
train,d58d55ea-f30c-3622-8303-1574616b9865,MIA,2.246521176705474,0.03180417049543937,66.7051282051282,10406,2700
train,d5d40b4c-48d9-3b68-903a-025eb0fa334d,PIT,4.509711413476161,0.004410910144474414,105.63461538461539,16479,2672
train,d6ba4898-1369-3521-981c-b9ac57420418,MIA,5.776029140985914,0.033941787230017,29.67948717948718,4630,2678
train,d72c43a5-95bf-3a3e-9019-cf25cc0a61c0,MIA,4.670683350096471,0.23912356582510141,57.28025477707006,8993,2644
train,d78b78a0-2322-32c2-833a-e42ddc132d30,DTW,5.492289445705567,0.13991121834235654,63.89171974522293,10031,2675
train,d842ce41-8d9c-3c0f-9c04-595d97be5140,PIT,5.639113711216608,0.019784560718471983,84.81528662420382,13316,2696
train,d8bd6071-f3ae-31fd-866a-9e6e4d6519e2,PIT,3.035773851428792,0.008646483967315533,78.67307692307692,12273,2678
train,d9530d0a-b83e-44a3-910a-2b5bb8f1fb80,DTW,1.5536029943219756,0.0016183260612179133,20.955696202531644,3311,2697
train,d97ae2c0-b8d1-341c-94b7-f19d5fd2982a,PIT,3.5768898015769826,0.013208918271272489,45.42675159235669,7132,2696
train,d9c267be-f19a-3183-afe0-f0625a375743,MIA,6.058893445296994,0.005555406355791616,58.30128205128205,9095,2685
train,d9fd666a-8f55-38bb-8387-80fa44c29348,PIT,3.459407017191172,0.0770111908502602,70.69871794871794,11029,2685
train,da30abcf-652b-38df-a128-10942b225ec5,PIT,3.1341705651635023,0.010886789514146861,93.16666666666667,14534,2675
train,dad3e145-2f70-357f-813e-703936927fe2,PIT,2.448755252216429,0.09210538270047863,72.30128205128206,11279,2671
train,db17141d-4d35-381d-9949-36ce767d6641,MIA,10.366127031147224,0.01598730219308339,51.24203821656051,8045,2678
train,db447b86-8103-3ee4-93de-2c838ba061dc,MIA,6.091434792555961,0.00869993895795561,36.26282051282051,5657,2669
train,dbe19bf6-93ad-372e-b96d-f7b652cdba93,PIT,2.6457951348489597,0.05137179663445354,114.18471337579618,17927,2689
train,dc3d4b79-6cd8-324b-bc70-cbd0e2a066da,PIT,3.6370336972808834,0.012448606176362564,73.95541401273886,11611,2672
train,dc4d148d-f84c-307c-b2b7-f0cd7c267f57,PIT,6.118189770104248,0.01441224895252766,47.68589743589744,7439,2709
train,dc9c2d63-083f-32c3-90ff-943ca823a245,PIT,2.2175628443566535,0.010757138537205082,84.68152866242038,13295,2675
train,dd251cc5-736d-3b76-8ad3-3f6cb138178e,WDC,5.7209461961359755,0.007129472642606324,117.85897435897436,18386,2680
train,de43d0b6-d6a7-38de-9709-883e10320267,MIA,8.28688691272811,0.0239892970982236,58.2484076433121,9145,2680
train,de586ff4-3413-367d-befc-ad022b73592b,MIA,2.4188025005915024,0.004472505789246662,85.21153846153847,13293,2693
train,debbba6b-8cb8-3ab6-adfe-54fcc6b02839,PIT,6.608109369741661,0.02270222757122231,116.52229299363057,18294,2692
train,df1935dc-1e5f-3f4d-bdcb-e6c2bcb07667,PIT,7.014778757151881,0.02487230128915944,40.68789808917197,6388,2641
train,df321672-461c-361b-aac9-e81cc9a88b9f,MIA,7.031966444973428,0.009532830399871762,68.84615384615384,10740,2694
train,df5d0b0e-5bcb-304a-a167-18b92d0f1d45,DTW,4.641761103850098,0.16931161761080882,102.21656050955414,16048,2687
train,df738339-958b-31fb-8e48-a4380f4c538a,MIA,4.149689863062425,0.02269345644869923,132.35897435897436,20648,2700
train,e033cc8e-b23d-3fc6-8954-d90c5e98550e,MIA,6.772846856613955,0.014961835545802993,91.98076923076923,14349,2683
train,e0ba7664-d287-39df-8193-00d60cae1417,MIA,5.929835712210482,0.015032417719155443,49.12738853503185,7713,2694
train,e0cfd042-ae29-3d21-bb47-81eb8f933ec8,PIT,4.112740031927764,0.023810579440115644,21.634615384615383,3375,2677
train,e0d2fe70-8f98-3ce2-8d8f-4268a81f7169,PIT,2.234461149051784,0.011198896287466701,60.11464968152866,9438,2591
train,e10475f7-0d56-3a75-870d-d4206fa165d7,PIT,8.068463831435762,0.07001264900552147,58.9171974522293,9250,2659
train,e123ba3f-99bd-3039-b6e7-8c62eaebf9c2,WDC,5.54013347103605,0.027091909220518313,74.4423076923077,11613,2677
train,e125bb91-dcaf-3013-9cc7-da653d7e11e1,PIT,3.259373141891791,0.05565663251994808,86.77070063694268,13623,2692
train,e1450d07-faed-3d97-b674-c6f8d2498d80,MIA,8.500799052697444,0.1576769218941596,42.78343949044586,6717,2689
train,e1e9d341-716f-3613-9ec2-2201c72361af,MIA,5.12609691743487,0.029580848327602202,47.955128205128204,7481,2692
train,e1f37027-6a39-3eb1-b38a-3f2836b84735,MIA,1.8440683697448588,0.006487887342476974,30.03205128205128,4685,2690
train,e2043284-6122-3cc9-a7e7-f091a16361b7,PIT,6.260749255615761,0.01411094239331879,61.544871794871796,9601,2702
train,e28c16d0-084a-3dc4-aad4-9d157ca528de,MIA,3.2492184634529173,0.00871162977943981,82.91082802547771,13017,2666
train,e2de16b1-0ae9-39ad-82fd-edcabb26feca,DTW,4.425944231671295,0.18630209031890146,114.8076923076923,17910,2673
train,e331aa95-3660-3c71-be9e-030bab0b8ee2,PIT,3.472864218491801,0.13695673098767658,83.6923076923077,13056,2692
train,e38c1e1d-f0e9-3d73-8193-29cbea481b4c,MIA,6.014683522800121,0.007390797273762689,54.59615384615385,8517,2672
train,e3a935bf-1428-32a4-8d53-caa71ee3de8f,MIA,2.3985605480807237,0.021605270456848673,80.24203821656052,12598,2703
train,e40d67c5-3749-397e-aa2a-7dfe576a31b0,DTW,1.356960280950812,0.012936403106248258,53.62420382165605,8419,2679
train,e424d4f7-4b28-322f-b630-31d42ae528eb,ATX,3.0718028918703597,0.030891388144232822,34.1656050955414,5364,2682
train,e4279e3e-b7e1-3f43-aeef-2bfa2836dab6,PIT,4.443148621309622,0.014588738470019142,136.98076923076923,21369,2689
train,e453f164-dd36-3f1a-9471-05c2627cbaa5,PIT,3.5621704701772923,0.02184551205532244,111.5732484076433,17517,2680
train,e4d53680-f7ef-364b-91a4-00e5aa91ab9b,WDC,6.52772227397719,0.013379517573125688,121.98726114649682,19152,2701
train,e4f6dbab-f2eb-3bd2-9dbc-88640e3b4a5f,MIA,4.6842851245015575,0.07304115339415526,42.89808917197452,6735,2683
train,e5178032-d260-3bc8-968e-a5cb98b6ae5a,ATX,7.226297843924597,0.011765999681415755,69.92993630573248,10979,2695
train,e574050e-f787-3186-9686-2e9aca8102a0,PIT,1.9352179938995604,0.023983236385693198,239.57324840764332,37613,2652
train,e65e405c-8aea-30f5-a926-1e0fbbeefb9f,MIA,2.927293743698128,0.0037063871296749763,90.6025641025641,14134,2682
train,e66d1403-755b-3f63-938b-a2a69446a48a,ATX,2.88638987407569,0.12237158607383392,73.61146496815287,11557,2702
train,e68d1f0d-eb44-3751-975d-f80609f695ae,WDC,8.628354927640872,0.008316836663449572,42.57051282051282,6641,2696
train,e743b441-ea8a-36d7-8124-f14dfa13a0e6,PIT,5.830979991127981,0.005932610177036097,145.43589743589743,22688,2651
train,e7547e4c-1ebc-3428-8964-a5b91e81098e,PAO,11.052016845621958,0.026564290254910645,52.7515923566879,8282,2677
train,e757cddd-5ff5-305a-af11-d7c6747d3979,PIT,6.499579033626564,0.00824459506336877,36.01923076923077,5619,2677
train,e7e178aa-931a-4674-9bff-9278a54e6aae,MIA,8.89049924652035,0.07981690698497802,87.0880503144654,13847,2702
train,e7e7ebad-79d2-3ae1-95ce-f3035bc8f719,MIA,6.765416474166673,0.13224189789752255,118.44585987261146,18596,2676
train,e88132d0-4512-3d6f-a1c8-f60972332af5,MIA,3.2863874658846695,0.08769514721362978,39.98726114649681,6278,2671
train,e94f58d9-177b-31be-aa05-e6dd10d04124,MIA,2.611624670100535,0.0055382069780885255,92.3974358974359,14414,2673
train,ea6895f2-504b-37b5-bfd0-cbf7017f22c3,WDC,5.523541539484531,0.006985261237309958,132.21319796954316,26046,3364
train,eaaf5ad3-2cec-3369-b3d1-97c737ecaf19,PIT,2.1667002507745954,0.012738302818427263,62.98076923076923,9825,2697
train,eb142141-683a-3a6d-a207-0302b1ff260d,WDC,6.511296994149459,0.009669730700281244,100.17307692307692,15627,2677
train,eb222d5d-0052-3ce7-9b87-19e09054a2c0,WDC,8.03026260711536,0.008623454096749684,101.0,15756,2678
train,eb69a196-fb43-3ddf-9bbe-9d55fa1e8200,PIT,4.114368814775599,0.06246075257417042,122.6624203821656,19258,2694
train,eb777faa-5b76-387e-a408-90524c6f2848,PIT,3.709443307146916,0.1429183946558517,70.87179487179488,11056,2699
train,ebece6dc-ec92-326f-97ed-f66b2970e358,MIA,6.204488427775413,0.008783004708527817,79.48076923076923,12399,2691
train,ec02cf7e-36d3-3e9d-8835-3b6c27975bea,MIA,6.587125647696269,0.020655702222061433,44.35668789808917,6964,2695
train,ec3133b4-2b17-3d49-b78a-4bc480ac5137,MIA,2.8022543372460818,0.04400611577905358,69.24203821656052,10871,2690
train,ed6ad297-ee09-3532-bcfc-c16ad5a05c49,PIT,9.014405168659327,0.012029673682712662,41.67515923566879,6543,2689
train,ed93e1bb-7bbc-3444-8fc8-08a271438fc8,ATX,8.666632489275809,0.021734633932637658,45.254777070063696,7105,2697
train,ede387f4-f390-3f0e-a071-eb543b73ed73,MIA,4.608042707831401,0.008158737717151211,53.611464968152866,8417,2679
train,edf3a727-664e-38be-b990-65d34012d926,PIT,4.523236226479426,0.012115499462334381,107.42038216560509,16865,2648
train,ee27a871-85cf-494c-8519-f54815040af5,MIA,10.768484948502572,0.010157373615406962,64.37735849056604,10236,2703
train,eec8ae97-8de4-354a-b11a-d3a14b276479,MIA,5.353773726758785,0.027092330528478474,150.33333333333334,23452,2689
train,eed8593d-60e3-3e41-9fea-55f544b01749,MIA,4.348464115419197,0.07463569731758443,44.70063694267516,7018,2695
train,ef4a46c4-138e-3478-b94e-3e60a567ec7d,ATX,3.621327025840624,0.10369271923151623,45.12820512820513,7040,2687
train,ef625e46-d0d4-38b9-9403-5614e7b39ec8,MIA,6.218127277471416,0.015438111166274393,80.09615384615384,12495,2697
train,f03bfd11-5ba2-3bc6-ad76-4166b06491f5,PIT,4.448810409400185,0.17574904460348786,57.65384615384615,8994,2705
train,f110598d-7e01-3ed7-a227-4e958987a31f,WDC,4.3130686529554465,0.01689397941683298,72.00636942675159,11305,2678
train,f150d98f-0109-3380-8480-c6846fb8e9c8,PIT,5.237793411019471,0.03358109984397359,44.01923076923077,6867,2704
train,f2b0585b-ada3-3123-963e-14df7d96ca9e,MIA,3.4329996036194297,0.0046954011786140785,103.11464968152866,16189,2676
train,f303e577-a888-30db-97f7-ed36c90227e1,MIA,9.126772809539295,0.03647408339142182,84.2484076433121,13227,2690
train,f3cc42c7-84a8-35c5-8683-13878bb9beeb,WDC,9.552539532228609,0.008576063812750395,72.76923076923077,11352,2685
train,f3d1e3c3-2770-3504-a592-b62619598812,PIT,5.361406888982878,0.07229024304495542,79.5448717948718,12409,2683
train,f3f8f680-e471-3662-a06a-0c00e6d88f43,DTW,1.326604627359506,0.06900652137823314,144.3846153846154,22524,2673
train,f41d0e8f-856e-3f7d-a3f9-ff5ba7c8e06d,PIT,5.369798001243946,0.05800535174502719,80.35668789808918,12616,2694
train,f46707f9-435f-3a06-9017-deae11feab53,MIA,4.678703102035239,0.008778850182593122,74.28025477707007,11662,2691
train,f4c6ade0-7b9e-4ad7-8d86-13d2f4c91499,MIA,4.155098107770559,0.008031517168154938,67.42138364779875,10720,2695
train,f4cb6ba4-cd0f-30cc-9cc9-52bd14bfb3cc,MIA,8.039513488922989,0.010472917075163908,25.506410256410255,3979,2695
train,f4d1a3c3-5002-336b-a67f-775b3725237e,WDC,1.7491588308999528,0.14664339116317537,151.62420382165604,23805,2675
train,f54c1d50-48a3-4651-bfb0-50b87f13dc9e,MIA,6.268291808767627,0.035470104798401916,105.22012578616352,16730,2682
train,f5a3ee79-a131-3f8a-91e9-a6475d778149,DTW,2.5473558741823057,0.02193487236067147,103.15286624203821,16195,2694
train,f61bcee1-2964-3c4b-95a5-697df5f42f47,MIA,1.3639741879442424,0.009292182239800358,77.5448717948718,12097,2682
train,f6350a4f-eee8-31bd-8520-28f9c81c98a8,MIA,9.10228646439927,0.03404241319094209,51.56410256410256,8044,2687
train,f648b945-6c70-3105-bd23-9502894e37d4,DTW,11.298688730744248,0.006534409100753849,50.705128205128204,7910,2657
train,f64ed43e-417a-31ad-a322-b6108bf99a71,PIT,3.281725290168935,0.003268301241734386,138.37579617834396,21725,2668
train,f7cdc2d1-f59a-30a2-aae8-8bb81c769e6e,MIA,4.64939597117741,0.0048578653491694115,133.0955414012739,20896,2674
train,f7cf93d8-f7bd-3799-8500-fbe842a96f63,DTW,7.54553426562489,0.014335523807215242,77.83333333333333,12142,2685
train,f8412dbd-48b9-39f3-b534-08950f6e633b,MIA,8.089244487741151,0.009437165097865841,58.203821656050955,9138,2655
train,f84b4941-8e99-3957-b6f6-db1590338cf6,WDC,4.461171602221364,0.11852305840263637,109.52564102564102,17086,2682
train,f8825b65-5631-3417-8309-bd5677d694aa,PIT,7.674745412378155,0.010779539685511777,35.333333333333336,5512,2681
train,f9f6a7e9-4f79-3fdf-b1a7-ba300622f116,MIA,3.327799394054045,0.034715553088572895,113.6624203821656,17845,2700
train,fa708289-f2b2-399e-989e-53f83fa379c5,DTW,6.55789647312271,0.021025854351724008,80.38216560509554,12620,2693
train,fa9ec72a-cbcf-35dc-be20-4d0d9e7215ef,MIA,3.6514269895845035,0.015768530799127576,45.47133757961783,7139,2690
train,fac8a63c-6b75-39d0-9f57-4344fde0f794,WDC,4.785036036336521,0.02745614394985904,86.05732484076434,13511,2697
train,fb0c5970-dbf7-4c77-b3b6-2c8cc41b9d6f,DTW,3.9811496558201998,0.17122397266152228,35.471698113207545,5640,2684
train,fb149ce0-7706-3bb5-9860-8c63d1c77592,MIA,9.17066456401788,0.008096312295263761,67.41666666666667,10517,2686
train,fb2cce69-655d-3203-990a-74301895408d,MIA,2.915545767347327,0.11486918887409717,106.55128205128206,16622,2673
train,fb720691-1736-3fa2-940b-07b97603efc6,PIT,5.457724392251654,0.012845902407749472,113.58974358974359,17720,2690
train,fd4e2c4c-f7e9-3110-8e32-28d3add3937d,DTW,11.510258128395897,0.027479073163109456,58.64331210191083,9207,2688
train,fd5c6932-2ee2-3cfb-9bdc-0b30bfb33a91,PAO,12.521441279879754,0.010742749401130522,71.19745222929936,11178,2679
train,fdb0578d-4fa7-37a7-b60d-5472b4d39136,MIA,6.0215411309400295,0.07900085567073382,38.67307692307692,6033,2691
train,fdc0f552-4976-36a6-8691-9a8c6a5ba389,WDC,0.016760683414783924,0.0017745328948738565,38.66,5799,2566
train,ff52c01e-3d7b-32b1-b6a1-bcff3459ccdd,WDC,7.0521622881451895,0.15329925704105332,198.5859872611465,31178,2666
train,ff6adc87-5f47-32f7-b36a-546453c0e332,MIA,5.34743281237851,0.01755995357949232,78.94904458598727,12395,2689
train,ff8e7fdb-1073-3592-ba5e-8111bc3ce48b,WDC,8.161431920868965,0.01672309423985128,93.93401015228426,18505,3362
val,02678d04-cc9f-3148-9f95-1ba66347dff9,PIT,6.3090739698911085,0.007398528861899188,33.99363057324841,5337,2671
val,02a00399-3857-444e-8db3-a8f58489c394,MIA,4.750892570914002,0.11536930849827003,19.50314465408805,3101,2687
val,04994d08-156c-3018-9717-ba0e29be8153,PIT,4.701341003686339,0.027292402300884394,99.01923076923077,15447,2662
val,05fa5048-f355-3274-b565-c0ddc547b315,PIT,4.163181056884063,0.042101544035255484,51.56410256410256,8044,2678
val,070bbf42-31d3-3aa9-aca4-c262afc9077d,PIT,8.12050371978086,0.003975599684026733,92.8076923076923,14478,2690
val,0aa4e8f5-2f9a-39a1-8f80-c2fdde4405a2,PIT,2.7506355253256904,0.1149908795020579,37.77564102564103,5893,2686
val,0b5142c1-420b-3fea-9e98-b87327ae22c6,WDC,0.8365003772434241,0.0032149245622075983,43.34615384615385,6762,2683
val,0b86f508-5df9-4a46-bc59-5b9536dbde9f,MIA,9.244487431810573,0.014450850957156779,94.0886075949367,14866,2696
val,0bae3b5e-417d-3b03-abaa-806b433233b8,DTW,2.523272766504554,0.07089180915869459,135.05732484076432,21204,2668
val,0c3bad78-9f1e-395d-a376-2eb7499229fd,WDC,3.431836407219808,0.12259631824644024,56.197452229299365,8823,2685
val,0fb7276f-ecb5-3e5b-87a8-cc74c709c715,MIA,1.7476247959015356,0.08524089373920023,78.08333333333333,12181,2698
val,11ba4e81-c26f-3cd1-827d-b6913bcef64e,MIA,1.782230334562485,0.14608768594047133,103.05732484076434,16180,2696
val,15ec0778-826e-3ed7-9775-54fbf66997f4,MIA,3.2861031444953777,0.17226646756355268,25.337579617834393,3978,2683
val,182ba3f7-b89a-36cc-ae40-32a341b0d3e9,MIA,3.5397385846091622,0.003224261665478281,34.16025641025641,5329,2692
val,185d3943-dd15-397a-8b2e-69cd86628fb7,MIA,1.9412955854372786,0.005573552196615291,111.57961783439491,17518,2695
val,19350c96-623d-4d77-af96-f8c23f00c358,MIA,4.0339703801224385,0.1144811223881933,60.742138364779876,9658,2686
val,19f53e16-9f99-3035-9672-7e860f3b0048,WDC,2.260563876069998,0.00541692734734093,92.96178343949045,14595,2699
val,1da4a0aa-22ae-3958-856d-05303de1f576,WDC,5.517805491362531,0.009977079760882936,91.27741935483871,14148,2677
val,1f434d15-8745-3fba-9c3e-ccb026688397,WDC,2.042079214634811,0.03628439412878405,138.96153846153845,21678,2699
val,201fe83b-7dd7-38f4-9d26-7b4a668638a9,MIA,2.6105270158213245,0.09637573552513488,60.82165605095541,9549,2689
val,20bcd747-ef60-391a-9f4a-ae99f049c260,MIA,2.5965817377083735,0.08927801364091527,93.50641025641026,14587,2684
val,20d47f81-46e8-3adf-a0ca-564fbb5c599d,PIT,4.6194761500337655,0.22664394378878802,60.17948717948718,9388,2676
val,20dd185d-b4eb-3024-a17a-b4e5d8b15b65,DTW,4.484549608502883,0.3247099027402598,112.58883248730965,22180,3345
val,214e388e-cbd7-3dde-a204-d2ec42298808,PIT,7.254181826355453,0.16193675057881535,67.53503184713375,10603,2691
val,22052525-4f85-3fe8-9d7d-000a9fffce36,MIA,1.9856844619195415,0.04236743069804218,57.261146496815286,8990,2684
val,24642607-2a51-384a-90a7-228067956d05,PIT,5.822935184814567,0.01515212617300579,37.717948717948715,5884,2697
val,25e5c600-36fe-3245-9cc0-40ef91620c22,PAO,0.849513184262777,0.002506553937614145,78.28662420382166,12291,2687
val,27be7d34-ecb4-377b-8477-ccfd7cf4d0bc,WDC,6.117814620379183,0.010693264188974047,68.08333333333333,10621,2673
val,27c03d98-6ac3-38a3-ba5e-102b184d01ef,DTW,6.247913489843932,0.0450183141013853,127.2547770700637,19979,2699
val,280269f9-6111-311d-b351-ce9f63f88c81,PIT,4.8039055044991725,0.10396872541984208,163.1464968152866,25614,2661
val,29a00842-ead2-3050-b587-c5ef507e4125,PIT,4.329302688737224,0.028964868135970344,110.20382165605096,17302,2682
val,2c652f9e-8db8-3572-aa49-fae1344a875b,DTW,4.203043385884614,0.017485218297190127,68.57961783439491,10767,2683
val,2e3f2ae7-9ab9-3aef-a3ce-a0a97a0cb1ab,PIT,7.423314229256069,0.006491527093825131,111.93630573248407,17574,2680
val,2f2321d2-7912-3567-a789-25e46a145bda,MIA,6.91194003755076,0.015729041480638244,122.64331210191082,19255,2694
val,2ff4f798-78d9-3384-87e9-61928aa4cb6d,MIA,7.036067954445325,0.03700719998431336,124.28662420382166,19513,2696
val,335aabef-269e-3211-a99d-2c3a3a8f8475,MIA,4.831456123626371,0.13008772045526226,85.78343949044586,13468,2703
val,36aec72e-5086-376c-b109-295b128e77e1,DTW,2.512521145994745,0.007327451622238935,41.7515923566879,6555,2690
val,3b3570b4-7b0b-3268-a571-b0889dbf40b6,MIA,2.8084780402730414,0.11646932937476656,87.02547770700637,13663,2694
val,3bffdcff-c3a7-38b6-a0f2-64196d130958,PIT,4.932899597533085,0.06071038878654173,78.11538461538461,12186,2692
val,3de5b5d6-68c4-3c95-84ed-be7c83d829f8,MIA,4.496895062011979,0.02813465249950838,79.47133757961784,12477,2678
val,42f92807-0c5e-3397-bd45-9d5303b4db2a,DTW,8.106953628924101,0.012927870172219035,39.64331210191083,6224,2688
val,44adf4c4-6064-362f-94d3-323ed42cfda9,WDC,4.694710244008103,0.023925107096968833,89.55128205128206,13970,2662
val,47286726-5dd4-4e26-bd2d-5324f429e445,MIA,2.200646378493745,0.01064478417894271,80.35849056603773,12777,2690
val,472a240a-10cd-39cd-8681-558f7c7cf868,PIT,4.51582385396202,0.02662168626106391,56.10828025477707,8809,2683
val,4c33fc38-5e59-34f8-96ba-4e5a404d3988,WDC,4.78328510211339,0.01206005716193098,22.738853503184714,3570,2692
val,4e3fedbb-847c-3d5b-8a62-c9ff84550985,MIA,7.582484652715004,0.009648483112788524,80.18471337579618,12589,2687
val,51bbdd4d-3065-34ae-b369-b6e0444f34db,MIA,2.732178776636837,0.007228546047539412,190.19108280254778,29860,2660
val,52071780-5758-3ed4-8835-0d64ecdc5575,PIT,6.393723646573997,0.00644101859741157,66.2547770700637,10402,2671
val,52971a8a-ed62-3bfd-bcd4-ca3308b594e0,PIT,5.187569068174684,0.02443758787092649,75.48407643312102,11851,2677
val,544a8102-0ef5-3044-921e-dc0544370376,DTW,8.908319366011549,0.0057376100920346566,32.47770700636943,5099,2706
val,5589de60-1727-3e3f-9423-33437fc5da4b,PIT,1.7483607318731438,0.0017185933793931719,64.08974358974359,9998,2673
val,58e82365-03bc-3b2f-b55a-a4ad0e3e792d,MIA,5.8128273116219695,0.007271852953531125,26.397435897435898,4118,2664
val,58fed0d4-97d5-469b-89a4-4394838e10c7,DTW,5.041099363051448,0.008047439625511925,59.503144654088054,9461,2683
val,5c0584a3-52a6-3029-b6ff-ca45a19d8aa6,MIA,3.48837790192574,0.010179325375090779,52.796178343949045,8289,2703
val,5f278cdd-ca28-3c53-8f5c-04e62308811d,MIA,6.039396067644905,0.006552390704999316,65.14012738853503,10227,2676
val,5f8f4a26-59b1-3f70-bcab-b5e3e615d3bc,PIT,3.447945190579432,0.0030352073831360154,75.15286624203821,11799,2698
val,65387aee-4490-38b9-8f4f-1fc43bd4ac06,DTW,5.279411828163749,0.08959827500129029,29.69871794871795,4633,2695
val,6803104a-bb06-402e-8471-e5af492db0a8,MIA,9.15856194076098,0.006648444426714595,38.465408805031444,6116,2689
val,6aaf5b08-9f84-3a2e-8a32-2e50e5e11a3c,PIT,1.7003649557369669,0.007492267166647975,81.64331210191082,12818,2691
val,6c932547-4c11-31d7-b8ef-0c16a13dbfc3,PIT,4.991429796751389,0.024829983611767144,82.55128205128206,12878,2671
val,6f128f23-ee40-3ea9-8c50-c9cdb9d3e8b6,PIT,1.871982921904757,0.008238035082558551,85.85987261146497,13480,2678
val,7039e410-b5ab-35aa-96bc-2c4b89d3c5e3,DTW,6.277299292241177,0.011175628286097389,109.92993630573248,17259,2688
val,72cf3ca1-1a9e-3254-bca0-29c62521e454,DTW,8.47168463671302,0.005266429697862074,34.12738853503185,5358,2700
val,7606de8d-486c-4916-9cbb-002ee966f834,PIT,3.3781859449316896,0.021985648759023466,42.61635220125786,6776,2685
val,76916359-96f4-3274-81fe-bb145d497c11,MIA,7.011887994639934,0.02428418862891826,105.81410256410257,16507,2682
val,77574006-881f-3bc8-bbb6-81d79cf02d83,MIA,0.39540312166556923,0.022298131171440513,51.46496815286624,8080,2696
val,78683234-e6f1-3e4e-af52-6f839254e4c0,MIA,5.510222192144951,0.014246947886189932,31.21656050955414,4901,2674
val,78da7b7e-8ddf-3c7d-8716-eaa890106dd3,PIT,5.781369939852559,0.008459406766073858,55.88461538461539,8718,2678
val,78f7cb5c-9d51-34f0-b356-9b3d83263c75,PIT,1.8747697506299819,0.07793379169153392,50.77707006369427,7972,2640
val,7a2c222d-addc-30b2-aac6-596cb65a22e3,MIA,5.109880269421262,0.14526367225098163,32.59872611464968,5118,2686
val,7dbc2eac-5871-3480-b322-246e03d954d2,MIA,2.7110350291319976,0.03861691345077381,52.69426751592356,8273,2667
val,7de2e535-81df-3d5f-a5ca-62e4b940eb54,PIT,5.352399367436347,0.016357032383920146,55.8525641025641,8713,2644
val,7e4d67b3-c3cc-3288-afe5-043602ea3c70,MIA,1.370940155966414,0.058942682823812896,82.66666666666667,12896,2671
val,7fab2350-7eaf-3b7e-a39d-6937a4c1bede,PIT,4.161703872266026,0.09031286717127084,72.84615384615384,11364,2706
val,858d739b-a0ba-35aa-bafc-4f7988bcad17,PIT,5.635747959270366,0.026073311895741788,47.47435897435897,7406,2660
val,8749f79f-a30b-3c3f-8a44-dbfa682bbef1,MIA,4.918299292696507,0.007683019528840541,76.37179487179488,11914,2685
val,87ca3d9f-f317-3efb-b1cb-aaaf525227e5,MIA,3.2765207229944004,0.026201911973259374,94.08917197452229,14772,2686
val,88f47a10-87b4-3ea8-a0c7-a07d825b647d,PAO,1.747668130498242,0.008192183349522184,85.05095541401273,13353,2680
val,91aab547-1912-3b8e-8e7f-df3b202147bf,PAO,5.144689849784658,0.004682334343740486,37.57324840764331,5899,2698
val,92b900b1-ac4a-3d41-b118-e42c66382c91,ATX,4.172847228989904,0.15357561690504992,43.87261146496815,6888,2701
val,95bf6003-7068-3a78-a0c0-9e470a06e60f,PIT,3.079979079779201,0.1243855286268841,65.44871794871794,10210,2698
val,96dd6923-994c-3afe-9830-b15bdfd60f64,WDC,5.1557669059476146,0.14634537682262033,110.40127388535032,17333,2662
val,9a448a80-0e9a-3bf0-90f3-21750dfef55a,PIT,7.835470993562937,0.009732451138312182,57.4140127388535,9014,2674
val,9bb1f857-8b61-369f-a537-484c1323ae32,PAO,6.06955541914685,0.04066579731099385,61.69426751592356,9686,2706
val,9e9bcfb7-601d-3d80-bc12-ef7025174beb,PIT,6.321863377333446,0.2304662059022702,64.87261146496816,10185,2665
val,9f871fb4-3b8e-34b3-9161-ed961e71a6da,PIT,1.098865347947623,0.002305788445902808,55.5,8658,2691
val,a060c4c1-b9fc-39c1-9d30-d93a124c9066,PIT,1.6833926315817935,0.01605501386971577,213.4968152866242,33519,2698
val,a1589ae2-2678-310e-91cc-c4b512cd7fa5,MIA,7.392887460938961,0.02426017039512688,18.25,2847,2685
val,a33a44fb-6008-3dc2-b7c5-2d27b70741e8,PIT,7.708304210576847,0.047776307272073784,53.84615384615385,8400,2696
val,a7636fca-4d9e-3052-bef2-af0ce5d1df74,PIT,5.728637514273674,0.2324088479036864,41.89171974522293,6577,2682
val,a91d4c7b-bf55-3a0e-9eba-1a43577bcca8,PAO,5.214827391806571,0.018210447394545165,60.41025641025641,9424,2633
val,adf9a841-e0db-30ab-b5b3-bf0b61658e1e,PIT,2.2512389445590606,0.013931646031967636,42.97435897435897,6704,2704
val,b19f3c1a-a84a-3a2d-8d1b-8a4ae201020b,PIT,1.7851634761207067,0.002688455920065007,66.9171974522293,10506,2681
val,b2053fdc-0b94-30bc-aee7-5bc6fb7e9f52,PIT,8.649426074920486,0.025976981030368725,56.51923076923077,8817,2694
val,b213af37-7d89-342d-ae39-8a3c72159a01,WDC,8.015430823635263,0.05119203008158231,137.5859872611465,21601,2691
val,b50c4763-5d1e-37f4-a009-2244aeebabcd,MIA,5.657022989397429,0.022181804864964072,56.89102564102564,8875,2694
val,b5a7ff7e-d74a-3be6-b95d-3fc0042215f6,ATX,1.107135703920522,0.1689055534356247,57.37179487179487,8950,2692
val,b6500255-eba3-3f77-acfd-626c07aa8621,MIA,2.7838286806033543,0.03468907398966007,65.17834394904459,10233,2689
val,b6e967f6-92bc-3bf5-99c9-1b0c4649fd67,PIT,6.133428740217858,0.00833139761187457,81.81410256410257,12763,2679
val,b8489c02-60d0-3f44-a3b4-9de62830d666,MIA,4.581871535033791,0.00787231557875503,88.93589743589743,13874,2696
val,b87683ae-14c5-321f-8af3-623e7bafc3a7,ATX,4.696371393448056,0.13816697640674785,41.6687898089172,6542,2647
val,ba67827f-6b99-3d2a-96ab-7c829eb999bb,MIA,5.195122670215558,0.00753067248307537,89.87898089171975,14111,2691
val,bbd19ca1-805a-3c22-8df3-cd7501aa06f3,MIA,9.377546387977805,0.005072687404314664,35.12738853503185,5515,2683
val,bd90cd1a-38b6-33b7-adec-ba7d4207a8c0,PIT,4.258063135154344,0.0326364997872733,20.51923076923077,3201,2688
val,bdb9d309-f14b-3ff6-ad1f-5d3f3f95a13e,WDC,3.141457728431115,0.11268178474053837,89.8974358974359,14024,2680
val,bf360aeb-1bbd-3c1e-b143-09cf83e4f2e4,PIT,4.226668890156812,0.0369907721190179,44.31410256410256,6913,2640
val,bf382949-3515-3c16-b505-319442937a43,WDC,11.735386603195153,0.03592225349860815,59.77707006369427,9385,2669
val,c222c78d-b574-4b9d-82e1-96a4f3f8bb27,MIA,6.76386278091612,0.014179580782212825,32.886792452830186,5229,2680
val,c2d44a70-9fd4-3298-ad0a-c4c9712e6f1e,PIT,9.499808721980292,0.014084568974118014,37.59235668789809,5902,2682
val,c85a88a8-c916-30a7-923c-0c66bd3ebbd3,PIT,8.317401513409365,0.010135401393140252,91.18471337579618,14316,2678
val,c865c156-0f26-411c-a16c-be985333f675,MIA,10.775294355696909,0.007789809784649236,58.76100628930818,9343,2688
val,c8ec7be0-92aa-3222-946e-fbcf398c841e,DTW,4.193831708549279,0.04800684700192697,89.29299363057325,14019,2695
val,cae56e40-8470-3c9c-af75-6e444189488f,WDC,9.370667686184667,0.012867171862061906,101.5576923076923,15843,2694
val,cd22abca-9150-3279-87a4-cb00ba517372,PIT,3.604890693195579,0.11968266037974291,77.37820512820512,12071,2687
val,cf5aaa11-4f92-3377-a7a2-861f305023eb,DTW,5.752238138303363,0.0034475075986419423,91.31210191082802,14336,2703
val,d1395998-7e8a-417d-91e9-5ca6ec045ee1,DTW,0.6751704916623655,0.0034349161477542924,43.264900662251655,6533,2566
val,d3ca0450-2167-38fb-b34b-449741cb38f3,DTW,5.771706876027033,0.1719187504794928,31.59235668789809,4960,2699
val,d46ff5df-95e8-32da-a0d7-87f7b976a959,DTW,1.8084650723378286,0.07617051466381503,110.74358974358974,17276,2684
val,d5d6f11c-3026-3e0e-9d67-c111233e22de,PAO,13.351925355814934,0.010501891275515755,80.28662420382166,12605,2670
val,d5fa4d54-74ba-369c-a758-636441ad7f07,MIA,6.085255760865828,0.02151115640902617,117.01273885350318,18371,2680
val,d770f926-bca8-31de-9790-73fbb7b6a890,MIA,2.5328165861441043,0.2170827844939811,104.45222929936305,16399,2706
val,d89f80be-76d0-3853-8daa-76605cf4ce5e,PIT,2.6815347305066295,0.003993338383074209,81.08974358974359,12650,2678
val,da036982-92bf-36a8-b880-4ccf4e20b74e,WDC,5.978044489435865,0.1426771530196336,97.87898089171975,15367,2679
val,dafe14f5-825c-4e7a-9009-6dfdfdd5b030,MIA,6.509060414072968,0.010411069344938323,53.35443037974684,8430,2698
val,dc9077b9-2fe0-3d18-9b97-8067ff090874,MIA,11.33000351625482,0.013744141264105638,23.98076923076923,3741,2675
val,de56b100-508b-3479-81fe-735349f8e8de,ATX,8.173662146618971,0.01833466809765872,51.32692307692308,8007,2710
val,de9cf513-a0cd-3389-bc79-3f9f6f261317,PIT,2.3726446360259774,0.0069122741977393504,55.84076433121019,8767,2676
val,ded5ef6e-46ea-3a66-9180-18a6fa0a2db4,DTW,8.835735406702279,0.04341621204740961,34.8525641025641,5437,2686
val,dfc32963-1524-34f4-9f5e-0292f0f223ae,PIT,3.4667288619372028,0.005564385014749504,81.3525641025641,12691,2687
val,dfc6d65f-20f5-389d-a5cd-81c1c7ecb11f,DTW,1.9868843572273387,0.011267594419204517,78.05128205128206,12176,2691
val,e0ea281b-6956-3605-b720-71b54ec87d25,MIA,5.51267525083149,0.016524291760651587,79.7051282051282,12434,2697
val,e13c06cb-cd01-380e-946f-6d92ac1af49d,WDC,5.943448179808559,0.010143734977371328,146.6624203821656,23026,2698
val,e1d68dde-22a9-3918-a526-0850b21ff2eb,PAO,6.819277653060921,0.013047452076491838,37.89808917197452,5950,2678
val,e2e921fe-e489-3656-a0a2-5e17bd399ddf,WDC,8.900388912751309,0.006698629116966618,32.42307692307692,5058,2680
val,e42aa296-0e5d-4733-87ec-131a82f917bc,MIA,3.044752417920088,0.12791025020985705,131.38364779874215,20890,2656
val,e50e7698-de3d-355f-aca2-eddd09c09533,WDC,4.524165249039859,0.1744393522370952,97.61538461538461,15228,2676
val,e72ef05c-8b94-3885-a34f-fff3b2b954b4,DTW,0.006015904172413042,0.0011765127071667058,81.81528662420382,12845,2693
val,e8c9fd64-fdd2-422d-a2a2-6f47500d1d12,MIA,8.782829286984487,0.00826657693084342,74.76100628930817,11887,2675
val,ecbe6def-7560-352c-8822-b2b92613e1e4,DTW,5.5954804263042295,0.022452345520202175,106.62420382165605,16740,2683
val,eec284b2-840a-3c75-aa42-04d2e309bbe1,MIA,9.188637997347037,0.009943490094246613,20.564102564102566,3208,2695
val,f1275002-842e-3571-8f7d-05816bc7cf56,PIT,3.4502153976051173,0.007372607186899371,92.82051282051282,14480,2700
val,f2576c8a-da9b-450e-88cf-a70af1b0eadf,MIA,3.671408518228636,0.025508687365034727,130.4873417721519,20617,2679
val,f292cc5c-7a90-360d-b62a-074c643bdf59,PIT,5.344625223431411,0.05300265747376018,76.59235668789809,12025,2659
val,f3cd0d0d-8b71-3266-9732-d9f0d5778eb6,WDC,2.2006106404569463,0.006969530908305885,103.98076923076923,16221,2702
val,f4c94798-4d77-36ab-bdc5-c1194e5e7aff,PIT,4.18719512046507,0.2496874848613633,56.46496815286624,8865,2670
val,f668074d-d6c6-3ea7-a7b5-aad0a1203b03,DTW,7.13617395783056,0.004434673004584837,16.423076923076923,2562,2689
val,f6cc0ebf-fc6a-3bf2-8bcb-76d8c43f194e,MIA,6.192852810025366,0.006286211323492707,86.49044585987261,13579,2705
val,fbd62533-2d32-3c95-8590-7fd81bd68c87,PIT,3.4421497595407233,0.019232679026605737,49.12179487179487,7663,2670
val,fbee355f-8878-31fa-8ac8-b9a45a3f130a,PIT,7.761915899234547,0.003968257348566434,110.16025641025641,17185,2677
val,ff0dbfc5-8a7b-3a6e-8936-e5e812e45408,PIT,5.945704768624219,0.005597166286925815,40.60897435897436,6335,2676
