path,file_type,size_bytes,tracked_status,classification,reason,action_taken
.gitattributes,gitattributes,157,tracked,KEEP,,
.gitignore,gitignore,2074,tracked,KEEP,,
.zenodo.json,json,996,tracked,,,
CITATION.cff,cff,687,tracked,KEEP,,
LICENSE,,1076,tracked,KEEP,,
README.md,md,4174,tracked,KEEP,,
RELEASE_NOTES.md,md,1144,tracked,KEEP,,
analysis_manifest.txt,txt,4859,tracked,,,
archive/negative_routes/action_reliability_gate/README.md,md,365,tracked,ARCHIVE_NOTE_ONLY,,
archive/negative_routes/action_reliability_gate/action_ablation.csv,csv,471,tracked,ARCHIVE_NOTE_ONLY,,
archive/negative_routes/action_reliability_gate/leakage_audit.md,md,506,tracked,ARCHIVE_NOTE_ONLY,,
archive/negative_routes/action_reliability_gate/provenance_audit.md,md,578,tracked,ARCHIVE_NOTE_ONLY,,
archive/negative_routes/action_reliability_gate/recalculate_real_metrics.py,py,5651,tracked,ARCHIVE_NOTE_ONLY,,
archive/negative_routes/action_reliability_gate/resume_real_feasibility.py,py,26609,tracked,ARCHIVE_NOTE_ONLY,,
archive/negative_routes/action_reliability_gate/scientific_decision.md,md,377,tracked,ARCHIVE_NOTE_ONLY,,
archive/negative_routes/blocked_annotation_cadence/README.md,md,372,tracked,ARCHIVE_NOTE_ONLY,,
archive/negative_routes/blocked_annotation_cadence/README_original.md,md,453,tracked,ARCHIVE_NOTE_ONLY,,
archive/negative_routes/blocked_annotation_cadence/build_dual_loop_timeline.py,py,20436,tracked,ARCHIVE_NOTE_ONLY,,
archive/negative_routes/blocked_annotation_cadence/leakage_audit.md,md,647,tracked,ARCHIVE_NOTE_ONLY,,
archive/negative_routes/blocked_annotation_cadence/reuse_audit.md,md,1505,tracked,ARCHIVE_NOTE_ONLY,,
archive/negative_routes/blocked_annotation_cadence/scientific_decision.md,md,648,tracked,ARCHIVE_NOTE_ONLY,,
archive/negative_routes/blocked_annotation_cadence/timing_audit.csv,csv,2754,tracked,ARCHIVE_NOTE_ONLY,,
archive/negative_routes/dual_loop_visual_residual/README.md,md,359,tracked,ARCHIVE_NOTE_ONLY,,
archive/negative_routes/dual_loop_visual_residual/README_original.md,md,303,tracked,ARCHIVE_NOTE_ONLY,,
archive/negative_routes/dual_loop_visual_residual/leakage_audit.md,md,720,tracked,ARCHIVE_NOTE_ONLY,,
archive/negative_routes/dual_loop_visual_residual/model_comparison.csv,csv,2564,tracked,ARCHIVE_NOTE_ONLY,,
archive/negative_routes/dual_loop_visual_residual/run_dual_loop_500ms.py,py,36380,tracked,ARCHIVE_NOTE_ONLY,,
archive/negative_routes/dual_loop_visual_residual/scientific_decision.md,md,482,tracked,ARCHIVE_NOTE_ONLY,,
archive/negative_routes/sindy_and_biological_routes/README.md,md,270,tracked,ARCHIVE_NOTE_ONLY,,
archive/synthetic_invalid/README.md,md,406,tracked,ARCHIVE_NOTE_ONLY,,
configs/av2_confirmation.yaml,yaml,315,tracked,KEEP,,
configs/av2_development_logs.txt,txt,3040,tracked,KEEP,,
configs/av2_extension_logs.txt,txt,1709,tracked,KEEP,,
configs/av2_heldout_logs.txt,txt,1900,tracked,KEEP,,
configs/av2_method_frozen.yaml,yaml,1299,tracked,KEEP,,
configs/av2_model_selection_logs.txt,txt,760,tracked,KEEP,,
configs/causal_gate_frozen.yaml,yaml,1696,tracked,KEEP,,
configs/nuscenes_500ms_reproduction.yaml,yaml,210,tracked,KEEP,,
data/README.md,md,275,tracked,REMOVE_PRIVATE,,
docs/active_scope.md,md,842,tracked,KEEP,,
docs/analysis_closure/causal_gate_analysis.md,md,470,tracked,KEEP,,
docs/analysis_closure/causal_gate_leakage_resolution.md,md,1156,tracked,KEEP,,
docs/analysis_closure/current_detector_unit_audit.md,md,324,tracked,KEEP,,
docs/analysis_closure/extension_cohort_audit.md,md,1013,tracked,KEEP,,
docs/analysis_closure/failure_mechanism_analysis.md,md,788,tracked,KEEP,,
docs/analysis_closure/final_scientific_decision.md,md,1250,tracked,KEEP,,
docs/analysis_closure/full_frame_inference.md,md,550,tracked,KEEP,,
docs/analysis_closure/leakage_audit.md,md,722,tracked,KEEP,,
docs/analysis_closure/provenance_audit.md,md,566,tracked,KEEP,,
docs/analysis_closure/recovery_audit.md,md,5207,tracked,KEEP,,
docs/analysis_closure/repository_status.md,md,6836,tracked,KEEP,,
docs/analysis_closure/rtdetr_architecture_audit.md,md,675,tracked,KEEP,,
docs/analysis_closure/rtdetr_diagnostic_scope.md,md,304,tracked,KEEP,,
docs/analysis_closure/runtime_analysis.md,md,489,tracked,KEEP,,
docs/analysis_closure/sensitivity_analysis.md,md,589,tracked,KEEP,,
docs/analysis_closure/test_report.txt,txt,100,tracked,KEEP,,
docs/analysis_closure/test_summary.md,md,745,tracked,KEEP,,
docs/analysis_closure/tracker_baseline_analysis.md,md,786,tracked,KEEP,,
docs/archived_routes.md,md,943,tracked,KEEP,,
docs/av2_model_execution_trace.md,md,3801,tracked,KEEP,,
docs/cleanup_manifest.csv,csv,1111,tracked,KEEP,,
docs/confirmatory_result_freeze.md,md,2834,tracked,KEEP,,
docs/environment.md,md,313,tracked,KEEP,,
docs/frozen_method_specification.md,md,935,tracked,KEEP,,
docs/novelty_assessment.md,md,693,tracked,KEEP,,
docs/pre_pivot_file_inventory.csv,csv,17357285,tracked,REGENERABLE,,
docs/related_method_matrix.csv,csv,665,tracked,KEEP,,
docs/release_audit/removal_manifest.md,md,556,tracked,KEEP,,
docs/repository_pivot_audit.md,md,1617,tracked,KEEP,,
docs/sivp_compute_freeze.md,md,301,tracked,KEEP,,
docs/sivp_reproduction.md,md,684,tracked,KEEP,,
docs/sivp_strengthening_freeze.md,md,5627,tracked,KEEP,,
manuscript.tex,tex,31759,tracked,KEEP_FINAL,,
pyproject.toml,toml,823,tracked,KEEP,,
requirements.txt,txt,262,tracked,KEEP,,
results/analysis_closure/causal_gate_bootstrap_recalculated.csv,csv,127,tracked,KEEP_FINAL,,
results/analysis_closure/causal_gate_cohort_audit.csv,csv,66,tracked,KEEP_FINAL,,
results/analysis_closure/causal_gate_feature_audit.csv,csv,353,tracked,KEEP_FINAL,,
results/analysis_closure/causal_gate_leakage_trace.csv,csv,458,tracked,KEEP_FINAL,,
results/analysis_closure/causal_gate_recalculated.csv,csv,346,tracked,KEEP_FINAL,,
results/analysis_closure/cohort_overlap_matrix.csv,csv,444,tracked,KEEP_FINAL,,
results/analysis_closure/current_detector_unit_audit.csv,csv,7864,tracked,KEEP_FINAL,,
results/analysis_closure/extension_cohort_flow.csv,csv,199,tracked,KEEP_FINAL,,
results/analysis_closure/extension_exclusions.csv,csv,9488,tracked,KEEP_FINAL,,
results/analysis_closure/failure_mechanism_by_detector.csv,csv,695,tracked,KEEP_FINAL,,
results/analysis_closure/failure_mechanism_by_latency.csv,csv,1325,tracked,KEEP_FINAL,,
results/analysis_closure/failure_mechanisms_recalculated.csv,csv,9603,tracked,KEEP_FINAL,,
results/analysis_closure/full_frame_bootstrap.csv,csv,78575,tracked,KEEP_FINAL,,
results/analysis_closure/full_frame_localization_bootstrap.csv,csv,8948,tracked,KEEP_FINAL,,
results/analysis_closure/full_frame_localization_metrics.csv,csv,3968,tracked,KEEP_FINAL,,
results/analysis_closure/full_frame_log_contrasts.csv,csv,78575,tracked,KEEP_FINAL,,
results/analysis_closure/full_frame_metrics_recalculated.csv,csv,84485,tracked,KEEP_FINAL,,
results/analysis_closure/headline_recalculation.csv,csv,1202,tracked,KEEP_FINAL,,
results/analysis_closure/input_file_inventory.csv,csv,94172,tracked,KEEP_FINAL,,
results/analysis_closure/leakage_findings.csv,csv,152,tracked,KEEP_FINAL,,
results/analysis_closure/process_inventory.csv,csv,47,tracked,KEEP_FINAL,,
results/analysis_closure/process_inventory_final.csv,csv,173920,tracked,KEEP_FINAL,,
results/analysis_closure/process_inventory_final_raw.csv,csv,171497,tracked,KEEP_FINAL,,
results/analysis_closure/provenance_findings.csv,csv,109,tracked,KEEP_FINAL,,
results/analysis_closure/rtdetr_bootstrap_recalculated.csv,csv,333,tracked,KEEP_FINAL,,
results/analysis_closure/rtdetr_completion_audit.csv,csv,2697,tracked,KEEP_FINAL,,
results/analysis_closure/rtdetr_primary_recalculation.csv,csv,4735,tracked,KEEP_FINAL,,
results/analysis_closure/runtime_recalculated.csv,csv,2950,tracked,KEEP_FINAL,,
results/analysis_closure/sensitivity_bootstrap.csv,csv,6092,tracked,KEEP_FINAL,,
results/analysis_closure/sensitivity_recalculated.csv,csv,6623,tracked,KEEP_FINAL,,
results/analysis_closure/test_results.txt,txt,322,tracked,,,
results/analysis_closure/tracker_baselines_recalculated.csv,csv,10660,tracked,KEEP_FINAL,,
results/analysis_closure/tracker_contrasts_recalculated.csv,csv,28080,tracked,KEEP_FINAL,,
results/av2_confirmation/README.md,md,421,tracked,,,
results/av2_confirmation/aggregate_metrics.csv,csv,60289,tracked,KEEP_FINAL,,
results/av2_confirmation/bootstrap_intervals.csv,csv,2627,tracked,KEEP_FINAL,,
results/av2_confirmation/causality_audit.md,md,487,tracked,,,
results/av2_confirmation/class_mapping.csv,csv,620,tracked,KEEP_FINAL,,
results/av2_confirmation/cohort_source_metadata.csv,csv,97814,tracked,KEEP_FINAL,,
results/av2_confirmation/corrected_propagation_integrity.csv,csv,469161,tracked,KEEP_FINAL,,
results/av2_confirmation/corrected_propagation_integrity.md,md,781,tracked,,,
results/av2_confirmation/corrected_row_level_agreement.csv,csv,208,tracked,KEEP_FINAL,,
results/av2_confirmation/data_presence_audit.md,md,901,tracked,,,
results/av2_confirmation/detector_comparison.csv,csv,9533,tracked,KEEP_FINAL,,
results/av2_confirmation/download_manifest.csv,csv,24937426,tracked,REGENERABLE,,
results/av2_confirmation/duplicate_prediction_audit.md,md,1774,tracked,,,
results/av2_confirmation/final_results_summary.md,md,585,tracked,,,
results/av2_confirmation/heldout_primary_metrics.csv,csv,3362,tracked,KEEP_FINAL,,
results/av2_confirmation/high_yaw_metrics.csv,csv,18547,tracked,KEEP_FINAL,,
results/av2_confirmation/high_yaw_threshold.json,json,462,tracked,,,
results/av2_confirmation/latency_comparison.csv,csv,23809,tracked,KEEP_FINAL,,
results/av2_confirmation/latency_pairs.parquet,parquet,2708215,tracked,REGENERABLE,,
results/av2_confirmation/leakage_audit.md,md,1888,tracked,,,
results/av2_confirmation/metric_recalculation.csv,csv,112737,tracked,KEEP_FINAL,,
results/av2_confirmation/model_comparison.csv,csv,2467,tracked,KEEP_FINAL,,
results/av2_confirmation/model_coordinate_hashes.csv,csv,35780,tracked,KEEP_FINAL,,
results/av2_confirmation/motion_input_audit.csv,csv,1365,tracked,KEEP_FINAL,,
results/av2_confirmation/motion_input_distributions.csv,csv,1018,tracked,KEEP_FINAL,,
results/av2_confirmation/negative_controls.csv,csv,1822,tracked,KEEP_FINAL,,
results/av2_confirmation/negative_controls_audit_sample.csv,csv,14933,tracked,KEEP_FINAL,,
results/av2_confirmation/negative_controls_per_log.csv,csv,137669,tracked,KEEP_FINAL,,
results/av2_confirmation/negative_controls_recovered.csv,csv,4271,tracked,KEEP_FINAL,,
results/av2_confirmation/object_motion_contribution.csv,csv,1149,tracked,KEEP_FINAL,,
results/av2_confirmation/per_log_metrics.csv,csv,1185407,tracked,KEEP_FINAL,,
results/av2_confirmation/propagation_distinctness_audit.csv,csv,51759,tracked,KEEP_FINAL,,
results/av2_confirmation/row_level_recalculation_summary.csv,csv,454,tracked,KEEP_FINAL,,
results/av2_confirmation/run_manifest.json,json,2801,tracked,,,
results/av2_confirmation/runtime_method.md,md,998,tracked,,,
results/av2_confirmation/runtime_metrics.csv,csv,175,tracked,KEEP_FINAL,,
results/av2_confirmation/runtime_recovery.csv,csv,2072,tracked,KEEP_FINAL,,
results/av2_confirmation/scientific_decision.md,md,1068,tracked,,,
results/av2_confirmation/statistical_tests.csv,csv,2295,tracked,KEEP_FINAL,,
results/av2_confirmation/timing_audit.csv,csv,16189,tracked,KEEP_FINAL,,
results/av2_confirmation/yaw_join_audit.csv,csv,2191,tracked,KEEP_FINAL,,
results/manuscript_strengthening_20260719/analysis_completion_report.md,md,3003,tracked,,,
results/manuscript_strengthening_20260719/class_breakdown.md,md,64,tracked,,,
results/manuscript_strengthening_20260719/class_breakdown_all_yaw.csv,csv,1050,tracked,KEEP_FINAL,,
results/manuscript_strengthening_20260719/class_breakdown_bootstrap.csv,csv,166,tracked,KEEP_FINAL,,
results/manuscript_strengthening_20260719/class_breakdown_bootstrap_complete.csv,csv,517,tracked,KEEP_FINAL,,
results/manuscript_strengthening_20260719/class_breakdown_primary.csv,csv,1042,tracked,KEEP_FINAL,,
results/manuscript_strengthening_20260719/input_manifest.json,json,587,tracked,,,
results/manuscript_strengthening_20260719/iou_sensitivity.csv,csv,657,tracked,KEEP_FINAL,,
results/manuscript_strengthening_20260719/iou_sensitivity_complete.csv,csv,2116,tracked,KEEP_FINAL,,
results/manuscript_strengthening_20260719/reconnaissance.md,md,577,tracked,,,
results/manuscript_strengthening_20260719/runtime_instrumentation.csv,csv,274,tracked,KEEP_FINAL,,
results/manuscript_strengthening_20260719/runtime_instrumentation_complete.csv,csv,661,tracked,KEEP_FINAL,,
results/manuscript_strengthening_20260719/velocity_sign_agreement.csv,csv,103,tracked,KEEP_FINAL,,
results/manuscript_strengthening_20260719/velocity_sign_agreement_complete.csv,csv,963,tracked,KEEP_FINAL,,
results/nuscenes_500ms_reproduction/README.md,md,303,tracked,,,
results/nuscenes_500ms_reproduction/b4_bootstrap_intervals.csv,csv,3460,tracked,KEEP_FINAL,,
results/nuscenes_500ms_reproduction/b4_class_metrics.csv,csv,9136,tracked,KEEP_FINAL,,
results/nuscenes_500ms_reproduction/b4_compute_time.csv,csv,32702,tracked,KEEP_FINAL,,
results/nuscenes_500ms_reproduction/b4_distance_metrics.csv,csv,2009,tracked,KEEP_FINAL,,
results/nuscenes_500ms_reproduction/b4_scene_metrics.csv,csv,9646,tracked,KEEP_FINAL,,
results/nuscenes_500ms_reproduction/b4_yaw_metrics.csv,csv,2013,tracked,KEEP_FINAL,,
results/nuscenes_500ms_reproduction/compute_time.csv,csv,50303,tracked,KEEP_FINAL,,
results/nuscenes_500ms_reproduction/confirmed_model_comparison.csv,csv,1041,tracked,KEEP_FINAL,,
results/nuscenes_500ms_reproduction/confirmed_predictions.parquet,parquet,1010390,tracked,REGENERABLE,,
results/nuscenes_500ms_reproduction/eligible_pairs.csv,csv,49122,tracked,KEEP_FINAL,,
results/nuscenes_500ms_reproduction/high_yaw_metrics.csv,csv,18684,tracked,KEEP_FINAL,,
results/nuscenes_500ms_reproduction/leakage_audit.md,md,720,tracked,,,
results/nuscenes_500ms_reproduction/lidar_depth_estimates.parquet,parquet,153251,tracked,REGENERABLE,,
results/nuscenes_500ms_reproduction/loop_ablation.csv,csv,1081,tracked,KEEP_FINAL,,
results/nuscenes_500ms_reproduction/model_comparison.csv,csv,2564,tracked,KEEP_FINAL,,
results/nuscenes_500ms_reproduction/negative_controls.csv,csv,1309,tracked,KEEP_FINAL,,
results/nuscenes_500ms_reproduction/propagated_boxes.parquet,parquet,2463271,tracked,REGENERABLE,,
results/nuscenes_500ms_reproduction/reproduction_audit.md,md,1425,tracked,,,
results/nuscenes_500ms_reproduction/run_manifest.json,json,2708,tracked,,,
results/nuscenes_500ms_reproduction/scene_heldout_metrics.csv,csv,50131,tracked,KEEP_FINAL,,
results/nuscenes_500ms_reproduction/scientific_decision.md,md,482,tracked,,,
results/object_motion_harm/benefit_probability_model.csv,csv,16880,tracked,KEEP_FINAL,,
results/object_motion_harm/bootstrap_reversal.csv,csv,141033,tracked,KEEP_FINAL,,
results/object_motion_harm/component_effects_by_detector.csv,csv,32218,tracked,KEEP_FINAL,,
results/object_motion_harm/component_interactions.csv,csv,497772,tracked,KEEP_FINAL,,
results/object_motion_harm/component_substitution.csv,csv,38692,tracked,KEEP_FINAL,,
results/object_motion_harm/covariate_shift_analysis.csv,csv,742,tracked,KEEP_FINAL,,
results/object_motion_harm/cross_dataset_harmonization.csv,csv,1317,tracked,KEEP_FINAL,,
results/object_motion_harm/failure_mechanism_summary.csv,csv,5485,tracked,KEEP_FINAL,,
results/object_motion_harm/figures/figure_1_expected_vs_observed.csv,csv,200,tracked,KEEP_FINAL,,
results/object_motion_harm/figures/figure_1_expected_vs_observed.pdf,pdf,14578,tracked,KEEP_FINAL,,
results/object_motion_harm/figures/figure_1_expected_vs_observed.png,png,51407,tracked,KEEP_FINAL,,
results/object_motion_harm/figures/figure_1_expected_vs_observed.svg,svg,40695,tracked,KEEP_FINAL,,
results/object_motion_harm/figures/figure_2_paired_logs.csv,csv,6403,tracked,KEEP_FINAL,,
results/object_motion_harm/figures/figure_2_paired_logs.pdf,pdf,14703,tracked,KEEP_FINAL,,
results/object_motion_harm/figures/figure_2_paired_logs.png,png,95972,tracked,KEEP_FINAL,,
results/object_motion_harm/figures/figure_2_paired_logs.svg,svg,48822,tracked,KEEP_FINAL,,
results/object_motion_harm/figures/figure_3_component_substitution.csv,csv,525,tracked,KEEP_FINAL,,
results/object_motion_harm/figures/figure_3_component_substitution.pdf,pdf,14143,tracked,KEEP_FINAL,,
results/object_motion_harm/figures/figure_3_component_substitution.png,png,52949,tracked,KEEP_FINAL,,
results/object_motion_harm/figures/figure_3_component_substitution.svg,svg,40304,tracked,KEEP_FINAL,,
results/object_motion_harm/figures/figure_4_harm_probability.csv,csv,2936,tracked,KEEP_FINAL,,
results/object_motion_harm/figures/figure_4_harm_probability.pdf,pdf,19892,tracked,KEEP_FINAL,,
results/object_motion_harm/figures/figure_4_harm_probability.png,png,120564,tracked,KEEP_FINAL,,
results/object_motion_harm/figures/figure_4_harm_probability.svg,svg,69361,tracked,KEEP_FINAL,,
results/object_motion_harm/figures/figure_5_cross_dataset_reversal.csv,csv,790,tracked,KEEP_FINAL,,
results/object_motion_harm/figures/figure_5_cross_dataset_reversal.pdf,pdf,13793,tracked,KEEP_FINAL,,
results/object_motion_harm/figures/figure_5_cross_dataset_reversal.png,png,63503,tracked,KEEP_FINAL,,
results/object_motion_harm/figures/figure_5_cross_dataset_reversal.svg,svg,34502,tracked,KEEP_FINAL,,
results/object_motion_harm/figures/figure_6_gate_recommendation.csv,csv,939,tracked,KEEP_FINAL,,
results/object_motion_harm/figures/figure_6_gate_recommendation.pdf,pdf,13744,tracked,KEEP_FINAL,,
results/object_motion_harm/figures/figure_6_gate_recommendation.png,png,55571,tracked,KEEP_FINAL,,
results/object_motion_harm/figures/figure_6_gate_recommendation.svg,svg,37092,tracked,KEEP_FINAL,,
results/object_motion_harm/final_results_summary.md,md,724,tracked,,,
results/object_motion_harm/frozen_benefit_probability_model.joblib,joblib,10442,tracked,,,
results/object_motion_harm/frozen_gate_specification.json,json,664,tracked,,,
results/object_motion_harm/frozen_gate_specification.md,md,609,tracked,,,
results/object_motion_harm/gate_heldout_results.csv,csv,3077,tracked,KEEP_FINAL,,
results/object_motion_harm/influence_analysis.csv,csv,11893,tracked,KEEP_FINAL,,
results/object_motion_harm/leakage_audit.md,md,508,tracked,,,
results/object_motion_harm/operating_envelope.csv,csv,10505,tracked,KEEP_FINAL,,
results/object_motion_harm/oracle_diagnostics.csv,csv,1509390,tracked,KEEP_FINAL,,
results/object_motion_harm/per_log_reversal.csv,csv,612199,tracked,KEEP_FINAL,,
results/object_motion_harm/provenance_audit.md,md,1642,tracked,,,
results/object_motion_harm/recalculation_audit.md,md,614,tracked,,,
results/object_motion_harm/reversal_explanation.md,md,1151,tracked,,,
results/object_motion_harm/reversal_recalculation.csv,csv,14933,tracked,KEEP_FINAL,,
results/object_motion_harm/run_manifest.json,json,2727,tracked,,,
results/object_motion_harm/runtime_metrics.csv,csv,2072,tracked,KEEP_FINAL,,
results/object_motion_harm/scientific_decision.md,md,1038,tracked,,,
results/sivp_strengthening/README.md,md,1204,tracked,,,
results/sivp_strengthening/architecture_interaction.csv,csv,1383,tracked,KEEP_FINAL,,
results/sivp_strengthening/causal_gate_bootstrap.csv,csv,562,tracked,KEEP_FINAL,,
results/sivp_strengthening/causal_gate_calibration.csv,csv,1853,tracked,KEEP_FINAL,,
results/sivp_strengthening/causal_gate_leakage_audit.md,md,836,tracked,,,
results/sivp_strengthening/causal_gate_model_spec.json,json,861,tracked,,,
results/sivp_strengthening/causal_gate_per_log.csv,csv,28817,tracked,KEEP_FINAL,,
results/sivp_strengthening/causal_gate_results.csv,csv,800,tracked,KEEP_FINAL,,
results/sivp_strengthening/compute_output_manifest.csv,csv,397293,tracked,KEEP_FINAL,,
results/sivp_strengthening/current_detector_completion_audit.csv,csv,7724,tracked,KEEP_FINAL,,
results/sivp_strengthening/end_to_end_bootstrap_intervals.csv,csv,34307,tracked,KEEP_FINAL,,
results/sivp_strengthening/end_to_end_per_log_metrics.csv,csv,3031097,tracked,KEEP_FINAL,,
results/sivp_strengthening/extension_completion_audit.csv,csv,2235,tracked,KEEP_FINAL,,
results/sivp_strengthening/extension_data_integrity.md,md,127,tracked,,,
results/sivp_strengthening/extension_download_manifest.csv,csv,4811329,tracked,KEEP_FINAL,,
results/sivp_strengthening/extension_download_summary.json,json,209,tracked,,,
results/sivp_strengthening/extension_freeze_manifest.json,json,590,tracked,,,
results/sivp_strengthening/extension_latency_pairs.parquet,parquet,539766,tracked,REGENERABLE,,
results/sivp_strengthening/extension_metadata_freeze.csv,csv,5908,tracked,KEEP_FINAL,,
results/sivp_strengthening/failure_sensitivity.csv,csv,4633,tracked,KEEP_FINAL,,
results/sivp_strengthening/frozen_causal_gate.joblib,joblib,2897,tracked,,,
results/sivp_strengthening/full_frame_detection_metrics.csv,csv,27733,tracked,KEEP_FINAL,,
results/sivp_strengthening/leakage_audit.md,md,506,tracked,,,
results/sivp_strengthening/metric_recalculation.csv,csv,5673,tracked,KEEP_FINAL,,
results/sivp_strengthening/persistent_object_detection_metrics.csv,csv,30449,tracked,KEEP_FINAL,,
results/sivp_strengthening/provenance_audit.md,md,499,tracked,,,
results/sivp_strengthening/replacement_agent_recovery.md,md,4959,tracked,,,
results/sivp_strengthening/replacement_checkpoint_inventory.csv,csv,32008,tracked,KEEP_FINAL,,
results/sivp_strengthening/replacement_process_inventory.csv,csv,478,tracked,KEEP_FINAL,,
results/sivp_strengthening/rtdetr_completion_audit.csv,csv,3469,tracked,KEEP_FINAL,,
results/sivp_strengthening/third_detector_bootstrap.csv,csv,29874,tracked,KEEP_FINAL,,
results/sivp_strengthening/third_detector_end_to_end_bootstrap.csv,csv,17337,tracked,KEEP_FINAL,,
results/sivp_strengthening/third_detector_end_to_end_per_log_metrics.csv,csv,1564129,tracked,KEEP_FINAL,,
results/sivp_strengthening/third_detector_full_frame_detection_metrics.csv,csv,15375,tracked,KEEP_FINAL,,
results/sivp_strengthening/third_detector_manifest.json,json,1042,tracked,,,
results/sivp_strengthening/third_detector_metrics.csv,csv,92610,tracked,KEEP_FINAL,,
results/sivp_strengthening/third_detector_per_log_metrics.csv,csv,2129829,tracked,KEEP_FINAL,,
results/sivp_strengthening/third_detector_persistent_object_detection_metrics.csv,csv,16057,tracked,KEEP_FINAL,,
results/sivp_strengthening/tracker_baselines.csv,csv,20189,tracked,KEEP_FINAL,,
results/sivp_strengthening/tracker_bootstrap_intervals.csv,csv,33153,tracked,KEEP_FINAL,,
results/sivp_strengthening/tracker_failure_mechanisms.csv,csv,3005,tracked,KEEP_FINAL,,
results/sivp_strengthening/tracker_manifest.json,json,1552,tracked,,,
results/sivp_strengthening/tracker_per_log_metrics.csv,csv,1284317,tracked,KEEP_FINAL,,
results/sivp_strengthening/tracker_runtime.csv,csv,1167,tracked,KEEP_FINAL,,
scripts/analysis_closure_ff_localization.py,py,3870,tracked,,,
scripts/analysis_closure_finalization.py,py,7637,tracked,,,
scripts/analysis_closure_fix_gate_leakage.py,py,2351,tracked,,,
scripts/analysis_closure_step10_runtime.py,py,3301,tracked,,,
scripts/analysis_closure_step11_leakage.py,py,2787,tracked,,,
scripts/analysis_closure_step12_provenance.py,py,3451,tracked,,,
scripts/analysis_closure_step13_headline.py,py,3379,tracked,,,
scripts/analysis_closure_step15_decision.py,py,1994,tracked,,,
scripts/analysis_closure_step16_manifest.py,py,768,tracked,,,
scripts/analysis_closure_step1_recovery.py,py,2573,tracked,,,
scripts/analysis_closure_step2_audit104.py,py,2159,tracked,,,
scripts/analysis_closure_step3_tracker.py,py,5393,tracked,,,
scripts/analysis_closure_step4_rtdetr.py,py,4347,tracked,,,
scripts/analysis_closure_step5_fullframe.py,py,4113,tracked,,,
scripts/analysis_closure_step6_causalgate.py,py,4025,tracked,,,
scripts/analysis_closure_step7_extension_audit.py,py,3991,tracked,,,
scripts/analysis_closure_step8_failure.py,py,3904,tracked,,,
scripts/analysis_closure_step9_sensitivity.py,py,4599,tracked,,,
scripts/analysis_closure_test_runner.py,py,1702,tracked,,,
scripts/analyze_cross_dataset_reversal.py,py,12421,tracked,,,
scripts/analyze_sivp_failure_sensitivity.py,py,5212,tracked,,,
scripts/audit_av2_corrected_outputs.py,py,5916,tracked,,,
scripts/audit_av2_invalid_propagation.py,py,9582,tracked,,,
scripts/audit_metric_stage.py,py,1840,tracked,,,
scripts/audit_sivp_strengthening.py,py,8240,tracked,,,
scripts/audit_step2.py,py,3179,tracked,,,
scripts/audit_step3.py,py,2105,tracked,,,
scripts/benchmark_av2_propagation.py,py,5701,tracked,,,
scripts/bootstrap_object_components.py,py,2606,tracked,,,
scripts/build_av2_extension_pairs.py,py,3198,tracked,,,
scripts/build_av2_latency_pairs.py,py,5024,tracked,,,
scripts/consolidate_object_motion_components.py,py,5627,tracked,,,
scripts/consolidate_sivp_end_to_end.py,py,4365,tracked,,,
scripts/create_object_motion_figures.py,py,6630,tracked,,,
scripts/download_av2_cohort.py,py,3175,tracked,,,
scripts/download_av2_extension.py,py,2635,tracked,,,
scripts/evaluate_causal_gate_extension.py,py,8691,tracked,,,
scripts/export_benefit_model_coefficients.py,py,1230,tracked,,,
scripts/finalize_object_motion_harm.py,py,8955,tracked,,,
scripts/finalize_sivp_end_to_end.py,py,13150,tracked,,,
scripts/finalize_sivp_tracker_baselines.py,py,5501,tracked,,,
scripts/finalize_third_detector_results.py,py,3700,tracked,,,
scripts/finish_av2_confirmatory_analysis.py,py,22727,tracked,,,
scripts/fit_causal_gate.py,py,7781,tracked,,,
scripts/fit_object_motion_gate.py,py,14042,tracked,,,
scripts/freeze_av2_extension.py,py,3280,tracked,,,
scripts/prepare_av2_cohort.py,py,9928,tracked,,,
scripts/queue_post_rtdetr.ps1,ps1,1064,tracked,,,
scripts/recalculate_av2_sample.py,py,23801,tracked,,,
scripts/recalculate_object_motion_reversal.py,py,9842,tracked,,,
scripts/recover_av2_yaw.py,py,5823,tracked,,,
scripts/repair14.py,py,6128,tracked,,,
scripts/repair2.py,py,1673,tracked,,,
scripts/repair35.py,py,3909,tracked,,,
scripts/repair_final.py,py,4605,tracked,,,
scripts/repository_inventory.py,py,1542,tracked,,,
scripts/reproduce_nuscenes_reproduction.py,py,10307,tracked,,,
scripts/reproduce_sivp_strengthening.ps1,ps1,880,tracked,,,
scripts/repropagate_nuscenes_common.py,py,9317,tracked,,,
scripts/run_av2_corrected_negative_controls.py,py,7844,tracked,,,
scripts/run_av2_corrected_propagation.py,py,11545,tracked,,,
scripts/run_av2_extension_propagation.py,py,2489,tracked,,,
scripts/run_av2_negative_control_sample.py,py,4865,tracked,,,
scripts/run_extension_gpu_pipeline.ps1,ps1,538,tracked,,,
scripts/run_object_motion_components.py,py,28380,tracked,,,
scripts/run_rtdetr_av2.py,py,5522,tracked,,,
scripts/run_sivp_end_to_end.py,py,13779,tracked,,,
scripts/run_sivp_tracker_baselines.py,py,7277,tracked,,,
scripts/run_third_cpu_pipeline.ps1,ps1,1785,tracked,,,
scripts/run_third_detector_propagation.py,py,3041,tracked,,,
scripts/run_yolo_av2_extension.py,py,2903,tracked,,,
scripts/strengthening_task1.py,py,1200,tracked,,,
scripts/strengthening_task2.py,py,5352,tracked,,,
scripts/strengthening_task3.py,py,1255,tracked,,,
scripts/strengthening_task4.py,py,1645,tracked,,,
scripts/strengthening_task5.py,py,1973,tracked,,,
src/latency_compensation/__init__.py,py,77,tracked,KEEP,,
src/latency_compensation/association.py,py,504,tracked,KEEP,,
src/latency_compensation/av2_models.py,py,2041,tracked,KEEP,,
src/latency_compensation/baselines.py,py,334,tracked,KEEP,,
src/latency_compensation/causal_trackers.py,py,10080,tracked,KEEP,,
src/latency_compensation/datasets.py,py,1249,tracked,KEEP,,
src/latency_compensation/ego_motion.py,py,780,tracked,KEEP,,
src/latency_compensation/geometry.py,py,1337,tracked,KEEP,,
src/latency_compensation/metrics.py,py,1104,tracked,KEEP,,
src/latency_compensation/object_motion.py,py,2397,tracked,KEEP,,
src/latency_compensation/object_motion_harm.py,py,8910,tracked,KEEP,,
src/latency_compensation/propagation.py,py,638,tracked,KEEP,,
src/latency_compensation/provenance.py,py,448,tracked,KEEP,,
src/latency_compensation/run_confirmation.py,py,9647,tracked,KEEP,,
src/latency_compensation/statistics.py,py,1301,tracked,KEEP,,
src/latency_compensation/synchronization.py,py,570,tracked,KEEP,,
src/latency_compensation/visualization.py,py,106,tracked,KEEP,,
tests/test_core.py,py,3062,tracked,,,
tests/test_object_motion_harm.py,py,4160,tracked,,,
