scene_name,source_frame_token,target_frame_token,flow_method,flow_inliers,background_flow_ms,b3_b4_box_warp_ms,b5_total_overhead_ms
scene-0061,e3d495d4ac534d54b321f50006683844,4b6870ae200c4b969b91c50a9737f712,orb_ransac,149,1913.307700000587,6.790699997509364,1920.0983999980963
scene-0061,d0d9ef23e3934ea09d55afdc24db9827,74e7a9260c5d45b78b831528b62daf41,orb_ransac,140,31.12370000599185,9.22530000389088,40.34900000988273
scene-0061,74e7a9260c5d45b78b831528b62daf41,21ca7cbfbde14f088143cf001570d01b,orb_ransac,176,29.024700001173187,6.637999998929445,35.66270000010263
scene-0061,ddbc1befa70f4b49a0824f63a920676b,33b500c9cc824733a47bfe2c3ea33202,orb_ransac,236,30.24310000182595,8.899999993445817,39.14309999527177
scene-0061,c311678f400e471d84e785652dd87a7a,885472e412f4499cacf2f4796c309276,orb_ransac,201,28.985800003283657,9.253600001102313,38.23940000438597
scene-0061,885472e412f4499cacf2f4796c309276,e41335fbfc1645faa5a532a62df1fe68,orb_ransac,212,29.670200005057268,10.316399995645043,39.98660000070231
scene-0061,81b6368f6af9417684cefeb6661a14e7,a61bfbde6877413386a772591617f38d,orb_ransac,210,29.274600005010143,9.462399997573812,38.737000002583954
scene-0061,a61bfbde6877413386a772591617f38d,ad609ca688444331b3218f664d644473,orb_ransac,228,30.75610000087181,12.931299999763723,43.687400000635535
scene-0061,ad609ca688444331b3218f664d644473,3ead6ff0cd324d92918112dfcf400343,orb_ransac,171,31.93910000118194,12.605900003109127,44.54500000429107
scene-0061,5941e77ca4bd478e99e17114ca8759ab,e0bc3ff06fe348fdb56039c640be0ac3,orb_ransac,234,37.52559999702498,11.06419999996433,48.58979999698931
scene-0061,e0bc3ff06fe348fdb56039c640be0ac3,0b2eb9c1cd1b45f0b1664a01684c5767,orb_ransac,210,29.71840000100201,5.693999999493826,35.412400000495836
scene-0061,0b2eb9c1cd1b45f0b1664a01684c5767,357a06d0a5a44506b161c072c7247807,orb_ransac,229,30.666099999507423,5.657299996528309,36.32339999603573
scene-0061,357a06d0a5a44506b161c072c7247807,5aed4c34988b4c18a33c69ddcddb6010,orb_ransac,270,28.79459999530809,5.833700000948738,34.62829999625683
scene-0061,5aed4c34988b4c18a33c69ddcddb6010,c8623ea6d2774a3aa81255a117ba2319,orb_ransac,358,32.91370000079041,7.474500001990236,40.38820000278065
scene-0061,c8623ea6d2774a3aa81255a117ba2319,06c1523315b14aa7a0dfa4afacafb9e6,orb_ransac,381,33.99750000244239,6.623700006457511,40.621200008899905
scene-0061,06c1523315b14aa7a0dfa4afacafb9e6,c9d8cf50e42b47fa9a0bbd923e5e9c30,orb_ransac,435,34.67069999896921,4.597799998009577,39.26849999697879
scene-0061,addcad764798404b8141c9d40b413e73,426b7a257a5a4fcbbf1086a335f9c648,orb_ransac,355,32.95110000181012,2.9580999980680645,35.90919999987818
scene-0061,8fe9b9f55bd14e25b8fde193d6b6a503,4bc3a28622964e9f9ab28a68614189f1,orb_ransac,475,35.01210000104038,1.5276999984052964,36.53979999944568
scene-0061,6c913201b35146eea7a2ed8c3fe43887,6bd85a6773944798ae0be117d40d4fdc,orb_ransac,833,33.6066000018036,1.4114000005065463,35.018000002310146
scene-0061,6bd85a6773944798ae0be117d40d4fdc,b81fa956bfd84063b59401acce77dc12,orb_ransac,937,35.68950000044424,1.4135000019450672,37.10300000238931
scene-0061,95c58e12ca3d488b8101ff7f15737eb8,5979f20786b745c5b05c21d8badc2ed8,orb_ransac,1065,31.8909000052372,1.3126000048941933,33.20350001013139
scene-0061,5979f20786b745c5b05c21d8badc2ed8,64fcc224844b41179faa673670804b54,orb_ransac,1012,29.697300000407267,1.555899994855281,31.25319999526255
scene-0061,64fcc224844b41179faa673670804b54,174d78fa966f42f9a9732ff84de02418,orb_ransac,918,30.55789999780245,1.23899999744026,31.79689999524271
scene-0061,174d78fa966f42f9a9732ff84de02418,3789c6c9d01449e7baf981a6f185825d,orb_ransac,938,35.853000001225155,2.0318000024417415,37.884800003666896
scene-0061,3789c6c9d01449e7baf981a6f185825d,518c6dcad243448abf03cf28b2b09d60,orb_ransac,1042,29.018099994573276,0.8428000001003966,29.860899994673673
scene-0061,518c6dcad243448abf03cf28b2b09d60,de48c26fdae74181bf94ee9cd7d5f61f,orb_ransac,968,30.01590000349097,1.9371000016690232,31.953000005159993
scene-0061,de48c26fdae74181bf94ee9cd7d5f61f,8efbcbcd8e4848eda3f213f562191f2a,orb_ransac,885,30.630000001110602,2.322599997569341,32.95259999867994
scene-0061,6c8111f474b943f589b4da1e3444c1c0,bf8c213cfaad4861907cd2677dc2dbcd,orb_ransac,660,33.12839999853168,2.576200000476092,35.70459999900777
scene-0103,4f5e35aa6c6a426ca945e206fb2f4921,ba01f58b926a472b9d146cb5a54e9a2e,orb_ransac,177,30.24060000461759,7.100599999830592,37.34120000444818
scene-0103,ba01f58b926a472b9d146cb5a54e9a2e,a4f0ea2892094f4586a0e2c84f456d8e,orb_ransac,155,32.708099999581464,9.231299998646136,41.9393999982276
scene-0103,a4f0ea2892094f4586a0e2c84f456d8e,78c6783107c4461e830783480eeda657,orb_ransac,147,32.685500002116896,10.442299993883353,43.12779999600025
scene-0103,78c6783107c4461e830783480eeda657,fa18edcec56e4a87a5cbd9e04a2f3a09,orb_ransac,150,36.987999999837484,14.284099997894373,51.27209999773186
scene-0103,fa18edcec56e4a87a5cbd9e04a2f3a09,42563f19747741318b4983bbc61a47b1,orb_ransac,160,29.017600005317945,10.508899998967536,39.52650000428548
scene-0103,42563f19747741318b4983bbc61a47b1,a1e3e016cc5442b7b9c84652615b24f7,orb_ransac,222,28.908500004035886,11.78510000318056,40.693600007216446
scene-0103,a1e3e016cc5442b7b9c84652615b24f7,054c2431ba324912bb4799b9217f5b7b,orb_ransac,252,31.91359999618726,11.133899999549612,43.04749999573687
scene-0103,054c2431ba324912bb4799b9217f5b7b,94449679456646028efd31ec73c6ae47,orb_ransac,305,27.61639999516774,10.339100001147017,37.95549999631476
scene-0103,94449679456646028efd31ec73c6ae47,350b563e0523486391eba9d010337e2d,orb_ransac,341,33.397400002286304,12.198299998999573,45.59570000128588
scene-0103,350b563e0523486391eba9d010337e2d,3d1b68481c894b0c84291b7d923e2e23,orb_ransac,276,33.041499998944346,13.191500001994427,46.23300000093877
scene-0103,3d1b68481c894b0c84291b7d923e2e23,579c17cec3f94f0cbb84b8b95590841c,orb_ransac,339,36.847100003797095,10.821500000020023,47.66860000381712
scene-0103,579c17cec3f94f0cbb84b8b95590841c,f9b9612d1bec41cf974eb41c202759f7,orb_ransac,356,28.597499993338715,10.44739999633748,39.044899989676196
scene-0103,c6de74ea1ed34b1fa6e084304bfdc184,562a992ab3724ba1873439cb5aa79c5f,orb_ransac,407,28.66550000180723,9.514999997918494,38.180499999725726
scene-0103,562a992ab3724ba1873439cb5aa79c5f,a1c59120cae444969fe633dce315bfaf,orb_ransac,441,28.213099998538382,9.39220000145724,37.60529999999562
scene-0103,a1c59120cae444969fe633dce315bfaf,46424bca0dce47e4b112431ecf260696,orb_ransac,542,28.545699999085627,11.086699996667448,39.632399995753076
scene-0103,d05e01e43df24e35a7b4f11647e250f6,c78c89d264e64b1f9f8542e5817fc6f1,orb_ransac,458,27.464899998449255,11.759200002416037,39.22410000086529
scene-0103,c78c89d264e64b1f9f8542e5817fc6f1,d9a8ad39503a411a8eb7501846d8dfc9,orb_ransac,413,28.15530000225408,11.975499997788575,40.130800000042655
scene-0103,d9a8ad39503a411a8eb7501846d8dfc9,30f3278766a040469851546a499aeddd,orb_ransac,450,29.66809999634279,13.185899995733052,42.85399999207584
scene-0103,45b3945365d04b589a4e3d9d9588b934,aaeca9b158db49e697a4fc155f783dfa,orb_ransac,518,28.084699995815754,15.996900001482572,44.081599997298326
scene-0103,aaeca9b158db49e697a4fc155f783dfa,4d56d35168514019a3f2f6f39b1b54d5,orb_ransac,509,31.139400001848117,17.949000000953674,49.08840000280179
scene-0103,4d56d35168514019a3f2f6f39b1b54d5,47bac577996844c78919b53fa36cf1ed,orb_ransac,494,38.794500003859866,17.239500004507136,56.034000008367
scene-0103,47bac577996844c78919b53fa36cf1ed,3152f3fe99a545b3a7af4019965f4973,orb_ransac,468,30.298699995910283,21.263000002363697,51.56169999827398
scene-0103,3152f3fe99a545b3a7af4019965f4973,2548b0212b9b4356b3754f9aff505fba,orb_ransac,494,36.36650000407826,15.555800004221965,51.922300008300226
scene-0103,2548b0212b9b4356b3754f9aff505fba,8464c748ca5f460dba24b50a233692e4,orb_ransac,450,29.33109999867156,18.180400002165698,47.51150000083726
scene-0103,8464c748ca5f460dba24b50a233692e4,43690f8cf9e8472eae04d06de838217a,orb_ransac,450,28.817500002332963,18.2795000000624,47.09700000239536
scene-0103,883020ef0286455bbb4b91bc12f642ac,6d2aceca30d140c2ada255c5289f2589,orb_ransac,338,28.56400000018766,16.11859999684384,44.6825999970315
scene-0103,6d2aceca30d140c2ada255c5289f2589,16c0e0687dda444285817f7ccd3387b5,orb_ransac,286,30.41289999964647,12.990499999432359,43.40339999907883
scene-0103,16c0e0687dda444285817f7ccd3387b5,059ffc35578745c3b625011b0479a4fa,orb_ransac,353,28.37590000126511,12.633899998036213,41.00979999930132
scene-0103,ae6645e8bf474b65b19a69bf71fe90a3,87723668b00f419ba263ab062d14bd13,orb_ransac,306,31.045700001413934,14.783999999053776,45.82970000046771
scene-0103,2d3b48e3840244c7b681cb6e63e2c123,0f4c0e7301424f2996d87a86902aafe9,orb_ransac,339,28.23329999955604,13.085900005535223,41.31920000509126
scene-0103,0f4c0e7301424f2996d87a86902aafe9,aeffd15cbe594a9a81b26d8bb8d15f3d,orb_ransac,319,28.052699999534525,10.048900003312156,38.10160000284668
scene-0103,aeffd15cbe594a9a81b26d8bb8d15f3d,1afba7064f794174a68582db8e099c80,orb_ransac,304,30.561599996872246,6.22529999964172,36.78689999651397
scene-0553,ca953b73b68c4855887802390c30d1d2,03bcdd9ceeb5403880dbea94d82fd645,orb_ransac,1776,37.12620000442257,0.8511000050930306,37.9773000095156
scene-0553,03bcdd9ceeb5403880dbea94d82fd645,8c66f270e43e4e49b3636b2ee042f96d,orb_ransac,1809,53.73269999836339,0.7698999979766086,54.502599996339995
scene-0553,8c66f270e43e4e49b3636b2ee042f96d,9e3b30e1496741bfa6593673ac3d3b30,orb_ransac,1798,33.653799997409806,1.817800002754666,35.47160000016447
scene-0553,9e3b30e1496741bfa6593673ac3d3b30,9ac08955983e41ea8f4bf16b49bfa79c,orb_ransac,1808,39.24589999951422,2.2017999945092015,41.447699994023424
scene-0553,9ac08955983e41ea8f4bf16b49bfa79c,6e76f277e47547bca0e38099ce01da54,orb_ransac,1797,29.73109999584267,2.1777000001748092,31.90879999601748
scene-0553,6e76f277e47547bca0e38099ce01da54,85b9d897bc9d4d7094696a5a356b29f0,orb_ransac,1810,30.602300001191907,1.8497000055504031,32.45200000674231
scene-0553,85b9d897bc9d4d7094696a5a356b29f0,435543e1321b411ea5c930633e0883d9,orb_ransac,1718,31.60080000088783,2.3237999994307756,33.924600000318605
scene-0553,435543e1321b411ea5c930633e0883d9,cf3f00e98842449696a4cb4edb1e1c5e,orb_ransac,1675,29.80639999441337,3.2731999963289127,33.07959999074228
scene-0553,cf3f00e98842449696a4cb4edb1e1c5e,c7f783fe8173446383bfbbb7a783517f,orb_ransac,1492,28.848200003267266,1.9729999985429458,30.82120000181021
scene-0553,c7f783fe8173446383bfbbb7a783517f,a409449573af464c9cd6775837c45967,orb_ransac,1400,28.68070000113221,2.5154999966616742,31.196199997793883
scene-0553,a409449573af464c9cd6775837c45967,45d02c618f34449bb7587ff6caf120ae,orb_ransac,1027,28.662999997322913,3.250800000387244,31.913799997710157
scene-0553,45d02c618f34449bb7587ff6caf120ae,3fb6c2eacb2e4361bb5d5aa092c4ff8f,orb_ransac,876,28.297100005147513,6.335400001262315,34.63250000640983
scene-0553,23e08a928077488685ab3138f3e4164f,f8ec648a57f24d988bd07305abf8b77f,orb_ransac,1588,28.558799996972084,4.155999995418824,32.71479999239091
scene-0553,f8ec648a57f24d988bd07305abf8b77f,36287d40e88a4ac9bb64cf4e8c166d1f,orb_ransac,1554,30.114799999864772,7.864100000006147,37.97889999987092
scene-0553,36287d40e88a4ac9bb64cf4e8c166d1f,29cfc6babdba4e7ebad782f6d551033f,orb_ransac,1596,28.99780000007013,3.3611999970162287,32.35899999708636
scene-0553,29cfc6babdba4e7ebad782f6d551033f,5479effa00bf4d01b96e1ec77065c977,orb_ransac,1563,29.369100004259963,3.4414999972796068,32.81060000153957
scene-0553,5479effa00bf4d01b96e1ec77065c977,836281904290463cafe2059d05d2b474,orb_ransac,1489,29.542200005380437,5.583599995588884,35.12580000096932
scene-0553,836281904290463cafe2059d05d2b474,defde01fa5594f18b24be8fe68e6f2c4,orb_ransac,1435,32.154200001969,6.271099999139551,38.42530000110855
scene-0553,defde01fa5594f18b24be8fe68e6f2c4,6e8383a5f5ba4334b4cb40e0663acdaa,orb_ransac,1511,31.084599999303464,7.552499999292195,38.63709999859566
scene-0553,6e8383a5f5ba4334b4cb40e0663acdaa,7b90568403b64fba883c052427b76f24,orb_ransac,1523,28.909300002851523,6.830099999206141,35.739400002057664
scene-0553,7b90568403b64fba883c052427b76f24,be0d41d37aac4b3c9771e1bafe72ff41,orb_ransac,1443,32.417499998700805,6.227199999557342,38.64469999825815
scene-0553,c218bb82f11c47bc864e72a3e26db2c9,706bc4ecedb1483485dd25b2cdb79b1e,orb_ransac,1314,29.444699997839052,10.143800005607773,39.588500003446825
scene-0553,706bc4ecedb1483485dd25b2cdb79b1e,63f667397e55468ea55cec6ca099d5e8,orb_ransac,1325,31.003900003270246,10.45690000319155,41.460800006461795
scene-0553,63f667397e55468ea55cec6ca099d5e8,5a997f9d82874cc99e166b81c4cda2ad,orb_ransac,1423,28.853700001491234,5.4755000019213185,34.32920000341255
scene-0553,5a997f9d82874cc99e166b81c4cda2ad,b379e0c083e349d9b3eda2b1f817535d,orb_ransac,1356,28.35610000329325,9.490299999015406,37.846400002308656
scene-0553,b71a3ed2e4cc4c3b9add0925bcefe743,8b448769529640509f5481de4976963e,orb_ransac,1410,28.904899998451583,10.358500003349036,39.26340000180062
scene-0553,8b448769529640509f5481de4976963e,549a0000f3a545239b5c6142fab2d9f2,orb_ransac,1453,28.34659999643918,9.012800001073629,37.35939999751281
scene-0553,549a0000f3a545239b5c6142fab2d9f2,28e5177a5fc44a4aa8e813306e614927,orb_ransac,1487,29.463000006217044,7.343600002059247,36.80660000827629
scene-0553,28e5177a5fc44a4aa8e813306e614927,358ec472650f42d4b6c27686ee2e0d39,orb_ransac,1455,28.819600003771484,6.221000003279187,35.04060000705067
scene-0553,358ec472650f42d4b6c27686ee2e0d39,7036599cb4d44e9d98c2cfad3332c4f6,orb_ransac,1427,27.941300002567004,5.126399999426212,33.06770000199322
scene-0553,7036599cb4d44e9d98c2cfad3332c4f6,cd8a6fbb4c0a42138792b0b3515b363b,orb_ransac,1445,28.618199998163618,5.539099998713937,34.157299996877555
scene-0553,cd8a6fbb4c0a42138792b0b3515b363b,0839e821f0794b05a0f0dc6cce034265,orb_ransac,1525,27.497500006575137,5.590699998720083,33.08820000529522
scene-0553,0839e821f0794b05a0f0dc6cce034265,1f9771d7882744aba57113fd8b40e294,orb_ransac,1640,29.307899996638298,7.332100001804065,36.63999999844236
scene-0553,aeae6f7b9b154cae9dfbd64705a4e540,bd0ce9c48550446fa13676c7703a70c1,orb_ransac,1759,27.438199998869095,4.2389999944134615,31.677199993282557
scene-0655,d35f5f1183da4cd9a744d9e265a6e40a,8ba2ea656c09414c90b1a5d4b6f4130b,orb_ransac,256,27.65930000168737,16.681499997503124,44.340799999190494
scene-0655,92f4ee9bea444cfba6ddde21cbb47f06,d30a9add52b347b281114af3fe6b2578,orb_ransac,261,28.193699996336363,15.016200006357394,43.20990000269376
scene-0655,709c0afde9fa407ca2d077e4eb1c95c2,94d08cc4745c4568a1e454c42ba46a6f,orb_ransac,192,29.02929999982007,11.315399999148212,40.34469999896828
scene-0655,94d08cc4745c4568a1e454c42ba46a6f,60ade2dececb46c69b114ce4c8a0bd3e,orb_ransac,221,32.61970000312431,9.421800001291558,42.041500004415866
scene-0655,9fbe4358464342a6a4bc929412b3b358,acd8c59c4b564ebb8e7f52086c9b7ec7,orb_ransac,261,29.260399998747744,12.56170000124257,41.822099999990314
scene-0655,acd8c59c4b564ebb8e7f52086c9b7ec7,39f56d2899ee4d43b18c28382c9e4400,orb_ransac,195,27.680799998051953,9.622499994293321,37.30329999234527
scene-0655,5c430f75813e4eeb8375623c95d3a615,9107e849634e4f23854b83f40aeb9c6f,orb_ransac,232,27.60330000455724,8.036599996557925,35.639900001115166
scene-0655,9107e849634e4f23854b83f40aeb9c6f,ade3d836ced34b1ab037f0b2f15b9615,orb_ransac,229,28.543699998408556,7.572299997264054,36.11599999567261
scene-0655,ade3d836ced34b1ab037f0b2f15b9615,7d017f5a0bda42e0968d127852faac11,orb_ransac,225,28.95340000395663,7.162300003983546,36.11570000794018
scene-0655,7d017f5a0bda42e0968d127852faac11,7689f1f8b5d5419cab590af0ddc27942,orb_ransac,187,29.597600005217828,9.023800004797522,38.62140001001535
scene-0655,7689f1f8b5d5419cab590af0ddc27942,3318c79c35d349fbb576dc709b78ade5,orb_ransac,196,29.792299996188376,8.857000000716653,38.64929999690503
scene-0655,3318c79c35d349fbb576dc709b78ade5,23377008bf0e4963b2f250660894e337,orb_ransac,229,30.90420000080485,10.248900005535688,41.15310000634054
scene-0655,23377008bf0e4963b2f250660894e337,e338ac946fcd4e9eb46097083b5682e9,orb_ransac,205,28.843400003097486,12.345399998594075,41.18880000169156
scene-0655,1a91b5a0d17840ac98fcd256523bf9ad,e5237a3e9a6c4f7793b6381fd5c6c4e5,orb_ransac,228,28.410500002792105,13.61150000593625,42.022000008728355
scene-0655,e5237a3e9a6c4f7793b6381fd5c6c4e5,7c5a49ef75ba4c0b8b56146112b55b91,orb_ransac,233,29.01739999651909,14.632300000812393,43.64969999733148
scene-0655,7c5a49ef75ba4c0b8b56146112b55b91,0d6e66783980495e8fad51cec76bb44d,orb_ransac,286,27.684900000167545,12.30760000180453,39.992500001972076
scene-0655,0d6e66783980495e8fad51cec76bb44d,f62878a493ea46e3b60bd312dfac2334,orb_ransac,302,30.66640000179177,18.474299999070354,49.140700000862125
scene-0655,f62878a493ea46e3b60bd312dfac2334,db33b7a532744b56b05413a8323a6b87,orb_ransac,316,27.815200002805796,10.657200000423472,38.47240000322927
scene-0655,db33b7a532744b56b05413a8323a6b87,3f09ac5ffc0745eca86d75b5e3db3f49,orb_ransac,262,29.231499996967614,14.21180000033928,43.443299997306895
scene-0655,3f09ac5ffc0745eca86d75b5e3db3f49,281af8097e0d404f8a1964b0a87e947b,orb_ransac,226,31.865700002526864,7.6726999977836385,39.5384000003105
scene-0655,281af8097e0d404f8a1964b0a87e947b,12e63e9ea8e345509b55ec661a911318,orb_ransac,221,31.04150000581285,6.432500005757902,37.47400001157075
scene-0655,12e63e9ea8e345509b55ec661a911318,092cdc4f4b8c41568ad30f0235556538,orb_ransac,170,28.46280000085244,5.471900003612973,33.93470000446541
scene-0655,092cdc4f4b8c41568ad30f0235556538,078b27dc1d57494887cba9e4e511ddeb,orb_ransac,178,29.196900002716575,2.5355000034323893,31.732400006148964
scene-0655,078b27dc1d57494887cba9e4e511ddeb,e4b019462e2f4e39944b5a5a9c349b2d,orb_ransac,191,30.062700003327336,4.823999996006023,34.88669999933336
scene-0655,e4b019462e2f4e39944b5a5a9c349b2d,97a4892cd1bf408f8bd707be081c791c,orb_ransac,234,29.99909999925876,4.066000001330394,34.065100000589155
scene-0655,427ebabc32f24b3f90bc66ea1a13cf01,dd1b722645744b3eb49fdad74b765c4f,orb_ransac,250,29.78630000143312,3.385399999388028,33.17170000082115
scene-0655,8f4376cb2da3448abf42221512917c4d,e1a0ecd338d943b790f553972f2c9068,orb_ransac,295,28.85450000030687,2.5485000005573966,31.403000000864267
scene-0655,16cd95c28f0642bca8f6f8017c5410d3,b79f8bcaf26944f9bbc08c928602a4e0,orb_ransac,234,30.072300003666896,3.6088999986532144,33.68120000232011
scene-0655,b79f8bcaf26944f9bbc08c928602a4e0,8140e0d584a448ddac2befd221508790,orb_ransac,193,27.936200000112876,2.822599999490194,30.75879999960307
scene-0655,8140e0d584a448ddac2befd221508790,5a00ce5d429a48038aec0e2f252db7e3,orb_ransac,264,31.229699998220894,1.9709000043803826,33.20060000260128
scene-0757,b04ad7e3c86d47fc98dba25595b2327e,9ce08dbf60bb4b22a952e11f56504292,orb_ransac,354,29.015000000072177,1.4855999979772605,30.500599998049438
scene-0757,9ce08dbf60bb4b22a952e11f56504292,f921ab741862402aa867b4cd7ceb3d40,orb_ransac,415,32.74029999738559,0.8097000027191825,33.550000000104774
scene-0757,f921ab741862402aa867b4cd7ceb3d40,5e862f5aad0444f199824efc78edfff0,orb_ransac,419,27.969900002062786,1.0770000008051284,29.046900002867915
scene-0757,85640ff86e61419993ae9a3f9ac456eb,bf4b00d2af9344c3b3f444206f75cf14,orb_ransac,359,29.13049999915529,2.2039999967091717,31.334499995864462
scene-0757,bf4b00d2af9344c3b3f444206f75cf14,5cfd339fb1cc4c84881d9bf2a48e1f46,orb_ransac,314,28.918800002429634,2.7317999993101694,31.650600001739804
scene-0757,5cfd339fb1cc4c84881d9bf2a48e1f46,b732ab7ce371484b93ba0c2d2b2f9ae7,orb_ransac,299,29.89969999907771,3.8141000040923245,33.713800003170036
scene-0757,b732ab7ce371484b93ba0c2d2b2f9ae7,b4f9181a80034d22972433e4d1dd9f9e,orb_ransac,303,27.71290000237059,4.983600003470201,32.69650000584079
scene-0757,b4f9181a80034d22972433e4d1dd9f9e,b7b3ad2c218c4192ab958334ea15303f,orb_ransac,287,30.75140000146348,5.08790000458248,35.83930000604596
scene-0757,b7b3ad2c218c4192ab958334ea15303f,c33b84588ead4a609f195d2c4fb56801,orb_ransac,287,28.051099994627293,4.452299996046349,32.50339999067364
scene-0757,c33b84588ead4a609f195d2c4fb56801,f331f492972540ab8e843d484ac6919e,orb_ransac,288,27.749300003051758,4.114700001082383,31.86400000413414
scene-0757,f331f492972540ab8e843d484ac6919e,6830e208ec3b444f878c8f5c11135dc6,orb_ransac,295,31.13350000057835,5.378800000471529,36.51230000104988
scene-0757,6830e208ec3b444f878c8f5c11135dc6,35480f511677406fa35386f153291792,orb_ransac,335,28.952799999387935,3.65619999502087,32.608999994408805
scene-0757,35480f511677406fa35386f153291792,f1680ea9126e468ca407f7284efc980c,orb_ransac,312,27.425600004789885,3.1502999991062097,30.575900003896095
scene-0757,f1680ea9126e468ca407f7284efc980c,731b03604b4849f0aa646d0b46571451,orb_ransac,454,26.20310000202153,4.1080999944824725,30.311199996504
scene-0757,731b03604b4849f0aa646d0b46571451,19f4244aa37b42a49a005b8ea6d53953,orb_ransac,594,26.969200000166893,3.7192000017967075,30.6884000019636
scene-0757,19f4244aa37b42a49a005b8ea6d53953,e30d5ecf0fd6418089112b4e4811737c,orb_ransac,741,27.91579999757232,4.661799997847993,32.577599995420314
scene-0757,e30d5ecf0fd6418089112b4e4811737c,3cd43f6baa4e444999eef6cb1c89416a,orb_ransac,913,28.560499995364808,2.0817999975406565,30.642299992905464
scene-0757,3cd43f6baa4e444999eef6cb1c89416a,76542abab799469cbfb7b293c83192aa,orb_ransac,760,32.40439999353839,2.052100004220847,34.45649999775924
scene-0757,76542abab799469cbfb7b293c83192aa,0a7aef80edbc4854bcd781a3becb943c,orb_ransac,758,29.002700001001358,3.9405000061378814,32.94320000713924
scene-0757,0a7aef80edbc4854bcd781a3becb943c,deb67484315f4ba8b56ea8f03ef3d444,orb_ransac,731,28.272999996261206,4.776100002345629,33.049099998606835
scene-0757,deb67484315f4ba8b56ea8f03ef3d444,73fffafd944c4c42a32cfcaeeafc4944,orb_ransac,754,27.93579999706708,3.796700002567377,31.732499999634456
scene-0757,73fffafd944c4c42a32cfcaeeafc4944,f225d67c5e1e4f2e8f86fd9b7d2cb9e1,orb_ransac,702,28.28839999710908,3.0960000003688037,31.384399997477885
scene-0757,f225d67c5e1e4f2e8f86fd9b7d2cb9e1,d507acb08ec94f00b54bd650bb4b1c52,orb_ransac,720,30.39530000387458,5.8723999973153695,36.26770000118995
scene-0757,d507acb08ec94f00b54bd650bb4b1c52,17b8884e21844ad9bf5df19a141a1156,orb_ransac,892,27.607399999396876,3.088099998421967,30.695499997818843
scene-0757,17b8884e21844ad9bf5df19a141a1156,eeed80879b3d4580804a0da6bf9c84e2,orb_ransac,906,28.928799998539034,3.9334999964921735,32.86229999503121
scene-0757,eeed80879b3d4580804a0da6bf9c84e2,881817a81bab4d8488464ac42db89f5f,orb_ransac,839,32.72999999899184,4.665400003432296,37.39540000242414
scene-0757,881817a81bab4d8488464ac42db89f5f,7b6c123b090340358e642a70c6fda96d,orb_ransac,732,30.573700001696125,7.025599996268284,37.59929999796441
scene-0757,7b6c123b090340358e642a70c6fda96d,fc4cba53bd2c4923b17da19b2e6e44fa,orb_ransac,798,30.387699996936135,4.789899998286273,35.17759999522241
scene-0757,fc4cba53bd2c4923b17da19b2e6e44fa,e26810c28df44cefa069778865bd832c,orb_ransac,947,27.091100004327018,4.663100000470877,31.754200004797895
scene-0757,e26810c28df44cefa069778865bd832c,df1863e3fe614f288a9974d619343050,orb_ransac,842,33.50499999942258,3.3856999943964183,36.890699993819
scene-0757,df1863e3fe614f288a9974d619343050,9b6ce88572b947b3b8e141c8bfe96f5b,orb_ransac,1004,29.12839999771677,4.144600003201049,33.27300000091782
scene-0757,9b6ce88572b947b3b8e141c8bfe96f5b,beea8d83b337481799c36c6561ec3de6,orb_ransac,962,28.50110000144923,4.02070000563981,32.52180000708904
scene-0757,beea8d83b337481799c36c6561ec3de6,452cb8aa72de4124907764018407b8d8,orb_ransac,1154,31.477900003665127,3.421699999307748,34.899600002972875
scene-0757,452cb8aa72de4124907764018407b8d8,834ce773cfa04be8b56d9614ed1dcf7f,orb_ransac,1230,30.24399999412708,2.6875999974436127,32.93159999157069
scene-0757,834ce773cfa04be8b56d9614ed1dcf7f,50e02dd80f9444a194abe8acae4bb211,orb_ransac,1334,29.242399999930058,2.4611000044387765,31.703500004368834
scene-0757,50e02dd80f9444a194abe8acae4bb211,029dc949763249ddbeb3f756cb7b259f,orb_ransac,1427,28.94610000657849,0.850799995532725,29.796900002111215
scene-0757,029dc949763249ddbeb3f756cb7b259f,f059772e809443b787af4bb7c60c094a,orb_ransac,1114,29.99610000551911,1.719399995636195,31.715500001155306
scene-0757,f059772e809443b787af4bb7c60c094a,d209059d97174d28a279f467e9cf89f0,orb_ransac,907,27.457999996840954,2.47500000114087,29.932999997981824
scene-0757,d209059d97174d28a279f467e9cf89f0,9d8d518a34ff462d8d6a8fb665d5edd4,orb_ransac,866,28.31270000024233,3.369699996255804,31.682399996498134
scene-0796,5f413725e3d84fbc987d7f6b521bcf95,0113899528c54aa5b573e083ea4086b2,orb_ransac,59,34.030800001346506,4.1119000015896745,38.14270000293618
scene-0796,0113899528c54aa5b573e083ea4086b2,30621e2ae07a4e3abbe450e3b7787625,orb_ransac,106,33.8536000053864,8.183699996152427,42.037300001538824
scene-0796,30621e2ae07a4e3abbe450e3b7787625,b97cc09ac5cc44e38469e1561b7c773d,orb_ransac,97,35.3118999992148,3.8528000004589558,39.16469999967376
scene-0796,b97cc09ac5cc44e38469e1561b7c773d,a3e361c213684133a4c73f432928f4a0,orb_ransac,74,33.85770000022603,9.495099999185186,43.35279999941122
scene-0796,a3e361c213684133a4c73f432928f4a0,1a04b117101e47b0b1e4531f338413a1,orb_ransac,89,37.93700000096578,6.626499998674262,44.563499999640044
scene-0796,1a04b117101e47b0b1e4531f338413a1,627b4021d6974514931e82a01e6471a9,orb_ransac,81,35.127299997839145,5.181200001970865,40.30849999981001
scene-0796,627b4021d6974514931e82a01e6471a9,6a153bf7ebf845198322a0ecdaaea525,orb_ransac,73,37.04989999823738,8.551000006264076,45.600900004501455
scene-0796,6a153bf7ebf845198322a0ecdaaea525,5e5aeedb64cd42ca97a20e94dab8a263,orb_ransac,72,35.993899997265544,7.78800000261981,43.781899999885354
scene-0796,5e5aeedb64cd42ca97a20e94dab8a263,67eddb8ae05b430396df053609015702,orb_ransac,77,37.147000002732966,8.132299997669179,45.279300000402145
scene-0796,67eddb8ae05b430396df053609015702,6882c2a00a884227bf5eeb9d818061aa,orb_ransac,58,36.87580000405433,6.710999994538724,43.58679999859305
scene-0796,6882c2a00a884227bf5eeb9d818061aa,da6036375a984bbdaca70ffc9966337e,orb_ransac,47,36.01560000242898,5.262200000288431,41.27780000271741
scene-0796,da6036375a984bbdaca70ffc9966337e,5a030cc9599c4c7dbf334ac0dacbfd4e,orb_ransac,56,34.36800000054063,6.575699997483753,40.943699998024385
scene-0796,5a030cc9599c4c7dbf334ac0dacbfd4e,a96757f814f343b2aab3b8749ad555f1,orb_ransac,68,31.576099994708784,5.18000000010943,36.756099994818214
scene-0796,a96757f814f343b2aab3b8749ad555f1,521746029ebd45b497a658cecbb41f70,orb_ransac,72,32.3969999953988,4.251700003806036,36.64869999920484
scene-0796,521746029ebd45b497a658cecbb41f70,8f9f8e2c223d4c22bd8966b158190c34,orb_ransac,143,34.166899997217115,5.077400004665833,39.24430000188295
scene-0796,8f9f8e2c223d4c22bd8966b158190c34,36653d8ce5bc4abc81ada795c6b33031,orb_ransac,122,33.55870000086725,5.336399997759145,38.89509999862639
scene-0796,36653d8ce5bc4abc81ada795c6b33031,c278024f52af4a949779af5f4e8d2372,orb_ransac,94,34.90189999865834,6.525599994347431,41.42749999300577
scene-0796,c278024f52af4a949779af5f4e8d2372,63a7934bc99e49c284f7971b2b6c3971,orb_ransac,103,32.260200001474004,8.494100002280902,40.754300003754906
scene-0796,63a7934bc99e49c284f7971b2b6c3971,949ef7d0557f4165a27eaf71616d14f2,orb_ransac,91,32.01519999856828,4.8746999964350834,36.88989999500336
scene-0796,949ef7d0557f4165a27eaf71616d14f2,fb4c4b4725b542a39bd4e165ebb60950,orb_ransac,90,35.804999999527354,5.159300002560485,40.96430000208784
scene-0796,fb4c4b4725b542a39bd4e165ebb60950,24373c08d1e64e6ebdad1af9542f1438,orb_ransac,92,32.12509999866597,6.032900004356634,38.15800000302261
scene-0796,24373c08d1e64e6ebdad1af9542f1438,af075ef815d0452db2614113413fb8a1,orb_ransac,96,36.469600003329106,5.42940000013914,41.899000003468245
scene-0796,af075ef815d0452db2614113413fb8a1,3299ffab259345fdaa4928d665a2c59d,orb_ransac,71,33.716799996909685,4.142099998716731,37.858899995626416
scene-0796,3299ffab259345fdaa4928d665a2c59d,89dfcc203bab4c6a84f2f044618bcbfc,orb_ransac,105,32.45969999989029,2.9792999994242564,35.43899999931455
scene-0796,89dfcc203bab4c6a84f2f044618bcbfc,adfdfa7db76a429e91d96d92978e26ee,orb_ransac,76,35.647199998493306,2.942400002211798,38.589600000705104
scene-0796,adfdfa7db76a429e91d96d92978e26ee,fe288794c9ce476b8401936c15891c42,orb_ransac,107,34.16270000161603,3.593200002796948,37.75590000441298
scene-0796,fe288794c9ce476b8401936c15891c42,4118ce9345274dd2a344391bfbd42b8c,orb_ransac,111,32.429300001240335,2.886099995521363,35.3153999967617
scene-0796,4118ce9345274dd2a344391bfbd42b8c,134565593253490b9df7fb084466111a,orb_ransac,108,32.761000002210494,3.283000005467329,36.04400000767782
scene-0796,134565593253490b9df7fb084466111a,b076d37011b64c70bd5a42d369c8f74a,orb_ransac,105,37.788699999509845,2.9380000050878152,40.72670000459766
scene-0796,b076d37011b64c70bd5a42d369c8f74a,3b93a3389fad40a4867a46b29a7595cf,orb_ransac,123,35.44739999779267,2.8570000067702495,38.30440000456292
scene-0796,3b93a3389fad40a4867a46b29a7595cf,3396c8a22c8243d9b033f25d9cdf6ea4,orb_ransac,143,31.078700005309656,3.29770000098506,34.376400006294716
scene-0796,3396c8a22c8243d9b033f25d9cdf6ea4,9403a41ce7944d8f9d5966165f82c806,orb_ransac,151,32.731799998146016,4.639300001144875,37.37109999929089
scene-0796,9403a41ce7944d8f9d5966165f82c806,55b484d8b9ce410abb64e18066ff8114,orb_ransac,140,37.20379999867873,4.619699997419957,41.82349999609869
scene-0796,55b484d8b9ce410abb64e18066ff8114,938f54d1fad648dcbd3c94e398aae967,orb_ransac,113,33.74890000122832,3.3494999952381477,37.09839999646647
scene-0796,938f54d1fad648dcbd3c94e398aae967,3e579ea5868a4f4180b863e3ee4eb63c,orb_ransac,122,36.290800002461765,6.20830000116257,42.499100003624335
scene-0796,3e579ea5868a4f4180b863e3ee4eb63c,edd9247d5f8243b2a40b24ed7030525e,orb_ransac,110,34.16750000178581,6.413399998564273,40.580900000350084
scene-0796,edd9247d5f8243b2a40b24ed7030525e,926d02b69e2d44ac97b091ce3295bdf5,orb_ransac,110,33.20969999913359,5.573700000240933,38.783399999374524
scene-0796,926d02b69e2d44ac97b091ce3295bdf5,16a5fb2fe7dd44db92a77ac3a333f277,orb_ransac,118,39.5795000004,5.769299998064525,45.34879999846453
scene-0916,bee06d622b78488eaf54f876f4912797,332299caf93f4f37874d93def6c7bf46,orb_ransac,287,28.63999999681255,6.895899998198729,35.53589999501128
scene-0916,1d1306dc17764f38b6b662d2350acac2,b08a2deaf871433fad9a4c03e6f53d32,orb_ransac,418,34.415699999954086,8.78750000265427,43.203200002608355
scene-0916,b08a2deaf871433fad9a4c03e6f53d32,790bc648874d4664811b364dcbab1bc8,orb_ransac,687,29.655399994226173,12.321200003498234,41.976599997724406
scene-0916,790bc648874d4664811b364dcbab1bc8,fb91724c05c84935a6e066b293046e9e,orb_ransac,695,30.706800003827084,18.846899998607114,49.5537000024342
scene-0916,fb91724c05c84935a6e066b293046e9e,aa78b9cc380b48c5be14f99540359ccf,orb_ransac,593,30.937100003939122,16.964599999482743,47.901700003421865
scene-0916,aa78b9cc380b48c5be14f99540359ccf,6f8a88c0de0b42d89e66197403822d30,orb_ransac,534,30.65000000060536,9.872700000414625,40.522700001019984
scene-0916,6f8a88c0de0b42d89e66197403822d30,a9b15094d9f44d2c89faf05252547046,orb_ransac,397,31.089399999473244,9.219999999913853,40.3093999993871
scene-0916,a9b15094d9f44d2c89faf05252547046,13450209d238498bb7ad63928f2d6878,orb_ransac,392,33.34739999991143,5.8392999999341555,39.18669999984559
scene-0916,13450209d238498bb7ad63928f2d6878,69c59330a61e4f078b81b475b480912e,orb_ransac,315,33.67100000468781,6.5374999976484105,40.20850000233622
scene-0916,69c59330a61e4f078b81b475b480912e,b81d7ac6a39242999018827cf77ade26,orb_ransac,225,33.600000002479646,6.873499994981103,40.47349999746075
scene-0916,b81d7ac6a39242999018827cf77ade26,6e98b1d0e18a428b869961943f871a83,orb_ransac,203,33.04230000503594,7.356200003414415,40.398500008450355
scene-0916,6e98b1d0e18a428b869961943f871a83,919ee11e9920472280b9ee1247298cf2,orb_ransac,151,36.99069999856874,6.845600000815466,43.83629999938421
scene-0916,d008df699f0e431db7664b16ee57de2f,93c6187bdede4f16ad577f8d02086c7c,orb_ransac,92,33.83550000580726,6.807099998695776,40.64260000450304
scene-0916,93c6187bdede4f16ad577f8d02086c7c,18a34926d51e46a9b9f47aa2011b83d7,orb_ransac,90,30.9112000031746,6.548299999849405,37.459500003024004
scene-0916,18a34926d51e46a9b9f47aa2011b83d7,17194bb665bf45c3af0284287c1f3b4b,orb_ransac,23,34.684300000662915,5.122700000356417,39.80700000101933
scene-0916,17194bb665bf45c3af0284287c1f3b4b,207924ae382b416b8f4fb04b68e61bd7,orb_ransac,16,31.928500000503846,9.532199997920543,41.46069999842439
scene-0916,207924ae382b416b8f4fb04b68e61bd7,bae2946bd7c04bf190538513ec180ecc,orb_ransac,46,37.80300000653369,13.256600002932828,51.05960000946652
scene-0916,bae2946bd7c04bf190538513ec180ecc,65ca09683fc74f8891762c2f072d260a,orb_ransac,38,37.73469999578083,17.010600000503473,54.7452999962843
scene-0916,65ca09683fc74f8891762c2f072d260a,b474724af63f4a108be0900675dbab6f,orb_ransac,46,37.500999998883344,15.725800003565382,53.226800002448726
scene-0916,b474724af63f4a108be0900675dbab6f,ab7e9c8335034420a1012fd5d165c099,orb_ransac,92,32.27310000511352,16.84640000166837,49.11950000678189
scene-0916,ab7e9c8335034420a1012fd5d165c099,b45600798b1f46658b708b65fef08c1e,orb_ransac,168,35.746300003665965,14.240099997550715,49.98640000121668
scene-0916,b45600798b1f46658b708b65fef08c1e,d78259c8cb0d4cfc9a0ccd43b1ebd994,orb_ransac,148,34.694499998295214,13.33330000488786,48.027800003183074
scene-0916,d78259c8cb0d4cfc9a0ccd43b1ebd994,e8349613902547b5b0911759fa79efaa,orb_ransac,167,31.41200000391109,11.704299999109935,43.116300003021024
scene-0916,e8349613902547b5b0911759fa79efaa,2d7914ad33d64062806d96e7c1fd3476,orb_ransac,154,29.169900000852067,13.30739999684738,42.47729999769945
scene-0916,2d7914ad33d64062806d96e7c1fd3476,b886a7f74e7c4b78ae3b626c2e0b67f4,orb_ransac,203,29.557900001236703,13.430800005153287,42.98870000638999
scene-0916,b886a7f74e7c4b78ae3b626c2e0b67f4,60c424c157b54829ba532e11fe66363c,orb_ransac,221,33.55320000264328,12.27130000188481,45.82450000452809
scene-0916,60c424c157b54829ba532e11fe66363c,e2eb142fa3cf467a8ec42faa6a051bb0,orb_ransac,246,29.521500000555534,12.631400000827853,42.15290000138339
scene-0916,e2eb142fa3cf467a8ec42faa6a051bb0,aa8b56c5feb442dab1d95a62b8509e13,orb_ransac,184,28.582200000528246,10.904100003244821,39.48630000377307
scene-0916,aa8b56c5feb442dab1d95a62b8509e13,11693aefd68c4f70ac76775f4a31026d,orb_ransac,167,28.274500000406988,11.643300000287127,39.917800000694115
scene-0916,11693aefd68c4f70ac76775f4a31026d,f2b6c088d189439aa7bb2460d1db05da,orb_ransac,167,28.65919999749167,12.90549999976065,41.56469999725232
scene-0916,f2b6c088d189439aa7bb2460d1db05da,7d31b274752d4b96a4e2fcb3eda3e1e1,orb_ransac,205,28.459500004828442,11.098700000729878,39.55820000555832
scene-0916,7d31b274752d4b96a4e2fcb3eda3e1e1,4cb2e5f01be94ffeb22cabde23ba5b46,orb_ransac,209,26.980900001944974,5.474800003867131,32.455700005812105
scene-0916,4cb2e5f01be94ffeb22cabde23ba5b46,13b3848fba3442f58870664d973fcb3f,orb_ransac,215,28.538400001707487,8.701799997652415,37.2401999993599
scene-0916,13b3848fba3442f58870664d973fcb3f,71f5065f435c47f5b208831524ae6a2a,orb_ransac,117,27.93089999613585,3.0230999982450157,30.953999994380865
scene-0916,71f5065f435c47f5b208831524ae6a2a,468dcee93e6049d8873706be7f9f3f89,orb_ransac,188,29.779800002870616,3.0445000011241063,32.82430000399472
scene-0916,468dcee93e6049d8873706be7f9f3f89,4c5917e14f224fa2a0bd3bd182f8a3d8,orb_ransac,330,31.059600005391985,0.8010000019567087,31.860600007348694
scene-0916,4c5917e14f224fa2a0bd3bd182f8a3d8,f18c90dafe764fe2b0d96102eb90c48c,orb_ransac,328,28.65409999503754,0.8392000017920509,29.49329999682959
scene-1077,fc5171d2a56e46a593f7d3e90e5de0ea,16575dd8d5f744bd88e65b2fc28f9cd1,orb_ransac,41,30.44699999736622,3.4817999985534698,33.92879999591969
scene-1077,16575dd8d5f744bd88e65b2fc28f9cd1,018a53cd2bd24f8085c57f286f83440d,orb_ransac,17,31.12680000049295,6.37569999526022,37.50249999575317
scene-1077,018a53cd2bd24f8085c57f286f83440d,c976f61a80744991951456098cfde3c5,orb_ransac,22,39.42770000139717,6.516800000099465,45.944500001496635
scene-1077,c976f61a80744991951456098cfde3c5,73b2d06d6b324d4db30ae507cb0385f7,orb_ransac,31,31.810499996936414,5.144100003235508,36.95460000017192
scene-1077,73b2d06d6b324d4db30ae507cb0385f7,3a308cf9cf9a4e60a103da1b9edb4850,orb_ransac,42,32.04290000576293,9.22569999966072,41.26860000542365
scene-1077,3a308cf9cf9a4e60a103da1b9edb4850,6f9c54f157b347619b5259cc8002fa11,orb_ransac,24,30.89870000258088,11.96660000277916,42.86530000536004
scene-1077,6f9c54f157b347619b5259cc8002fa11,03ff7abc0df34efa8e6e61138af392e0,orb_ransac,22,30.250000003434252,8.36929999786662,38.61930000130087
scene-1077,7fc914ee8d9743fcb7cea856d89ed3c9,ff2ac4c5789941c5b3f57e337ac4ee9b,orb_ransac,17,31.067200005054474,9.789899995666929,40.8571000007214
scene-1077,ff2ac4c5789941c5b3f57e337ac4ee9b,777b4a848cb44aad8cff5729011469d4,orb_ransac,18,27.520099996763747,7.921299998997711,35.44139999576146
scene-1077,777b4a848cb44aad8cff5729011469d4,a427ed5bd5c94af1b88ba5bba662f837,orb_ransac,40,29.594200001156423,6.579299995792098,36.17349999694852
scene-1077,a427ed5bd5c94af1b88ba5bba662f837,f4b30e3cdfca497c87a6640276e1b573,orb_ransac,34,32.03849999408703,8.997299999464303,41.035799993551336
scene-1077,f4b30e3cdfca497c87a6640276e1b573,53bf4f9f335b4180bf3ffa998853d6c2,orb_ransac,61,28.654900001129135,4.1295999981230125,32.78449999925215
scene-1077,53bf4f9f335b4180bf3ffa998853d6c2,941df6343d944a659e16b892e023931c,orb_ransac,41,30.796499995631166,7.120099995518103,37.91659999114927
scene-1077,a534bc510aba4393bc620e7c8121b69c,e37de16d519e4af6beaba685eae05a57,orb_ransac,25,32.54930000548484,5.484000001160894,38.03330000664573
scene-1077,e37de16d519e4af6beaba685eae05a57,f9c324a0d723415e92f7503ced9a7389,orb_ransac,43,32.87990000535501,9.098100003029685,41.9780000083847
scene-1077,54e94f89fb124c32940a224c196a49c0,7d10c94f6a104fc0882fe126533d31e3,orb_ransac,24,32.81670000433223,7.177799998316914,39.99450000264915
scene-1077,7d10c94f6a104fc0882fe126533d31e3,1636a50b7f3b403e899910eea8ce2e23,orb_ransac,33,30.82229999563424,4.9307000008411705,35.75299999647541
scene-1077,1636a50b7f3b403e899910eea8ce2e23,efc0530010574686a81ea923e2a77955,orb_ransac,36,28.456200001528487,6.2397000001510605,34.69590000167955
scene-1077,efc0530010574686a81ea923e2a77955,d80d00fe8aa444b7b04ae588b5e55ea0,orb_ransac,28,32.170899998163804,3.487699999823235,35.65859999798704
scene-1077,d80d00fe8aa444b7b04ae588b5e55ea0,da25480e018a40f5b86e16e5432e4fc8,orb_ransac,38,28.868599998531863,2.3787999962223694,31.247399994754232
scene-1077,b2e2c08229454e5587d05d2616877139,8f2f799ccddb430aa6caa323d134014a,orb_ransac,78,31.48689999943599,1.9838000007439405,33.47070000017993
scene-1077,2edd8a4e2b484a22b0ec566f2f2e9b95,341e20164fcb47cbb22332a47013bdb6,orb_ransac,67,29.410000002826564,3.701999994518701,33.111999997345265
scene-1077,341e20164fcb47cbb22332a47013bdb6,1a73ab0790a0423bbd317c10bebf7f23,orb_ransac,79,30.195999999705236,8.094199998595286,38.29019999830052
scene-1077,1a73ab0790a0423bbd317c10bebf7f23,2e63eb8c6e91493292396908c1257f31,orb_ransac,79,31.266199999663513,5.922799995460082,37.188999995123595
scene-1077,2e63eb8c6e91493292396908c1257f31,9c46f52aa0674d528647cd892968f78b,orb_ransac,80,30.943700003263075,6.83759999810718,37.781300001370255
scene-1077,9c46f52aa0674d528647cd892968f78b,f0a02178f2f5410f91c903bf632ee296,orb_ransac,81,30.326499996590428,5.59380000049714,35.92029999708757
scene-1077,1402826678e143fdbe22da3080dd36d8,2d35f62a9daf41a18c15c7a946b0d141,orb_ransac,62,41.265799998654984,4.391200003738049,45.65700000239303
scene-1077,2d35f62a9daf41a18c15c7a946b0d141,6c501bdb8b9d47179d033f033a354e71,orb_ransac,92,30.46570000151405,3.7316000016289763,34.19730000314303
scene-1077,4108995c5ea14883bb275041f72eff2c,3a69d1b97c33405cae8b45e49de12e0e,orb_ransac,93,32.63679999508895,3.068000005441718,35.70480000053067
scene-1077,3a69d1b97c33405cae8b45e49de12e0e,99acf4933a5d4c5ca5690f308f64bd93,orb_ransac,109,29.431399998429697,5.33299999369774,34.76439999212744
scene-1077,99acf4933a5d4c5ca5690f308f64bd93,06d2b0ce23224a5db6d8851ff8cfbb27,orb_ransac,97,28.645099999266677,5.683999996108469,34.329099995375145
scene-1094,629da0cec6e84c159fed48f7c3ccafac,52b308c06f834367a99f05dbe93f9ade,orb_ransac,791,34.75140000227839,3.38470000133384,38.13610000361223
scene-1094,52b308c06f834367a99f05dbe93f9ade,91bb1897f021417c9006dd8c0604340c,orb_ransac,825,32.26800000265939,5.838800003402866,38.10680000606226
scene-1094,91bb1897f021417c9006dd8c0604340c,2f308b453f8641aeb38db15c17f0ed6d,orb_ransac,835,36.51449999597389,7.8877000050852075,44.4022000010591
scene-1094,2f308b453f8641aeb38db15c17f0ed6d,d1233582dc804f17ba879d0cf751111a,orb_ransac,746,40.522100003727246,11.559099999431055,52.0812000031583
scene-1094,d1233582dc804f17ba879d0cf751111a,cd7cd1aa05d04862a0b8c346f291167e,orb_ransac,717,33.76729999581585,9.823200001846999,43.590499997662846
scene-1094,cd7cd1aa05d04862a0b8c346f291167e,c1a7b405ddce4180bdc32190642cda91,orb_ransac,610,37.360700000135694,12.433800002327189,49.79450000246288
scene-1094,c1a7b405ddce4180bdc32190642cda91,4533b16ea9124957960f9ccd5eeb2429,orb_ransac,598,32.342500002414454,9.160599998722319,41.50310000113677
scene-1094,4533b16ea9124957960f9ccd5eeb2429,886031e85e7a43a49fe3cc374cfd9719,orb_ransac,663,34.14640000119107,9.551200004352722,43.69760000554379
scene-1094,886031e85e7a43a49fe3cc374cfd9719,3f63e450629640d58fd6b27fcfcbf0c2,orb_ransac,580,32.22789999563247,14.301800001703668,46.52969999733614
scene-1094,3f63e450629640d58fd6b27fcfcbf0c2,be6fb7ba760d4c94834582f6ad761252,orb_ransac,507,32.848199996806215,9.721199996420182,42.5693999932264
scene-1094,be6fb7ba760d4c94834582f6ad761252,41377f1b5cb34525885b97cf94f55f35,orb_ransac,378,30.452699997113086,8.059299994783942,38.51199999189703
scene-1094,41377f1b5cb34525885b97cf94f55f35,eed2863fa9f74b1b89b6f60ded77d9a9,orb_ransac,200,38.52930000721244,3.888700004608836,42.41800001182128
scene-1094,eed2863fa9f74b1b89b6f60ded77d9a9,6b624130797744aaa0d2103ee47080d0,orb_ransac,132,30.54629999678582,4.227700002957135,34.773999999742955
scene-1094,6b624130797744aaa0d2103ee47080d0,720a7aa4cb6c49c7ae26c748323af4ab,orb_ransac,186,31.036399996082764,4.702099999121856,35.73849999520462
scene-1094,720a7aa4cb6c49c7ae26c748323af4ab,a05d0c1ad7d541d9a6f7c4e963555fb0,orb_ransac,131,34.88979999383446,4.332700002123602,39.22249999595806
scene-1094,a05d0c1ad7d541d9a6f7c4e963555fb0,8233dc33889341648a3b873aca8df7c6,orb_ransac,100,36.21259999636095,5.833199997141492,42.04579999350244
scene-1094,8233dc33889341648a3b873aca8df7c6,dbfa650384564594906313c18c49c9e6,orb_ransac,117,33.595599998079706,6.666000001132488,40.261599999212194
scene-1094,dbfa650384564594906313c18c49c9e6,4e4858e6e8cf442aa77238755f7a4d4a,orb_ransac,152,33.017599998856895,4.891399999905843,37.90899999876274
scene-1094,4e4858e6e8cf442aa77238755f7a4d4a,d7330cd5962148fc916a277e8fa8a0e8,orb_ransac,153,33.3773000020301,4.855300001509022,38.23260000353912
scene-1094,d7330cd5962148fc916a277e8fa8a0e8,75eda5e473a64573a978b923da722bc4,orb_ransac,162,34.45649999775924,7.867899999837391,42.32439999759663
scene-1094,75eda5e473a64573a978b923da722bc4,5cd71932637b4529939203433c8a26d2,orb_ransac,139,33.462400002463255,9.33190000068862,42.794300003151875
scene-1094,5cd71932637b4529939203433c8a26d2,0ed3f1797f7440a39f93be12b852adee,orb_ransac,101,36.48070000053849,3.5270000007585622,40.00770000129705
scene-1094,5142afdaddc24595b44a210fc39b52ab,ffa9bd002e7f47ec93caaa9f45fa03e6,orb_ransac,107,35.49899999779882,4.053200005728286,39.552200003527105
scene-1094,ffa9bd002e7f47ec93caaa9f45fa03e6,f427799486934c7f98a66790d9b52332,orb_ransac,104,36.206000004312955,5.38300000334857,41.589000007661525
scene-1094,f427799486934c7f98a66790d9b52332,dd508289c957487b969d55c879df3781,orb_ransac,114,31.954100006259978,6.0897000003024,38.04380000656238
scene-1094,dd508289c957487b969d55c879df3781,f74877ed3166478abb14d1373ecaf917,orb_ransac,64,33.50940000382252,4.324600005929824,37.834000009752344
scene-1094,f74877ed3166478abb14d1373ecaf917,f567ac89901f4f81b4f65fed6aa1f93c,orb_ransac,76,31.85170000506332,5.54790000023786,37.39960000530118
scene-1094,f567ac89901f4f81b4f65fed6aa1f93c,90e01def881c48e4876ee016315103ae,orb_ransac,86,37.549599997873884,6.612199998926371,44.161799996800255
scene-1094,90e01def881c48e4876ee016315103ae,f2100c6bab3d413fb61c6a2da29bddd0,orb_ransac,56,35.9043999997084,2.109499997459352,38.013899997167755
scene-1094,f2100c6bab3d413fb61c6a2da29bddd0,e39d8498f61e4053b47b41fb297d66ea,orb_ransac,52,33.9349999994738,2.5258999958168715,36.460899995290674
scene-1094,e39d8498f61e4053b47b41fb297d66ea,f598d2c67f5b4b91afd4d96f0a8f1e4e,orb_ransac,63,30.06920000188984,2.6365999947302043,32.705799996620044
scene-1094,f598d2c67f5b4b91afd4d96f0a8f1e4e,adf5fff3a1634f1a9b472495f3a54fd3,orb_ransac,59,36.37760000128765,3.0942999947001226,39.47189999598777
scene-1094,adf5fff3a1634f1a9b472495f3a54fd3,cb4de282449d47259956e27cbaacbbab,orb_ransac,67,33.07720000157133,3.5143999994033948,36.59160000097472
scene-1094,d77a138a272b4ebcbbe509afa6ef241a,552b0ec30c78436e8ea464cff1c604a3,orb_ransac,66,30.546599999070168,3.166100002999883,33.71270000207005
scene-1094,3c7f6d4b49ce40e58f3b3455c7e4362d,4ac688756fe74af8ae12c2454f8b8f28,orb_ransac,54,32.848399998329114,3.2378000032622367,36.08620000159135
scene-1094,4ac688756fe74af8ae12c2454f8b8f28,243364c317fa40cca58f8ed708a0bf88,orb_ransac,54,32.26189999986673,2.0713000048999675,34.333200004766695
scene-1100,51ceae8a5ecc4730950666723c135bc8,82fcade9fdcc431a850fdb715502a770,orb_ransac,790,33.09060000174213,3.8945999986026436,36.985200000344776
scene-1100,82fcade9fdcc431a850fdb715502a770,5e556ec52f1b4751a90298d8103510a5,orb_ransac,750,32.768599994597025,3.056800000194926,35.82539999479195
scene-1100,5e556ec52f1b4751a90298d8103510a5,dc1a0ca1014f488e833f586f234832e4,orb_ransac,659,33.07029999996303,5.652500003634486,38.72280000359751
scene-1100,dc1a0ca1014f488e833f586f234832e4,0130791235774e26b1986c78d11b4d30,orb_ransac,686,31.89610000117682,7.891699999163393,39.78780000034021
scene-1100,0130791235774e26b1986c78d11b4d30,cec0634dd47c47288a246deeb5f589a2,orb_ransac,804,34.45410000131233,5.929300001298543,40.38340000261087
scene-1100,cec0634dd47c47288a246deeb5f589a2,fb4f791fc3bf46539c5b913682afad84,orb_ransac,1030,36.12089999660384,5.3304999964893796,41.45139999309322
scene-1100,fb4f791fc3bf46539c5b913682afad84,2a88a6dbc8054e79b75ef478a492209d,orb_ransac,894,33.39570000389358,4.692400005296804,38.088100009190384
scene-1100,2a88a6dbc8054e79b75ef478a492209d,5bae7bae1021425d85461c905c4e4257,orb_ransac,714,32.27500000502914,5.277500000374857,37.552500005404
scene-1100,5bae7bae1021425d85461c905c4e4257,5aba40e3d8ee4846a6031238504ae286,orb_ransac,630,34.1779999944265,5.803699998068623,39.98169999249512
scene-1100,8cee078e41ba487195016581ef895eb8,1ccd17b9ef5141099e59eb72127241b2,orb_ransac,811,33.71220000553876,5.881299999600742,39.593500005139504
scene-1100,1ccd17b9ef5141099e59eb72127241b2,649df4f65e0a479baaa2fd35e62f4161,orb_ransac,843,33.671700002742,8.757400006288663,42.42910000903066
scene-1100,649df4f65e0a479baaa2fd35e62f4161,71f45d9cab8f4716aabde882bd8bcc80,orb_ransac,792,36.47610000189161,6.39690000389237,42.87300000578398
scene-1100,71f45d9cab8f4716aabde882bd8bcc80,639ffa5d537147cf8bd37be080d6cfa0,orb_ransac,811,33.080000001064036,6.759200005035382,39.83920000609942
scene-1100,639ffa5d537147cf8bd37be080d6cfa0,93f325d6ad2e47cb951226809c28f7d2,orb_ransac,729,33.77550000004703,4.146100000070874,37.921600000117905
scene-1100,93f325d6ad2e47cb951226809c28f7d2,91db399968274b33873d36d9e6ce5965,orb_ransac,904,31.014000000141095,3.7127999967196956,34.72679999686079
scene-1100,f4cad237e12f4e6ebbc06465ff636017,8a9c799e507647a68bc4b2b122747076,orb_ransac,692,38.20109999651322,3.230700000131037,41.43179999664426
scene-1100,8a9c799e507647a68bc4b2b122747076,7bd7512987874d0a9a0d7d0a899622ed,orb_ransac,862,31.769100001838524,5.604600002698135,37.37370000453666
scene-1100,7bd7512987874d0a9a0d7d0a899622ed,2e3cd48e3bb2488d934d1b48982ddf8e,orb_ransac,703,36.80599999643164,4.109900000912603,40.91589999734424
scene-1100,82ea0ffe57654ac6b6a276c4f2e532d6,f3ab42238db941509fcb9a47f8df50db,orb_ransac,581,37.10190000128932,0.8315000013681129,37.933400002657436
scene-1100,f3ab42238db941509fcb9a47f8df50db,9ee04d160a514511a093dd35ea6f5604,orb_ransac,814,38.34189999906812,0.7705000025453046,39.11240000161342
scene-1100,9ee04d160a514511a093dd35ea6f5604,20b9db8f43d6444ea6eba0e0402dc581,orb_ransac,1003,32.94140000070911,0.8015000057639554,33.742900006473064
scene-1100,20b9db8f43d6444ea6eba0e0402dc581,a782fddcab3640e6ab5f8adabf44b6c4,orb_ransac,1136,32.22959999402519,1.9670999972731806,34.196699991298374
scene-1100,a782fddcab3640e6ab5f8adabf44b6c4,e2ce27f11c5b4a9a950c146e2bb4dd37,orb_ransac,1199,30.343899998115376,2.373800001805648,32.717699999921024
scene-1100,e2ce27f11c5b4a9a950c146e2bb4dd37,ce7f89746ec549028fe3edcf97121a57,orb_ransac,1129,30.832600001303945,2.3199000061140396,33.152500007417984
scene-1100,ce7f89746ec549028fe3edcf97121a57,5bb3f45dfe05468b8aac65464502f883,orb_ransac,1256,31.867500001681037,2.842199995939154,34.70969999762019
scene-1100,5bb3f45dfe05468b8aac65464502f883,9a5000ac405c41959f5c51d25af49d00,orb_ransac,1344,33.92990000429563,2.207600002293475,36.13750000658911
scene-1100,9a5000ac405c41959f5c51d25af49d00,99508393481e4eefac29ad53c2f7566a,orb_ransac,1322,37.996799997927155,2.004599999054335,40.00139999698149
scene-1100,99508393481e4eefac29ad53c2f7566a,7bf078cc3e664137b4960898bc5067e9,orb_ransac,1132,34.94519999367185,3.3786999993026257,38.323899992974475
scene-1100,7bf078cc3e664137b4960898bc5067e9,70897e74c0224d819a92f17d285ee4c8,orb_ransac,1216,31.94719999737572,4.003199996077456,35.950399993453175
scene-1100,70897e74c0224d819a92f17d285ee4c8,83be17e597cc4144bb776fe42336caf7,orb_ransac,1116,36.14039999956731,3.2608000037726015,39.40120000333991
scene-1100,83be17e597cc4144bb776fe42336caf7,ccf3c969a3c74cd1b34ab6b1045ad0ab,orb_ransac,983,35.05439999571536,4.660200000216719,39.714599995932076
scene-1100,ccf3c969a3c74cd1b34ab6b1045ad0ab,d05e9e109cd7431eb173763f0d2b2727,orb_ransac,965,33.1545000008191,2.986899999086745,36.14139999990584
scene-1100,d05e9e109cd7431eb173763f0d2b2727,02525bc381f14e45936356c339a23922,orb_ransac,1020,34.503000002587214,3.9348999998765066,38.43790000246372
scene-1100,02525bc381f14e45936356c339a23922,c76cfc72a390467b8a12f87df95f394b,orb_ransac,605,31.882499999483116,3.4916000004159287,35.374099999899045
