log,valid_json,has_checkpoint
02a00399-3857-444e-8db3-a8f58489c394,True,False
05fa5048-f355-3274-b565-c0ddc547b315,True,False
0bae3b5e-417d-3b03-abaa-806b433233b8,True,False
11ba4e81-c26f-3cd1-827d-b6913bcef64e,True,False
185d3943-dd15-397a-8b2e-69cd86628fb7,True,False
19f53e16-9f99-3035-9672-7e860f3b0048,True,False
214e388e-cbd7-3dde-a204-d2ec42298808,True,False
22052525-4f85-3fe8-9d7d-000a9fffce36,True,False
280269f9-6111-311d-b351-ce9f63f88c81,True,False
42f92807-0c5e-3397-bd45-9d5303b4db2a,True,False
51bbdd4d-3065-34ae-b369-b6e0444f34db,True,False
6803104a-bb06-402e-8471-e5af492db0a8,True,False
72cf3ca1-1a9e-3254-bca0-29c62521e454,True,False
7606de8d-486c-4916-9cbb-002ee966f834,True,False
78f7cb5c-9d51-34f0-b356-9b3d83263c75,True,False
7de2e535-81df-3d5f-a5ca-62e4b940eb54,True,False
7e4d67b3-c3cc-3288-afe5-043602ea3c70,True,False
7fab2350-7eaf-3b7e-a39d-6937a4c1bede,True,False
8749f79f-a30b-3c3f-8a44-dbfa682bbef1,True,False
88f47a10-87b4-3ea8-a0c7-a07d825b647d,True,False
91aab547-1912-3b8e-8e7f-df3b202147bf,True,False
9bb1f857-8b61-369f-a537-484c1323ae32,True,False
a060c4c1-b9fc-39c1-9d30-d93a124c9066,True,False
a1589ae2-2678-310e-91cc-c4b512cd7fa5,True,False
a33a44fb-6008-3dc2-b7c5-2d27b70741e8,True,False
b6500255-eba3-3f77-acfd-626c07aa8621,True,False
b6e967f6-92bc-3bf5-99c9-1b0c4649fd67,True,False
b8489c02-60d0-3f44-a3b4-9de62830d666,True,False
ba67827f-6b99-3d2a-96ab-7c829eb999bb,True,False
bf382949-3515-3c16-b505-319442937a43,True,False
c222c78d-b574-4b9d-82e1-96a4f3f8bb27,True,False
c865c156-0f26-411c-a16c-be985333f675,True,False
cf5aaa11-4f92-3377-a7a2-861f305023eb,True,False
d770f926-bca8-31de-9790-73fbb7b6a890,True,False
d89f80be-76d0-3853-8daa-76605cf4ce5e,True,False
dc9077b9-2fe0-3d18-9b97-8067ff090874,True,False
de56b100-508b-3479-81fe-735349f8e8de,True,False
de9cf513-a0cd-3389-bc79-3f9f6f261317,True,False
ded5ef6e-46ea-3a66-9180-18a6fa0a2db4,True,False
dfc32963-1524-34f4-9f5e-0292f0f223ae,True,False
e0ea281b-6956-3605-b720-71b54ec87d25,True,False
e13c06cb-cd01-380e-946f-6d92ac1af49d,True,False
ecbe6def-7560-352c-8822-b2b92613e1e4,True,False
fbee355f-8878-31fa-8ac8-b9a45a3f130a,True,False
ff0dbfc5-8a7b-3a6e-8936-e5e812e45408,True,False
