detector,model,delta_ms,yaw_stratum,stratum_type,stratum,scope,ap_50_95,ap50,ap75,precision,recall,false_positives_per_frame,persistent_object_recall,new_object_miss_fraction,disappeared_object_false_positive_fraction,eligible_logs,target_objects,predictions,frames
yolo11n,T0,100,all_yaw,overall,all,full_frame,0.0488568431293,0.130499005844,0.0201990675288,0.507313909973,0.198833078204,3.92580645162,,1,1,50,164183,60933,7718
yolo11n,T0,100,high_yaw,overall,all,full_frame,0.0393622543547,0.123522905046,0.010517960852,0.471656416743,0.157297354892,3.52027027027,,1,0.873015873016,42,43564,15082,2229
yolo11n,T0,200,all_yaw,overall,all,full_frame,0.0296760957044,0.0999862191585,0.00816608375278,0.440132490439,0.16200291833,4.34564128682,,1,1,50,163265,60530,7668
yolo11n,T0,200,high_yaw,overall,all,full_frame,0.0207766078365,0.0800617274147,0.00340679229213,0.344319803393,0.126053080385,4,,1,0.983333333333,42,42942,14903,2205
yolo11n,T0,300,all_yaw,overall,all,full_frame,0.0204814822505,0.0752617444939,0.00393171504999,0.355211231157,0.13527800279,4.74183006536,,1,0.964814814815,50,162301,60146,7618
yolo11n,T0,300,high_yaw,overall,all,full_frame,0.0116346472377,0.0474643990898,0.000800641459272,0.29478998063,0.0961024140249,4.57629442159,,1,0.945906432749,40,42270,14584,2170
yolo11n,T0,400,all_yaw,overall,all,full_frame,0.017553221991,0.0596138674354,0.00347070629695,0.337808603859,0.129611903922,4.98026315789,,0.992933508471,0.925914634147,50,161312,59763,7568
yolo11n,T0,400,high_yaw,overall,all,full_frame,0.00726072607261,0.0366579373075,0.000267594327,0.250996015936,0.0860452289024,4.76136363636,,0.9921875,0.9,39,42021,14519,2155
yolo11n,T0,500,all_yaw,overall,all,full_frame,0.0161537797346,0.0574476694317,0.00293389235567,0.312538610123,0.121638724267,5.15994531784,,0.998626373626,0.925824175824,50,160305,59374,7518
yolo11n,T0,500,high_yaw,overall,all,full_frame,0.00632879962154,0.0242383006638,0.000298427020121,0.191613064776,0.0646118918121,5.01231527093,,1,0.945906432749,38,41541,14376,2135
yolo11n,T1,100,all_yaw,overall,all,full_frame,0.0505515110457,0.131826757986,0.0301713826556,0.500671799233,0.190903004215,3.88220643476,,1,1,50,164183,60933,7718
yolo11n,T1,100,high_yaw,overall,all,full_frame,0.0497843911596,0.127488352777,0.024950864988,0.491176470588,0.176260210545,3.45394736842,,1,0.90873015873,42,43564,15082,2229
yolo11n,T1,200,all_yaw,overall,all,full_frame,0.0396714236633,0.107115768308,0.0190914200457,0.426883483712,0.152876986571,4.30105418512,,1,1,50,163265,60530,7668
yolo11n,T1,200,high_yaw,overall,all,full_frame,0.0366585703267,0.105883754408,0.0185395038075,0.40868847539,0.141666875433,3.94444444444,,1,1,42,42942,14903,2205
yolo11n,T1,300,all_yaw,overall,all,full_frame,0.0300981726425,0.0874614772475,0.012377565538,0.351806610329,0.125987834485,4.6903064256,,1,1,50,162301,60146,7618
yolo11n,T1,300,high_yaw,overall,all,full_frame,0.025852370076,0.0757594627281,0.0104214524796,0.30787859936,0.103974538115,4.53846153846,,1,1,40,42270,14584,2170
yolo11n,T1,400,all_yaw,overall,all,full_frame,0.0218770317598,0.0658793394409,0.0091543571995,0.294766995263,0.105623271357,5.0822368421,,1,1,50,161312,59763,7568
yolo11n,T1,400,high_yaw,overall,all,full_frame,0.0160723470123,0.0549324438438,0.00553404130736,0.236220472441,0.0819112627986,4.85483870968,,1,1,39,42021,14519,2155
yolo11n,T1,500,all_yaw,overall,all,full_frame,0.0167091960569,0.0511752505325,0.00507732461029,0.252301208706,0.0886234586631,5.46052631579,,1,1,50,160305,59374,7518
yolo11n,T1,500,high_yaw,overall,all,full_frame,0.0127604960026,0.0395127457792,0.00215645975438,0.188766472462,0.0635618676856,5.02872260015,,1,1,38,41541,14376,2135
yolo11n,T2,100,all_yaw,overall,all,full_frame,0.0429435873325,0.126032590852,0.0150695170312,0.498827863363,0.185931470012,4.05404246631,,1,1,50,164183,60933,7718
yolo11n,T2,100,high_yaw,overall,all,full_frame,0.0353338947466,0.111005965773,0.00752204539291,0.419664888189,0.150534970654,3.56081081081,,1,0.90873015873,42,43564,15082,2229
yolo11n,T2,200,all_yaw,overall,all,full_frame,0.0276464433757,0.0912567459477,0.00736394460771,0.415398562774,0.154588802143,4.41157616893,,1,1,50,163265,60530,7668
yolo11n,T2,200,high_yaw,overall,all,full_frame,0.0178846766286,0.0673648736729,0.00264039071854,0.338928967814,0.123745788498,4.11688311688,,0.997596153846,1,42,42942,14903,2205
yolo11n,T2,300,all_yaw,overall,all,full_frame,0.0198490853301,0.0717446832792,0.00377922210022,0.34064722914,0.13299600228,4.82352941176,,1,0.947222222222,50,162301,60146,7618
yolo11n,T2,300,high_yaw,overall,all,full_frame,0.0111174185713,0.0450774998013,0.000972418670441,0.283764144089,0.091556864008,4.63487293051,,0.998376623377,0.934659090909,40,42270,14584,2170
yolo11n,T2,400,all_yaw,overall,all,full_frame,0.0170216834022,0.0606067228186,0.00304607218021,0.326367038584,0.127792626026,5.02960526316,,0.99353436302,0.923174157303,50,161312,59763,7568
yolo11n,T2,400,high_yaw,overall,all,full_frame,0.00837729918195,0.0361440516478,0.000267594327,0.230769230769,0.0821842250414,4.78409090909,,0.9921875,0.909090909091,39,42021,14519,2155
yolo11n,T2,500,all_yaw,overall,all,full_frame,0.0161986287443,0.0572333323445,0.00306678551888,0.30828637632,0.119363174327,5.21470895782,,1,0.932183908046,50,160305,59374,7518
yolo11n,T2,500,high_yaw,overall,all,full_frame,0.00636263904638,0.0244859589593,0.00032346489316,0.181753446954,0.0633203512744,5.09523809524,,1,0.950246710527,38,41541,14376,2135
yolo11n,T3,100,all_yaw,overall,all,full_frame,0.0471150333964,0.126552004556,0.0189639275523,0.493293727144,0.183579224877,4.00322580645,,1,1,50,164183,60933,7718
yolo11n,T3,100,high_yaw,overall,all,full_frame,0.0370313505178,0.113954179589,0.0115861080257,0.437091503268,0.147362209324,3.5625,,1,0.845238095238,42,43564,15082,2229
yolo11n,T3,200,all_yaw,overall,all,full_frame,0.0339710492377,0.112847349557,0.0106502252053,0.431270810211,0.165455072338,4.29002206944,,1,1,50,163265,60530,7668
yolo11n,T3,200,high_yaw,overall,all,full_frame,0.0236142592772,0.0891842741282,0.00387176964979,0.351752021563,0.135939982776,4.03731343283,,1,0.983333333333,42,42942,14903,2205
yolo11n,T3,300,all_yaw,overall,all,full_frame,0.0272974535346,0.0929667556056,0.0060392505219,0.386885321844,0.150409522524,4.53416422288,,1,0.977052524222,50,162301,60146,7618
yolo11n,T3,300,high_yaw,overall,all,full_frame,0.0115848337832,0.0510208320763,0.00125981761939,0.268235797824,0.103497241155,4.38505747127,,1,0.970117845118,40,42270,14584,2170
yolo11n,T3,400,all_yaw,overall,all,full_frame,0.0211073212343,0.0772702574227,0.00446907499251,0.351633367473,0.133074291886,4.84010270775,,0.99353436302,0.961330049261,50,161312,59763,7568
yolo11n,T3,400,high_yaw,overall,all,full_frame,0.00850861965929,0.0401363489591,0.000346727279732,0.236111111111,0.0887918486172,4.63636363636,,0.9921875,0.95,39,42021,14519,2155
yolo11n,T3,500,all_yaw,overall,all,full_frame,0.0160831873042,0.0629440635366,0.00395762085867,0.330853050395,0.115521108005,4.99037120948,,0.998626373626,0.955187894912,50,160305,59374,7518
yolo11n,T3,500,high_yaw,overall,all,full_frame,0.00524166346969,0.02683095536,0.000565976205642,0.20517164622,0.0706825358271,4.89668949772,,1,0.945906432749,38,41541,14376,2135
yolo11n,T4,100,all_yaw,overall,all,full_frame,0.051929552299,0.134068683897,0.0303453280265,0.50734116652,0.195429231551,3.82287014062,,1,1,50,164183,60933,7718
yolo11n,T4,100,high_yaw,overall,all,full_frame,0.0505876224973,0.131404914085,0.0248720095454,0.505812608444,0.184494749932,3.325,,1,1,42,43564,15082,2229
yolo11n,T4,200,all_yaw,overall,all,full_frame,0.0402524916856,0.109666210208,0.0194395503952,0.427587072565,0.160925632323,4.31051529116,,1,1,50,163265,60530,7668
yolo11n,T4,200,high_yaw,overall,all,full_frame,0.0373490834145,0.106500231989,0.0185395038075,0.425374939526,0.148627530914,3.89707602339,,1,1,42,42942,14903,2205
yolo11n,T4,300,all_yaw,overall,all,full_frame,0.0305384775885,0.0876745089238,0.0124195797193,0.367476519073,0.129134529792,4.62526525762,,1,1,50,162301,60146,7618
yolo11n,T4,300,high_yaw,overall,all,full_frame,0.0261316684942,0.0786703235541,0.0104214524796,0.332495812395,0.105905889437,4.46304347826,,1,1,40,42270,14584,2170
yolo11n,T4,400,all_yaw,overall,all,full_frame,0.0224295837509,0.0672019169437,0.0091610110907,0.303518806532,0.111609010573,4.97387770898,,1,1,50,161312,59763,7568
yolo11n,T4,400,high_yaw,overall,all,full_frame,0.0168708642946,0.0550655813171,0.00530722189866,0.244094488189,0.0882352941176,4.85185185185,,1,1,39,42021,14519,2155
yolo11n,T4,500,all_yaw,overall,all,full_frame,0.0172721219489,0.0526341152992,0.00507732461029,0.26353750527,0.0923668850624,5.41246950157,,1,0.995652173913,50,160305,59374,7518
yolo11n,T4,500,high_yaw,overall,all,full_frame,0.013099868323,0.0409006847622,0.00215645975438,0.197383530184,0.0687488187488,4.98790627362,,1,1,38,41541,14376,2135
yolo11n,T5,100,all_yaw,overall,all,full_frame,0.0550394958429,0.148989080265,0.0288214022958,0.550739444263,0.222508420204,3.69032258064,,1,1,50,164183,60933,7718
yolo11n,T5,100,high_yaw,overall,all,full_frame,0.0566078065588,0.151396753606,0.0271950767339,0.542016806722,0.217767587624,3.14775910364,,1,1,42,43564,15082,2229
yolo11n,T5,200,all_yaw,overall,all,full_frame,0.048258362342,0.136015728379,0.020953749645,0.526896157912,0.20680931334,3.92257742258,,1,1,50,163265,60530,7668
yolo11n,T5,200,high_yaw,overall,all,full_frame,0.0485109818727,0.145377884731,0.022818260311,0.508521335988,0.189613849521,3.24859943977,,1,1,42,42942,14903,2205
yolo11n,T5,300,all_yaw,class,pedestrian_cyclist,full_frame,0.000670281313846,0.00300565770862,0,0.0768115942029,0.00386307703781,0.164145658263,,1,0,50,22777,2495,5262
yolo11n,T5,300,all_yaw,class,vehicle,full_frame,0.060259106913,0.18936019143,0.0228140234986,0.551563183663,0.259464882424,2.93466174348,,1,1,50,107214,49904,7520
yolo11n,T5,300,all_yaw,distance,0_20m,full_frame,0.129293632303,0.40020990623,0.0523828481736,0.672474281976,0.498691099477,0.538135593221,,1,0,50,10971,7848,5056
yolo11n,T5,300,all_yaw,distance,20_40m,full_frame,0.0965926799434,0.27047752888,0.0391222924646,0.667479674797,0.341344220206,0.550347539785,,1,0,50,29523,14272,6833
yolo11n,T5,300,all_yaw,distance,40m_plus,full_frame,0.0249866961343,0.0926547616232,0.00619811062577,0.517043618955,0.120383932657,1.62745098039,,1,0,50,121807,26343,7351
yolo11n,T5,300,all_yaw,overall,all,full_frame,0.0408351660982,0.125546451013,0.0160573772784,0.485696545907,0.194368029136,4.08364756159,,1,1,50,162301,60146,7618
yolo11n,T5,300,high_yaw,overall,all,full_frame,0.0404634898729,0.111490066345,0.0181801759207,0.455915943353,0.166824992783,3.58750521485,,1,1,40,42270,14584,2170
yolo11n,T5,400,all_yaw,overall,all,full_frame,0.034123532204,0.103925059412,0.0112251358223,0.455905362935,0.178670313645,4.4365237691,,1,1,50,161312,59763,7568
yolo11n,T5,400,high_yaw,overall,all,full_frame,0.0367940501429,0.0987587940918,0.0130392980087,0.433333333333,0.156884875847,3.70161290323,,1,1,39,42021,14519,2155
yolo11n,T5,500,all_yaw,overall,all,full_frame,0.0289795063051,0.0898053599847,0.00894059653016,0.419084041252,0.168159795418,4.55163355408,,1,1,50,160305,59374,7518
yolo11n,T5,500,high_yaw,overall,all,full_frame,0.0291423607314,0.0868204619113,0.0105061842736,0.399370538027,0.145309845918,3.92552666228,,1,1,38,41541,14376,2135
yolo11n,T6,100,all_yaw,overall,all,full_frame,0.0541487520638,0.148070219536,0.0286618444061,0.542291995788,0.21659785521,3.71029668412,,1,1,50,164183,60933,7718
yolo11n,T6,100,high_yaw,overall,all,full_frame,0.0525815482202,0.145941404502,0.0250193770245,0.539819004525,0.213652271748,3.22222222222,,1,1,42,43564,15082,2229
yolo11n,T6,200,all_yaw,overall,all,full_frame,0.0476347716338,0.133049945759,0.0215415559713,0.501159220751,0.197447903432,3.96315524194,,1,1,50,163265,60530,7668
yolo11n,T6,200,high_yaw,overall,all,full_frame,0.0446016361628,0.138178833785,0.0196838456177,0.495617674672,0.191036160672,3.26809523809,,1,1,42,42942,14903,2205
yolo11n,T6,300,all_yaw,class,pedestrian_cyclist,full_frame,0.00150862126149,0.00765076507651,0,0.148550724638,0.00533155431073,0.20064935065,,1,0,50,22777,2495,5262
yolo11n,T6,300,all_yaw,class,vehicle,full_frame,0.0597642137032,0.185123458115,0.0182371084352,0.531703568398,0.24634105538,2.89247517189,,1,1,50,107214,49904,7520
yolo11n,T6,300,all_yaw,distance,0_20m,full_frame,0.177439212275,0.489573132171,0.0674471042032,0.748295206633,0.574128327949,0.304798342101,,1,0,50,10971,7848,5056
yolo11n,T6,300,all_yaw,distance,20_40m,full_frame,0.108757738166,0.329024004589,0.0380395834863,0.709485016002,0.360140415889,0.479289769436,,1,0,50,29523,14272,6833
yolo11n,T6,300,all_yaw,distance,40m_plus,full_frame,0.0178860867177,0.0656659269907,0.00359575568261,0.447124331511,0.100768134958,1.90230031407,,1,0,50,121807,26343,7351
yolo11n,T6,300,all_yaw,overall,all,full_frame,0.0392960872971,0.114132643769,0.0128860385616,0.460589392713,0.17531160905,4.15016872891,,1,1,50,162301,60146,7618
yolo11n,T6,300,high_yaw,overall,all,full_frame,0.0352597988794,0.106999870173,0.0130670663259,0.444948779074,0.165549186498,3.70106382979,,1,1,40,42270,14584,2170
yolo11n,T6,400,all_yaw,overall,all,full_frame,0.0316879292416,0.0939951451383,0.00721785119466,0.412092118274,0.157792498139,4.35514868199,,1,1,50,161312,59763,7568
yolo11n,T6,400,high_yaw,overall,all,full_frame,0.0272502498712,0.0904295457323,0.00768995582008,0.394444444444,0.144927536232,4.07954545455,,1,1,39,42021,14519,2155
yolo11n,T6,500,all_yaw,overall,all,full_frame,0.0239223041898,0.0812514316369,0.00522041369696,0.367566879907,0.143883698744,4.54117288253,,0.995207919899,1,50,160305,59374,7518
yolo11n,T6,500,high_yaw,overall,all,full_frame,0.0201045590559,0.0694048639131,0.00488481683989,0.338434519071,0.126483374539,4.35275305895,,1,1,38,41541,14376,2135
yolo11s,T0,100,all_yaw,overall,all,full_frame,0.047703554439,0.146105010842,0.0169040439411,0.466906563135,0.225930962806,5.22906523856,,1,1,50,165241,76624,7815
yolo11s,T0,100,high_yaw,overall,all,full_frame,0.0376280130157,0.121671791334,0.0117778634557,0.404488865834,0.195180350236,5.13392857143,,0.995575221239,1,42,43946,19789,2297
yolo11s,T0,200,all_yaw,overall,all,full_frame,0.0315893929537,0.110780493477,0.0070298698531,0.400274199958,0.183274224864,5.88682446585,,0.992675832893,0.928571428571,50,164351,76115,7765
yolo11s,T0,200,high_yaw,overall,all,full_frame,0.0183255084465,0.0735582818475,0.00227446946487,0.312264957265,0.144525983884,5.9293678161,,1,1,42,43344,19539,2274
yolo11s,T0,300,all_yaw,overall,all,full_frame,0.0200948627659,0.0815833578638,0.0039988746616,0.348919543442,0.15492142211,6.29643069349,,0.990787021349,0.944444444444,50,163418,75605,7715
yolo11s,T0,300,high_yaw,overall,all,full_frame,0.0107599831861,0.0435841335691,0.000639822504468,0.247506366724,0.111452698934,6.81276464362,,1,0.963527851458,40,42686,19160,2237
yolo11s,T0,400,all_yaw,overall,all,full_frame,0.0172096507779,0.0609169215245,0.00266113493559,0.305595463705,0.149149521481,6.59017027864,,0.986446886446,0.93474801061,50,162463,75102,7665
yolo11s,T0,400,high_yaw,overall,all,full_frame,0.0063676763307,0.0303521557671,0.0001800180018,0.18407960199,0.0928809788654,6.91666666667,,0.992366412214,1,39,42461,19047,2222
yolo11s,T0,500,all_yaw,overall,all,full_frame,0.0143536731181,0.0511969584068,0.00300268935612,0.27615491552,0.141058481618,6.77631578948,,0.989592094197,0.927391304348,50,161486,74600,7615
yolo11s,T0,500,high_yaw,overall,all,full_frame,0.00396044558599,0.0179881757266,0.000229303327355,0.140368431856,0.0679741423714,7.12149292149,,1,0.948684210526,38,42007,18837,2202
yolo11s,T1,100,all_yaw,overall,all,full_frame,0.0527993471906,0.15062163189,0.0276529165245,0.446344717748,0.232263321101,5.31515715467,,1,1,50,165241,76624,7815
yolo11s,T1,100,high_yaw,overall,all,full_frame,0.0513327167266,0.130011182924,0.0234827233631,0.420859128538,0.223582851654,5.22023809524,,1,1,42,43946,19789,2297
yolo11s,T1,200,all_yaw,overall,all,full_frame,0.0400689853019,0.12035183652,0.0165153061437,0.384814091611,0.185979202118,5.80405740757,,1,1,50,164351,76115,7765
yolo11s,T1,200,high_yaw,overall,all,full_frame,0.0402039372657,0.113750495405,0.0164566119597,0.360762852405,0.173153666686,5.69337194338,,1,1,42,43344,19539,2274
yolo11s,T1,300,all_yaw,overall,all,full_frame,0.0287358431539,0.0908606835765,0.0119432167727,0.325602693055,0.15608047297,6.40849673203,,1,1,50,163418,75605,7715
yolo11s,T1,300,high_yaw,overall,all,full_frame,0.0246673156511,0.0865632871825,0.00976738448104,0.27709326974,0.12627593555,6.49137931034,,1,1,40,42686,19160,2237
yolo11s,T1,400,all_yaw,overall,all,full_frame,0.0213837630955,0.0706344539872,0.00854275277685,0.273250530012,0.132927275535,6.92141812866,,1,1,50,162463,75102,7665
yolo11s,T1,400,high_yaw,overall,all,full_frame,0.0159585466091,0.0560733392529,0.00436903345066,0.220323741007,0.101063829787,6.82524271845,,1,1,39,42461,19047,2222
yolo11s,T1,500,all_yaw,overall,all,full_frame,0.0171214042546,0.0582228406869,0.00462897236482,0.236039514981,0.111149470084,7.29801324503,,1,1,50,161486,74600,7615
yolo11s,T1,500,high_yaw,overall,all,full_frame,0.0119593810735,0.0427072450733,0.00247524752475,0.190266866104,0.0809358293063,7.08128078818,,1,1,38,42007,18837,2202
yolo11s,T2,100,all_yaw,overall,all,full_frame,0.0416840792028,0.137327277942,0.0117076417498,0.441148651418,0.210157131825,5.44871794872,,0.995967741935,1,50,165241,76624,7815
yolo11s,T2,100,high_yaw,overall,all,full_frame,0.0312414594321,0.105918536928,0.00673664088013,0.370965510084,0.166737327042,5.35275423729,,1,1,42,43946,19789,2297
yolo11s,T2,200,all_yaw,overall,all,full_frame,0.0295435775362,0.101875372129,0.00602855938009,0.386297049257,0.177453725601,6.00649350649,,0.98714104962,0.939338235294,50,164351,76115,7765
yolo11s,T2,200,high_yaw,overall,all,full_frame,0.0158881367998,0.0618516781306,0.00167011013224,0.292945528766,0.131090620187,6,,0.997767857143,1,42,43344,19539,2274
yolo11s,T2,300,all_yaw,overall,all,full_frame,0.0183663383421,0.0772152327137,0.00373981498078,0.340463227034,0.153071924463,6.35828877006,,0.988114325549,0.944444444444,50,163418,75605,7715
yolo11s,T2,300,high_yaw,overall,all,full_frame,0.00970945829836,0.0384848248231,0.000590472878243,0.227461532711,0.108055730855,6.84553634438,,0.998507462687,0.98275862069,40,42686,19160,2237
yolo11s,T2,400,all_yaw,overall,all,full_frame,0.0166701296204,0.0581200525041,0.0024488872797,0.302822402705,0.148670331456,6.62091503267,,0.989005678386,0.938618524333,50,162463,75102,7665
yolo11s,T2,400,high_yaw,overall,all,full_frame,0.00619077487495,0.0292455221154,0.000166870619646,0.177033492823,0.0884955752212,6.94366197183,,0.994594594595,1,39,42461,19047,2222
yolo11s,T2,500,all_yaw,overall,all,full_frame,0.0143614774637,0.0513663933832,0.00289964046493,0.272971217075,0.141336065065,6.87585440875,,0.991060025543,0.921855921856,50,161486,74600,7615
yolo11s,T2,500,high_yaw,overall,all,full_frame,0.00402540528069,0.0168394150714,0.000208910367505,0.135301211001,0.0643056593144,7.15250965251,,1,0.955,38,42007,18837,2202
yolo11s,T3,100,all_yaw,overall,all,full_frame,0.0451188071653,0.141866966525,0.0143099810846,0.448569676957,0.213299113881,5.26839526337,,1,1,50,165241,76624,7815
yolo11s,T3,100,high_yaw,overall,all,full_frame,0.0354880522319,0.114519702139,0.00950728563957,0.370600388916,0.181133388337,5.1511299435,,1,1,42,43946,19789,2297
yolo11s,T3,200,all_yaw,overall,all,full_frame,0.0346408408397,0.113755492336,0.00913270350636,0.405491349541,0.183800088167,5.74752827818,,0.992675832893,0.967592592592,50,164351,76115,7765
yolo11s,T3,200,high_yaw,overall,all,full_frame,0.0200568282212,0.0834959017196,0.00347398456371,0.323316582914,0.151523750559,6,,1,1,42,43344,19539,2274
yolo11s,T3,300,all_yaw,overall,all,full_frame,0.0282457869349,0.0914768007202,0.00549568325842,0.376317661104,0.168729899642,6.10756726934,,0.990069851778,0.971629778672,50,163418,75605,7715
yolo11s,T3,300,high_yaw,overall,all,full_frame,0.012031754628,0.047000538573,0.00108836949396,0.242241086587,0.115487659162,6.79754273504,,1,1,40,42686,19160,2237
yolo11s,T3,400,all_yaw,overall,all,full_frame,0.0213715005035,0.0734395075591,0.00335333102206,0.330522846106,0.148612289708,6.53276657553,,0.989360498019,0.9632996633,50,162463,75102,7665
yolo11s,T3,400,high_yaw,overall,all,full_frame,0.00809826748674,0.0334072576542,0.000535188654001,0.215753424658,0.0884955752212,7.10185185185,,1,1,39,42461,19047,2222
yolo11s,T3,500,all_yaw,overall,all,full_frame,0.0167434414357,0.0612183468869,0.0025082010418,0.289123475033,0.133918084931,6.83188828861,,0.991869918699,0.960769230769,50,161486,74600,7615
yolo11s,T3,500,high_yaw,overall,all,full_frame,0.0049362376538,0.024678694537,0.000395453746558,0.173441796327,0.0740270461515,7.18681181181,,1,0.964583333333,38,42007,18837,2202
yolo11s,T4,100,all_yaw,overall,all,full_frame,0.0533376695933,0.153661468025,0.0276883763147,0.468517296572,0.237565674325,5.25783024992,,1,1,50,165241,76624,7815
yolo11s,T4,100,high_yaw,overall,all,full_frame,0.0524895795033,0.132609028922,0.0234827233631,0.434564662619,0.229037721991,5.02380952381,,1,1,42,43946,19789,2297
yolo11s,T4,200,all_yaw,overall,all,full_frame,0.0402717408076,0.121225872978,0.0165343313767,0.397411532747,0.191587394842,5.76948051948,,1,1,50,164351,76115,7765
yolo11s,T4,200,high_yaw,overall,all,full_frame,0.0401424041796,0.115773095006,0.0159638558686,0.375379188712,0.180602185242,5.70377520377,,1,1,42,43344,19539,2274
yolo11s,T4,300,all_yaw,overall,all,full_frame,0.028877788176,0.0909540794258,0.012026054717,0.335809351879,0.158862038107,6.36323002319,,1,0.993827160494,50,163418,75605,7715
yolo11s,T4,300,high_yaw,overall,all,full_frame,0.0254786561995,0.0848202949263,0.0094389637769,0.296601568798,0.130387611962,6.4625331565,,1,1,40,42686,19160,2237
yolo11s,T4,400,all_yaw,overall,all,full_frame,0.0217111150386,0.071458338797,0.00854387868295,0.279305086887,0.138400628575,6.84924320606,,0.996224448107,0.994047619048,50,162463,75102,7665
yolo11s,T4,400,high_yaw,overall,all,full_frame,0.0163142324201,0.0592613289176,0.00436978341204,0.238095238095,0.105394883204,6.78640776699,,1,1,39,42461,19047,2222
yolo11s,T4,500,all_yaw,overall,all,full_frame,0.0174442036363,0.0595945880686,0.00462897236482,0.240035339343,0.117546495607,7.25165562914,,1,1,50,161486,74600,7615
yolo11s,T4,500,high_yaw,overall,all,full_frame,0.012218125801,0.0420336750184,0.00247524752475,0.20580795556,0.0850023575188,7.07487228608,,1,1,38,42007,18837,2202
yolo11s,T5,100,all_yaw,overall,all,full_frame,0.0552077662398,0.170699102742,0.0259441689527,0.498040257082,0.25648079457,4.9452853598,,1,1,50,165241,76624,7815
yolo11s,T5,100,high_yaw,overall,all,full_frame,0.0563289308748,0.154764341987,0.0254410141468,0.452972333642,0.25085662347,4.60026636226,,1,1,42,43946,19789,2297
yolo11s,T5,200,all_yaw,overall,all,full_frame,0.050270174202,0.145542249876,0.0217785605717,0.466098051453,0.245985328018,5.14838709677,,1,1,50,164351,76115,7765
yolo11s,T5,200,high_yaw,overall,all,full_frame,0.0492151563412,0.140006549915,0.0182425302626,0.426944260242,0.224051029602,4.81768388107,,1,1,42,43344,19539,2274
yolo11s,T5,300,all_yaw,class,pedestrian_cyclist,full_frame,0.00283130048709,0.00990099009901,0,0.101368159204,0.00892420110482,0.271601607004,,1,0.5,50,22824,4236,5327
yolo11s,T5,300,all_yaw,class,vehicle,full_frame,0.0643099819905,0.186560964207,0.0237272724124,0.533103606603,0.289990551923,3.61551577153,,0.989978061428,1,50,107497,61058,7685
yolo11s,T5,300,all_yaw,distance,0_20m,full_frame,0.135659875511,0.39982596694,0.04832634738,0.658760107817,0.493670886076,0.506205792073,,1,0,50,11024,7936,5094
yolo11s,T5,300,all_yaw,distance,20_40m,full_frame,0.115407749016,0.313161677151,0.0455489207956,0.6468477392,0.409292788927,0.676505312869,,1,0,50,29600,16278,6874
yolo11s,T5,300,all_yaw,distance,40m_plus,full_frame,0.0353996923905,0.111297393019,0.00728406574983,0.558113512563,0.151230374494,2.19607843137,,1,0,50,122794,33973,7437
yolo11s,T5,300,all_yaw,overall,all,full_frame,0.0429315063833,0.130975304801,0.0176322830702,0.438037757132,0.232342745036,5.40655178155,,0.995034925889,1,50,163418,75605,7715
yolo11s,T5,300,high_yaw,overall,all,full_frame,0.0396370119782,0.123691477537,0.0158160202208,0.408632278987,0.209513766175,4.98965802537,,1,1,40,42686,19160,2237
yolo11s,T5,400,all_yaw,overall,all,full_frame,0.0350792733367,0.115325555548,0.0131293954002,0.403445807721,0.213063285066,5.64585483316,,0.996224448107,0.992537313433,50,162463,75102,7665
yolo11s,T5,400,high_yaw,overall,all,full_frame,0.0329540869632,0.105159621742,0.0129973834951,0.392324093817,0.184165232358,5.05633802817,,1,1,39,42461,19047,2222
yolo11s,T5,500,all_yaw,overall,all,full_frame,0.0302879398116,0.102293551264,0.0101223489718,0.370683903634,0.194181472748,5.95065789474,,0.996942871943,0.98933167758,50,161486,74600,7615
yolo11s,T5,500,high_yaw,overall,all,full_frame,0.0263948031306,0.0912447634585,0.0105084073291,0.366966230937,0.163187394155,5.37767857143,,1,1,38,42007,18837,2202
yolo11s,T6,100,all_yaw,overall,all,full_frame,0.0575406808378,0.165733133513,0.026200118952,0.493157560777,0.254170480084,5,,1,1,50,165241,76624,7815
yolo11s,T6,100,high_yaw,overall,all,full_frame,0.0546005367101,0.155342910075,0.0252434273156,0.451970335264,0.245743034056,4.81549439347,,1,1,42,43946,19789,2297
yolo11s,T6,200,all_yaw,overall,all,full_frame,0.0490359058714,0.15468002841,0.0196675450468,0.456810561444,0.231193090105,5.42258064517,,0.991373540567,1,50,164351,76115,7765
yolo11s,T6,200,high_yaw,overall,all,full_frame,0.0474337436367,0.145697647461,0.0178420651012,0.424394281415,0.228018745879,5,,1,1,42,43344,19539,2274
yolo11s,T6,300,all_yaw,class,pedestrian_cyclist,full_frame,0.00299251078954,0.0125648279113,0,0.145502645502,0.0197087378641,0.305900621118,,1,0.5,50,22824,4236,5327
yolo11s,T6,300,all_yaw,class,vehicle,full_frame,0.0627307230193,0.196369406336,0.0181756860056,0.510545902961,0.290173351634,3.72187261632,,0.988233665559,0.984579976985,50,107497,61058,7685
yolo11s,T6,300,all_yaw,distance,0_20m,full_frame,0.188154865457,0.520732705878,0.0655471073123,0.758462421113,0.596350659844,0.28364998662,,1,0,50,11024,7936,5094
yolo11s,T6,300,all_yaw,distance,20_40m,full_frame,0.126779172705,0.387607073091,0.0419969176353,0.699879227053,0.418923270323,0.556725146199,,1,0,50,29600,16278,6874
yolo11s,T6,300,all_yaw,distance,40m_plus,full_frame,0.0264586009384,0.0911092369417,0.0047410152346,0.472888478885,0.130244619261,2.46231219761,,0.992978220164,0,50,122794,33973,7437
yolo11s,T6,300,all_yaw,overall,all,full_frame,0.0405623260833,0.131195365658,0.0130602114503,0.421395831302,0.213381441653,5.63311688312,,0.992050974702,0.993827160494,50,163418,75605,7715
yolo11s,T6,300,high_yaw,overall,all,full_frame,0.0363776040992,0.124299672144,0.0116788023865,0.396521225503,0.201952319848,5.22115384615,,1,1,40,42686,19160,2237
yolo11s,T6,400,all_yaw,overall,all,full_frame,0.0315731664499,0.111825653064,0.00865158104304,0.386584610393,0.193994591812,5.89168386652,,0.993494921319,0.990726495727,50,162463,75102,7665
yolo11s,T6,400,high_yaw,overall,all,full_frame,0.0275661200562,0.100129194341,0.00780484424689,0.346560846561,0.17747440273,5.67961165049,,1,1,39,42461,19047,2222
yolo11s,T6,500,all_yaw,overall,all,full_frame,0.0252615723249,0.0897771376733,0.00551769835644,0.345838327839,0.174634648266,6.33432232543,,0.991060025543,0.990562678063,50,161486,74600,7615
yolo11s,T6,500,high_yaw,overall,all,full_frame,0.0213205066987,0.0804530829862,0.00498416035625,0.30692905324,0.150724637681,5.97614451186,,1,1,38,42007,18837,2202
