detector,delta_ms,yaw_stratum,model,tracker_name,eligible_logs,comparisons,metric,value,scope,target_objects,predictions
rtdetr_l,100,all_yaw,T0,stale,50,107924,median_of_log_center_error,0.00808456779391,matched_object,,
rtdetr_l,100,all_yaw,T1,constant_image_velocity,50,107924,median_of_log_center_error,0.00789219839098,matched_object,,
rtdetr_l,100,all_yaw,T2,SORT_Kalman,50,107924,median_of_log_center_error,0.00922317069979,matched_object,,
rtdetr_l,100,all_yaw,T3,ByteTrack_prediction,50,107924,median_of_log_center_error,0.00850143585219,matched_object,,
rtdetr_l,100,all_yaw,T4,OC_SORT_prediction,50,107924,median_of_log_center_error,0.00772008814939,matched_object,,
rtdetr_l,100,all_yaw,T5,B3_ego_only,50,107924,median_of_log_center_error,0.00717568047766,matched_object,,
rtdetr_l,100,all_yaw,T6,B5_ego_object,50,107924,median_of_log_center_error,0.0069598099074,matched_object,,
rtdetr_l,100,high_yaw,T0,stale,42,27442,median_of_log_center_error,0.0120309058223,matched_object,,
rtdetr_l,100,high_yaw,T1,constant_image_velocity,42,27442,median_of_log_center_error,0.00911657822187,matched_object,,
rtdetr_l,100,high_yaw,T2,SORT_Kalman,42,27442,median_of_log_center_error,0.0132398301955,matched_object,,
rtdetr_l,100,high_yaw,T3,ByteTrack_prediction,42,27442,median_of_log_center_error,0.0121905977755,matched_object,,
rtdetr_l,100,high_yaw,T4,OC_SORT_prediction,42,27442,median_of_log_center_error,0.0089925770126,matched_object,,
rtdetr_l,100,high_yaw,T5,B3_ego_only,42,27442,median_of_log_center_error,0.00777499930524,matched_object,,
rtdetr_l,100,high_yaw,T6,B5_ego_object,42,27442,median_of_log_center_error,0.00815364897158,matched_object,,
rtdetr_l,200,all_yaw,T0,stale,50,106270,median_of_log_center_error,0.0107615947028,matched_object,,
rtdetr_l,200,all_yaw,T1,constant_image_velocity,50,106270,median_of_log_center_error,0.00953987336942,matched_object,,
rtdetr_l,200,all_yaw,T2,SORT_Kalman,50,106270,median_of_log_center_error,0.0119753030403,matched_object,,
rtdetr_l,200,all_yaw,T3,ByteTrack_prediction,50,106270,median_of_log_center_error,0.0102986480859,matched_object,,
rtdetr_l,200,all_yaw,T4,OC_SORT_prediction,50,106270,median_of_log_center_error,0.00933079579074,matched_object,,
rtdetr_l,200,all_yaw,T5,B3_ego_only,50,106270,median_of_log_center_error,0.00769259114034,matched_object,,
rtdetr_l,200,all_yaw,T6,B5_ego_object,50,106270,median_of_log_center_error,0.00789874191771,matched_object,,
rtdetr_l,200,high_yaw,T0,stale,42,26710,median_of_log_center_error,0.015898822452,matched_object,,
rtdetr_l,200,high_yaw,T1,constant_image_velocity,42,26710,median_of_log_center_error,0.0121974675391,matched_object,,
rtdetr_l,200,high_yaw,T2,SORT_Kalman,42,26710,median_of_log_center_error,0.0173851619245,matched_object,,
rtdetr_l,200,high_yaw,T3,ByteTrack_prediction,42,26710,median_of_log_center_error,0.0156637044206,matched_object,,
rtdetr_l,200,high_yaw,T4,OC_SORT_prediction,42,26710,median_of_log_center_error,0.0117041281612,matched_object,,
rtdetr_l,200,high_yaw,T5,B3_ego_only,42,26710,median_of_log_center_error,0.00814588513086,matched_object,,
rtdetr_l,200,high_yaw,T6,B5_ego_object,42,26710,median_of_log_center_error,0.00910570828618,matched_object,,
rtdetr_l,300,all_yaw,T0,stale,50,104551,median_of_log_center_error,0.0128703825783,matched_object,,
rtdetr_l,300,all_yaw,T1,constant_image_velocity,50,104551,median_of_log_center_error,0.0117206819048,matched_object,,
rtdetr_l,300,all_yaw,T2,SORT_Kalman,50,104551,median_of_log_center_error,0.0139097909145,matched_object,,
rtdetr_l,300,all_yaw,T3,ByteTrack_prediction,50,104551,median_of_log_center_error,0.0123853724564,matched_object,,
rtdetr_l,300,all_yaw,T4,OC_SORT_prediction,50,104551,median_of_log_center_error,0.0111554248788,matched_object,,
rtdetr_l,300,all_yaw,T5,B3_ego_only,50,104551,median_of_log_center_error,0.0081714066784,matched_object,,
rtdetr_l,300,all_yaw,T6,B5_ego_object,50,104551,median_of_log_center_error,0.00896104900189,matched_object,,
rtdetr_l,300,high_yaw,T0,stale,40,25729,median_of_log_center_error,0.0200068667903,matched_object,,
rtdetr_l,300,high_yaw,T1,constant_image_velocity,40,25729,median_of_log_center_error,0.0154658298323,matched_object,,
rtdetr_l,300,high_yaw,T2,SORT_Kalman,40,25729,median_of_log_center_error,0.0219320401149,matched_object,,
rtdetr_l,300,high_yaw,T3,ByteTrack_prediction,40,25729,median_of_log_center_error,0.0196764654512,matched_object,,
rtdetr_l,300,high_yaw,T4,OC_SORT_prediction,40,25729,median_of_log_center_error,0.0139182097247,matched_object,,
rtdetr_l,300,high_yaw,T5,B3_ego_only,40,25729,median_of_log_center_error,0.00851167610505,matched_object,,
rtdetr_l,300,high_yaw,T6,B5_ego_object,40,25729,median_of_log_center_error,0.0101760367007,matched_object,,
rtdetr_l,400,all_yaw,T0,stale,50,102820,median_of_log_center_error,0.0152209332258,matched_object,,
rtdetr_l,400,all_yaw,T1,constant_image_velocity,50,102820,median_of_log_center_error,0.0144253820623,matched_object,,
rtdetr_l,400,all_yaw,T2,SORT_Kalman,50,102820,median_of_log_center_error,0.0158842649163,matched_object,,
rtdetr_l,400,all_yaw,T3,ByteTrack_prediction,50,102820,median_of_log_center_error,0.0142982754059,matched_object,,
rtdetr_l,400,all_yaw,T4,OC_SORT_prediction,50,102820,median_of_log_center_error,0.0135084461038,matched_object,,
rtdetr_l,400,all_yaw,T5,B3_ego_only,50,102820,median_of_log_center_error,0.0086214848788,matched_object,,
rtdetr_l,400,all_yaw,T6,B5_ego_object,50,102820,median_of_log_center_error,0.00986040434026,matched_object,,
rtdetr_l,400,high_yaw,T0,stale,39,25104,median_of_log_center_error,0.0240716311724,matched_object,,
rtdetr_l,400,high_yaw,T1,constant_image_velocity,39,25104,median_of_log_center_error,0.0187400562064,matched_object,,
rtdetr_l,400,high_yaw,T2,SORT_Kalman,39,25104,median_of_log_center_error,0.0257923316251,matched_object,,
rtdetr_l,400,high_yaw,T3,ByteTrack_prediction,39,25104,median_of_log_center_error,0.023659277579,matched_object,,
rtdetr_l,400,high_yaw,T4,OC_SORT_prediction,39,25104,median_of_log_center_error,0.0169089128493,matched_object,,
rtdetr_l,400,high_yaw,T5,B3_ego_only,39,25104,median_of_log_center_error,0.00875629443785,matched_object,,
rtdetr_l,400,high_yaw,T6,B5_ego_object,39,25104,median_of_log_center_error,0.0118115111656,matched_object,,
rtdetr_l,500,all_yaw,T0,stale,50,101071,median_of_log_center_error,0.0175079268136,matched_object,,
rtdetr_l,500,all_yaw,T1,constant_image_velocity,50,101071,median_of_log_center_error,0.0167224323172,matched_object,,
rtdetr_l,500,all_yaw,T2,SORT_Kalman,50,101071,median_of_log_center_error,0.0179291054314,matched_object,,
rtdetr_l,500,all_yaw,T3,ByteTrack_prediction,50,101071,median_of_log_center_error,0.0159960338034,matched_object,,
rtdetr_l,500,all_yaw,T4,OC_SORT_prediction,50,101071,median_of_log_center_error,0.0157128909358,matched_object,,
rtdetr_l,500,all_yaw,T5,B3_ego_only,50,101071,median_of_log_center_error,0.00898425257498,matched_object,,
rtdetr_l,500,all_yaw,T6,B5_ego_object,50,101071,median_of_log_center_error,0.0110506022063,matched_object,,
rtdetr_l,500,high_yaw,T0,stale,38,24370,median_of_log_center_error,0.0297457897045,matched_object,,
rtdetr_l,500,high_yaw,T1,constant_image_velocity,38,24370,median_of_log_center_error,0.0230328721577,matched_object,,
rtdetr_l,500,high_yaw,T2,SORT_Kalman,38,24370,median_of_log_center_error,0.0305491712997,matched_object,,
rtdetr_l,500,high_yaw,T3,ByteTrack_prediction,38,24370,median_of_log_center_error,0.0270376634837,matched_object,,
rtdetr_l,500,high_yaw,T4,OC_SORT_prediction,38,24370,median_of_log_center_error,0.021365996129,matched_object,,
rtdetr_l,500,high_yaw,T5,B3_ego_only,38,24370,median_of_log_center_error,0.00973791852477,matched_object,,
rtdetr_l,500,high_yaw,T6,B5_ego_object,38,24370,median_of_log_center_error,0.0137111244462,matched_object,,
rtdetr_l,100,all_yaw,T0,stale,50,107924,median_of_log_iou,0.399633747598,matched_object,,
rtdetr_l,100,all_yaw,T1,constant_image_velocity,50,107924,median_of_log_iou,0.363945066556,matched_object,,
rtdetr_l,100,all_yaw,T2,SORT_Kalman,50,107924,median_of_log_iou,0.369650287789,matched_object,,
rtdetr_l,100,all_yaw,T3,ByteTrack_prediction,50,107924,median_of_log_iou,0.38559911052,matched_object,,
rtdetr_l,100,all_yaw,T4,OC_SORT_prediction,50,107924,median_of_log_iou,0.382546251862,matched_object,,
rtdetr_l,100,all_yaw,T5,B3_ego_only,50,107924,median_of_log_iou,0.433501735447,matched_object,,
rtdetr_l,100,all_yaw,T6,B5_ego_object,50,107924,median_of_log_iou,0.42969490721,matched_object,,
rtdetr_l,100,high_yaw,T0,stale,42,27442,median_of_log_iou,0.311259562791,matched_object,,
rtdetr_l,100,high_yaw,T1,constant_image_velocity,42,27442,median_of_log_iou,0.310136307737,matched_object,,
rtdetr_l,100,high_yaw,T2,SORT_Kalman,42,27442,median_of_log_iou,0.282387420125,matched_object,,
rtdetr_l,100,high_yaw,T3,ByteTrack_prediction,42,27442,median_of_log_iou,0.297057357299,matched_object,,
rtdetr_l,100,high_yaw,T4,OC_SORT_prediction,42,27442,median_of_log_iou,0.332237562279,matched_object,,
rtdetr_l,100,high_yaw,T5,B3_ego_only,42,27442,median_of_log_iou,0.385774167123,matched_object,,
rtdetr_l,100,high_yaw,T6,B5_ego_object,42,27442,median_of_log_iou,0.379661065575,matched_object,,
rtdetr_l,200,all_yaw,T0,stale,50,106270,median_of_log_iou,0.336129737694,matched_object,,
rtdetr_l,200,all_yaw,T1,constant_image_velocity,50,106270,median_of_log_iou,0.283793591063,matched_object,,
rtdetr_l,200,all_yaw,T2,SORT_Kalman,50,106270,median_of_log_iou,0.315656172837,matched_object,,
rtdetr_l,200,all_yaw,T3,ByteTrack_prediction,50,106270,median_of_log_iou,0.335173719174,matched_object,,
rtdetr_l,200,all_yaw,T4,OC_SORT_prediction,50,106270,median_of_log_iou,0.304375406268,matched_object,,
rtdetr_l,200,all_yaw,T5,B3_ego_only,50,106270,median_of_log_iou,0.425730591715,matched_object,,
rtdetr_l,200,all_yaw,T6,B5_ego_object,50,106270,median_of_log_iou,0.397418830569,matched_object,,
rtdetr_l,200,high_yaw,T0,stale,42,26710,median_of_log_iou,0.212964110734,matched_object,,
rtdetr_l,200,high_yaw,T1,constant_image_velocity,42,26710,median_of_log_iou,0.224763350644,matched_object,,
rtdetr_l,200,high_yaw,T2,SORT_Kalman,42,26710,median_of_log_iou,0.195723980111,matched_object,,
rtdetr_l,200,high_yaw,T3,ByteTrack_prediction,42,26710,median_of_log_iou,0.220591056625,matched_object,,
rtdetr_l,200,high_yaw,T4,OC_SORT_prediction,42,26710,median_of_log_iou,0.25186663712,matched_object,,
rtdetr_l,200,high_yaw,T5,B3_ego_only,42,26710,median_of_log_iou,0.379477119508,matched_object,,
rtdetr_l,200,high_yaw,T6,B5_ego_object,42,26710,median_of_log_iou,0.344899267975,matched_object,,
rtdetr_l,300,all_yaw,T0,stale,50,104551,median_of_log_iou,0.277276659159,matched_object,,
rtdetr_l,300,all_yaw,T1,constant_image_velocity,50,104551,median_of_log_iou,0.205413489885,matched_object,,
rtdetr_l,300,all_yaw,T2,SORT_Kalman,50,104551,median_of_log_iou,0.265464786418,matched_object,,
rtdetr_l,300,all_yaw,T3,ByteTrack_prediction,50,104551,median_of_log_iou,0.287033855354,matched_object,,
rtdetr_l,300,all_yaw,T4,OC_SORT_prediction,50,104551,median_of_log_iou,0.226454881104,matched_object,,
rtdetr_l,300,all_yaw,T5,B3_ego_only,50,104551,median_of_log_iou,0.406962570155,matched_object,,
rtdetr_l,300,all_yaw,T6,B5_ego_object,50,104551,median_of_log_iou,0.366929266317,matched_object,,
rtdetr_l,300,high_yaw,T0,stale,40,25729,median_of_log_iou,0.134739803004,matched_object,,
rtdetr_l,300,high_yaw,T1,constant_image_velocity,40,25729,median_of_log_iou,0.145976467987,matched_object,,
rtdetr_l,300,high_yaw,T2,SORT_Kalman,40,25729,median_of_log_iou,0.123524712713,matched_object,,
rtdetr_l,300,high_yaw,T3,ByteTrack_prediction,40,25729,median_of_log_iou,0.14973425596,matched_object,,
rtdetr_l,300,high_yaw,T4,OC_SORT_prediction,40,25729,median_of_log_iou,0.174718388576,matched_object,,
rtdetr_l,300,high_yaw,T5,B3_ego_only,40,25729,median_of_log_iou,0.364720968439,matched_object,,
rtdetr_l,300,high_yaw,T6,B5_ego_object,40,25729,median_of_log_iou,0.307043855133,matched_object,,
rtdetr_l,400,all_yaw,T0,stale,50,102820,median_of_log_iou,0.238136179821,matched_object,,
rtdetr_l,400,all_yaw,T1,constant_image_velocity,50,102820,median_of_log_iou,0.147028980612,matched_object,,
rtdetr_l,400,all_yaw,T2,SORT_Kalman,50,102820,median_of_log_iou,0.231244065178,matched_object,,
rtdetr_l,400,all_yaw,T3,ByteTrack_prediction,50,102820,median_of_log_iou,0.256812402197,matched_object,,
rtdetr_l,400,all_yaw,T4,OC_SORT_prediction,50,102820,median_of_log_iou,0.166404502951,matched_object,,
rtdetr_l,400,all_yaw,T5,B3_ego_only,50,102820,median_of_log_iou,0.389837691393,matched_object,,
rtdetr_l,400,all_yaw,T6,B5_ego_object,50,102820,median_of_log_iou,0.336934047799,matched_object,,
rtdetr_l,400,high_yaw,T0,stale,39,25104,median_of_log_iou,0.0796381530481,matched_object,,
rtdetr_l,400,high_yaw,T1,constant_image_velocity,39,25104,median_of_log_iou,0.0796602394487,matched_object,,
rtdetr_l,400,high_yaw,T2,SORT_Kalman,39,25104,median_of_log_iou,0.0761923622005,matched_object,,
rtdetr_l,400,high_yaw,T3,ByteTrack_prediction,39,25104,median_of_log_iou,0.0967442184132,matched_object,,
rtdetr_l,400,high_yaw,T4,OC_SORT_prediction,39,25104,median_of_log_iou,0.11590787903,matched_object,,
rtdetr_l,400,high_yaw,T5,B3_ego_only,39,25104,median_of_log_iou,0.348244158791,matched_object,,
rtdetr_l,400,high_yaw,T6,B5_ego_object,39,25104,median_of_log_iou,0.282108375665,matched_object,,
rtdetr_l,500,all_yaw,T0,stale,50,101071,median_of_log_iou,0.203856933154,matched_object,,
rtdetr_l,500,all_yaw,T1,constant_image_velocity,50,101071,median_of_log_iou,0.103576824364,matched_object,,
rtdetr_l,500,all_yaw,T2,SORT_Kalman,50,101071,median_of_log_iou,0.197270270459,matched_object,,
rtdetr_l,500,all_yaw,T3,ByteTrack_prediction,50,101071,median_of_log_iou,0.228671177145,matched_object,,
rtdetr_l,500,all_yaw,T4,OC_SORT_prediction,50,101071,median_of_log_iou,0.121701477862,matched_object,,
rtdetr_l,500,all_yaw,T5,B3_ego_only,50,101071,median_of_log_iou,0.364788555139,matched_object,,
rtdetr_l,500,all_yaw,T6,B5_ego_object,50,101071,median_of_log_iou,0.304013974109,matched_object,,
rtdetr_l,500,high_yaw,T0,stale,38,24370,median_of_log_iou,0.0322690504369,matched_object,,
rtdetr_l,500,high_yaw,T1,constant_image_velocity,38,24370,median_of_log_iou,0.0383382190747,matched_object,,
rtdetr_l,500,high_yaw,T2,SORT_Kalman,38,24370,median_of_log_iou,0.025794840363,matched_object,,
rtdetr_l,500,high_yaw,T3,ByteTrack_prediction,38,24370,median_of_log_iou,0.0617422949955,matched_object,,
rtdetr_l,500,high_yaw,T4,OC_SORT_prediction,38,24370,median_of_log_iou,0.0630306925385,matched_object,,
rtdetr_l,500,high_yaw,T5,B3_ego_only,38,24370,median_of_log_iou,0.328442406647,matched_object,,
rtdetr_l,500,high_yaw,T6,B5_ego_object,38,24370,median_of_log_iou,0.244126147349,matched_object,,
rtdetr_l,100,all_yaw,T0,stale,50,107924,median_of_log_recall_0_5,0.38971907712,matched_object,,
rtdetr_l,100,all_yaw,T1,constant_image_velocity,50,107924,median_of_log_recall_0_5,0.377906525988,matched_object,,
rtdetr_l,100,all_yaw,T2,SORT_Kalman,50,107924,median_of_log_recall_0_5,0.364090721508,matched_object,,
rtdetr_l,100,all_yaw,T3,ByteTrack_prediction,50,107924,median_of_log_recall_0_5,0.366681186744,matched_object,,
rtdetr_l,100,all_yaw,T4,OC_SORT_prediction,50,107924,median_of_log_recall_0_5,0.383437594365,matched_object,,
rtdetr_l,100,all_yaw,T5,B3_ego_only,50,107924,median_of_log_recall_0_5,0.435161925269,matched_object,,
rtdetr_l,100,all_yaw,T6,B5_ego_object,50,107924,median_of_log_recall_0_5,0.416720667488,matched_object,,
rtdetr_l,100,high_yaw,T0,stale,42,27442,median_of_log_recall_0_5,0.317258195198,matched_object,,
rtdetr_l,100,high_yaw,T1,constant_image_velocity,42,27442,median_of_log_recall_0_5,0.340424650262,matched_object,,
rtdetr_l,100,high_yaw,T2,SORT_Kalman,42,27442,median_of_log_recall_0_5,0.275998676768,matched_object,,
rtdetr_l,100,high_yaw,T3,ByteTrack_prediction,42,27442,median_of_log_recall_0_5,0.290955558195,matched_object,,
rtdetr_l,100,high_yaw,T4,OC_SORT_prediction,42,27442,median_of_log_recall_0_5,0.344602005397,matched_object,,
rtdetr_l,100,high_yaw,T5,B3_ego_only,42,27442,median_of_log_recall_0_5,0.391731925744,matched_object,,
rtdetr_l,100,high_yaw,T6,B5_ego_object,42,27442,median_of_log_recall_0_5,0.373812223788,matched_object,,
rtdetr_l,200,all_yaw,T0,stale,50,106270,median_of_log_recall_0_5,0.325150276201,matched_object,,
rtdetr_l,200,all_yaw,T1,constant_image_velocity,50,106270,median_of_log_recall_0_5,0.3098447593,matched_object,,
rtdetr_l,200,all_yaw,T2,SORT_Kalman,50,106270,median_of_log_recall_0_5,0.297149762047,matched_object,,
rtdetr_l,200,all_yaw,T3,ByteTrack_prediction,50,106270,median_of_log_recall_0_5,0.317635091048,matched_object,,
rtdetr_l,200,all_yaw,T4,OC_SORT_prediction,50,106270,median_of_log_recall_0_5,0.318398313082,matched_object,,
rtdetr_l,200,all_yaw,T5,B3_ego_only,50,106270,median_of_log_recall_0_5,0.41188437406,matched_object,,
rtdetr_l,200,all_yaw,T6,B5_ego_object,50,106270,median_of_log_recall_0_5,0.386020570864,matched_object,,
rtdetr_l,200,high_yaw,T0,stale,42,26710,median_of_log_recall_0_5,0.216721843482,matched_object,,
rtdetr_l,200,high_yaw,T1,constant_image_velocity,42,26710,median_of_log_recall_0_5,0.285116309951,matched_object,,
rtdetr_l,200,high_yaw,T2,SORT_Kalman,42,26710,median_of_log_recall_0_5,0.197883415805,matched_object,,
rtdetr_l,200,high_yaw,T3,ByteTrack_prediction,42,26710,median_of_log_recall_0_5,0.219314388684,matched_object,,
rtdetr_l,200,high_yaw,T4,OC_SORT_prediction,42,26710,median_of_log_recall_0_5,0.292791910302,matched_object,,
rtdetr_l,200,high_yaw,T5,B3_ego_only,42,26710,median_of_log_recall_0_5,0.375482273345,matched_object,,
rtdetr_l,200,high_yaw,T6,B5_ego_object,42,26710,median_of_log_recall_0_5,0.350767048068,matched_object,,
rtdetr_l,300,all_yaw,T0,stale,50,104551,median_of_log_recall_0_5,0.253415653442,matched_object,,
rtdetr_l,300,all_yaw,T1,constant_image_velocity,50,104551,median_of_log_recall_0_5,0.261488616188,matched_object,,
rtdetr_l,300,all_yaw,T2,SORT_Kalman,50,104551,median_of_log_recall_0_5,0.243621561172,matched_object,,
rtdetr_l,300,all_yaw,T3,ByteTrack_prediction,50,104551,median_of_log_recall_0_5,0.287204962398,matched_object,,
rtdetr_l,300,all_yaw,T4,OC_SORT_prediction,50,104551,median_of_log_recall_0_5,0.269211949496,matched_object,,
rtdetr_l,300,all_yaw,T5,B3_ego_only,50,104551,median_of_log_recall_0_5,0.38850931677,matched_object,,
rtdetr_l,300,all_yaw,T6,B5_ego_object,50,104551,median_of_log_recall_0_5,0.358548797118,matched_object,,
rtdetr_l,300,high_yaw,T0,stale,40,25729,median_of_log_recall_0_5,0.15843982684,matched_object,,
rtdetr_l,300,high_yaw,T1,constant_image_velocity,40,25729,median_of_log_recall_0_5,0.229001292109,matched_object,,
rtdetr_l,300,high_yaw,T2,SORT_Kalman,40,25729,median_of_log_recall_0_5,0.142975438596,matched_object,,
rtdetr_l,300,high_yaw,T3,ByteTrack_prediction,40,25729,median_of_log_recall_0_5,0.155083706547,matched_object,,
rtdetr_l,300,high_yaw,T4,OC_SORT_prediction,40,25729,median_of_log_recall_0_5,0.237271337896,matched_object,,
rtdetr_l,300,high_yaw,T5,B3_ego_only,40,25729,median_of_log_recall_0_5,0.361674296926,matched_object,,
rtdetr_l,300,high_yaw,T6,B5_ego_object,40,25729,median_of_log_recall_0_5,0.314073694544,matched_object,,
rtdetr_l,400,all_yaw,T0,stale,50,102820,median_of_log_recall_0_5,0.213215356072,matched_object,,
rtdetr_l,400,all_yaw,T1,constant_image_velocity,50,102820,median_of_log_recall_0_5,0.223132072279,matched_object,,
rtdetr_l,400,all_yaw,T2,SORT_Kalman,50,102820,median_of_log_recall_0_5,0.208612815756,matched_object,,
rtdetr_l,400,all_yaw,T3,ByteTrack_prediction,50,102820,median_of_log_recall_0_5,0.251438785778,matched_object,,
rtdetr_l,400,all_yaw,T4,OC_SORT_prediction,50,102820,median_of_log_recall_0_5,0.228732542702,matched_object,,
rtdetr_l,400,all_yaw,T5,B3_ego_only,50,102820,median_of_log_recall_0_5,0.367920325921,matched_object,,
rtdetr_l,400,all_yaw,T6,B5_ego_object,50,102820,median_of_log_recall_0_5,0.325993748787,matched_object,,
rtdetr_l,400,high_yaw,T0,stale,39,25104,median_of_log_recall_0_5,0.112676056338,matched_object,,
rtdetr_l,400,high_yaw,T1,constant_image_velocity,39,25104,median_of_log_recall_0_5,0.189138576779,matched_object,,
rtdetr_l,400,high_yaw,T2,SORT_Kalman,39,25104,median_of_log_recall_0_5,0.108651911469,matched_object,,
rtdetr_l,400,high_yaw,T3,ByteTrack_prediction,39,25104,median_of_log_recall_0_5,0.123046875,matched_object,,
rtdetr_l,400,high_yaw,T4,OC_SORT_prediction,39,25104,median_of_log_recall_0_5,0.194756554307,matched_object,,
rtdetr_l,400,high_yaw,T5,B3_ego_only,39,25104,median_of_log_recall_0_5,0.352490421456,matched_object,,
rtdetr_l,400,high_yaw,T6,B5_ego_object,39,25104,median_of_log_recall_0_5,0.282771535581,matched_object,,
rtdetr_l,500,all_yaw,T0,stale,50,101071,median_of_log_recall_0_5,0.185876968945,matched_object,,
rtdetr_l,500,all_yaw,T1,constant_image_velocity,50,101071,median_of_log_recall_0_5,0.190045933954,matched_object,,
rtdetr_l,500,all_yaw,T2,SORT_Kalman,50,101071,median_of_log_recall_0_5,0.181921133173,matched_object,,
rtdetr_l,500,all_yaw,T3,ByteTrack_prediction,50,101071,median_of_log_recall_0_5,0.222189485261,matched_object,,
rtdetr_l,500,all_yaw,T4,OC_SORT_prediction,50,101071,median_of_log_recall_0_5,0.192810273968,matched_object,,
rtdetr_l,500,all_yaw,T5,B3_ego_only,50,101071,median_of_log_recall_0_5,0.346126341564,matched_object,,
rtdetr_l,500,all_yaw,T6,B5_ego_object,50,101071,median_of_log_recall_0_5,0.296040144754,matched_object,,
rtdetr_l,500,high_yaw,T0,stale,38,24370,median_of_log_recall_0_5,0.08295958154,matched_object,,
rtdetr_l,500,high_yaw,T1,constant_image_velocity,38,24370,median_of_log_recall_0_5,0.147420159726,matched_object,,
rtdetr_l,500,high_yaw,T2,SORT_Kalman,38,24370,median_of_log_recall_0_5,0.0776144418293,matched_object,,
rtdetr_l,500,high_yaw,T3,ByteTrack_prediction,38,24370,median_of_log_recall_0_5,0.100446799093,matched_object,,
rtdetr_l,500,high_yaw,T4,OC_SORT_prediction,38,24370,median_of_log_recall_0_5,0.14933950935,matched_object,,
rtdetr_l,500,high_yaw,T5,B3_ego_only,38,24370,median_of_log_recall_0_5,0.335580182529,matched_object,,
rtdetr_l,500,high_yaw,T6,B5_ego_object,38,24370,median_of_log_recall_0_5,0.258453890576,matched_object,,
rtdetr_l,100,all_yaw,T0,,50,,ap_50_95,0.0581093456831,persistent_object,163423,160309
rtdetr_l,100,high_yaw,T0,,42,,ap_50_95,0.0458876114314,persistent_object,43159,42373
rtdetr_l,200,all_yaw,T0,,50,,ap_50_95,0.0394102471127,persistent_object,160792,159250
rtdetr_l,200,high_yaw,T0,,42,,ap_50_95,0.0223067855456,persistent_object,41803,41861
rtdetr_l,300,all_yaw,T0,,50,,ap_50_95,0.0248045871014,persistent_object,158188,158205
rtdetr_l,300,high_yaw,T0,,40,,ap_50_95,0.0146835539602,persistent_object,40430,40969
rtdetr_l,400,all_yaw,T0,,50,,ap_50_95,0.0206955513591,persistent_object,155610,157131
rtdetr_l,400,high_yaw,T0,,39,,ap_50_95,0.00914187876202,persistent_object,39484,40633
rtdetr_l,500,all_yaw,T0,,50,,ap_50_95,0.0194012269825,persistent_object,153059,156081
rtdetr_l,500,high_yaw,T0,,38,,ap_50_95,0.00585485486496,persistent_object,38358,40174
rtdetr_l,100,all_yaw,T1,,50,,ap_50_95,0.0692273324923,persistent_object,163423,160309
rtdetr_l,100,high_yaw,T1,,42,,ap_50_95,0.0685395997182,persistent_object,43159,42373
rtdetr_l,200,all_yaw,T1,,50,,ap_50_95,0.0536191095298,persistent_object,160792,159250
rtdetr_l,200,high_yaw,T1,,42,,ap_50_95,0.050298257184,persistent_object,41803,41861
rtdetr_l,300,all_yaw,T1,,50,,ap_50_95,0.0407621731702,persistent_object,158188,158205
rtdetr_l,300,high_yaw,T1,,40,,ap_50_95,0.0364129517643,persistent_object,40430,40969
rtdetr_l,400,all_yaw,T1,,50,,ap_50_95,0.0300191347322,persistent_object,155610,157131
rtdetr_l,400,high_yaw,T1,,39,,ap_50_95,0.0254335763247,persistent_object,39484,40633
rtdetr_l,500,all_yaw,T1,,50,,ap_50_95,0.0221276344082,persistent_object,153059,156081
rtdetr_l,500,high_yaw,T1,,38,,ap_50_95,0.0206996025634,persistent_object,38358,40174
rtdetr_l,100,all_yaw,T2,,50,,ap_50_95,0.0525714662055,persistent_object,163423,160309
rtdetr_l,100,high_yaw,T2,,42,,ap_50_95,0.0377689020051,persistent_object,43159,42373
rtdetr_l,200,all_yaw,T2,,50,,ap_50_95,0.0358256935613,persistent_object,160792,159250
rtdetr_l,200,high_yaw,T2,,42,,ap_50_95,0.019897699919,persistent_object,41803,41861
rtdetr_l,300,all_yaw,T2,,50,,ap_50_95,0.0228666619052,persistent_object,158188,158205
rtdetr_l,300,high_yaw,T2,,40,,ap_50_95,0.012900290559,persistent_object,40430,40969
rtdetr_l,400,all_yaw,T2,,50,,ap_50_95,0.0206795609665,persistent_object,155610,157131
rtdetr_l,400,high_yaw,T2,,39,,ap_50_95,0.00880437023928,persistent_object,39484,40633
rtdetr_l,500,all_yaw,T2,,50,,ap_50_95,0.0191710974779,persistent_object,153059,156081
rtdetr_l,500,high_yaw,T2,,38,,ap_50_95,0.00591986279123,persistent_object,38358,40174
rtdetr_l,100,all_yaw,T3,,50,,ap_50_95,0.0538605610766,persistent_object,163423,160309
rtdetr_l,100,high_yaw,T3,,42,,ap_50_95,0.0396668071175,persistent_object,43159,42373
rtdetr_l,200,all_yaw,T3,,50,,ap_50_95,0.0427170248508,persistent_object,160792,159250
rtdetr_l,200,high_yaw,T3,,42,,ap_50_95,0.025388767265,persistent_object,41803,41861
rtdetr_l,300,all_yaw,T3,,50,,ap_50_95,0.0338520238608,persistent_object,158188,158205
rtdetr_l,300,high_yaw,T3,,40,,ap_50_95,0.0149680337361,persistent_object,40430,40969
rtdetr_l,400,all_yaw,T3,,50,,ap_50_95,0.0258245996905,persistent_object,155610,157131
rtdetr_l,400,high_yaw,T3,,39,,ap_50_95,0.00994001183486,persistent_object,39484,40633
rtdetr_l,500,all_yaw,T3,,50,,ap_50_95,0.0210534591434,persistent_object,153059,156081
rtdetr_l,500,high_yaw,T3,,38,,ap_50_95,0.00691485307057,persistent_object,38358,40174
rtdetr_l,100,all_yaw,T4,,50,,ap_50_95,0.0694546913412,persistent_object,163423,160309
rtdetr_l,100,high_yaw,T4,,42,,ap_50_95,0.0668437618464,persistent_object,43159,42373
rtdetr_l,200,all_yaw,T4,,50,,ap_50_95,0.0535202064505,persistent_object,160792,159250
rtdetr_l,200,high_yaw,T4,,42,,ap_50_95,0.0507384800975,persistent_object,41803,41861
rtdetr_l,300,all_yaw,T4,,50,,ap_50_95,0.0403783928911,persistent_object,158188,158205
rtdetr_l,300,high_yaw,T4,,40,,ap_50_95,0.0365748057749,persistent_object,40430,40969
rtdetr_l,400,all_yaw,T4,,50,,ap_50_95,0.030576421966,persistent_object,155610,157131
rtdetr_l,400,high_yaw,T4,,39,,ap_50_95,0.0267749935642,persistent_object,39484,40633
rtdetr_l,500,all_yaw,T4,,50,,ap_50_95,0.0225019611308,persistent_object,153059,156081
rtdetr_l,500,high_yaw,T4,,38,,ap_50_95,0.0206563883596,persistent_object,38358,40174
rtdetr_l,100,all_yaw,T5,,50,,ap_50_95,0.0699588617377,persistent_object,163423,160309
rtdetr_l,100,high_yaw,T5,,42,,ap_50_95,0.0672995655611,persistent_object,43159,42373
rtdetr_l,200,all_yaw,T5,,50,,ap_50_95,0.0612634113692,persistent_object,160792,159250
rtdetr_l,200,high_yaw,T5,,42,,ap_50_95,0.0573575491547,persistent_object,41803,41861
rtdetr_l,300,all_yaw,T5,,50,,ap_50_95,0.0531093392964,persistent_object,158188,158205
rtdetr_l,300,high_yaw,T5,,40,,ap_50_95,0.0484192845201,persistent_object,40430,40969
rtdetr_l,400,all_yaw,T5,,50,,ap_50_95,0.0458979828717,persistent_object,155610,157131
rtdetr_l,400,high_yaw,T5,,39,,ap_50_95,0.0417814257147,persistent_object,39484,40633
rtdetr_l,500,all_yaw,T5,,50,,ap_50_95,0.0395888137653,persistent_object,153059,156081
rtdetr_l,500,high_yaw,T5,,38,,ap_50_95,0.0375174004714,persistent_object,38358,40174
rtdetr_l,100,all_yaw,T6,,50,,ap_50_95,0.0738721293905,persistent_object,163423,160309
rtdetr_l,100,high_yaw,T6,,42,,ap_50_95,0.0690612721707,persistent_object,43159,42373
rtdetr_l,200,all_yaw,T6,,50,,ap_50_95,0.0628874780889,persistent_object,160792,159250
rtdetr_l,200,high_yaw,T6,,42,,ap_50_95,0.0621159934042,persistent_object,41803,41861
rtdetr_l,300,all_yaw,T6,,50,,ap_50_95,0.0550878818213,persistent_object,158188,158205
rtdetr_l,300,high_yaw,T6,,40,,ap_50_95,0.0495480843459,persistent_object,40430,40969
rtdetr_l,400,all_yaw,T6,,50,,ap_50_95,0.0418761188504,persistent_object,155610,157131
rtdetr_l,400,high_yaw,T6,,39,,ap_50_95,0.0359774542004,persistent_object,39484,40633
rtdetr_l,500,all_yaw,T6,,50,,ap_50_95,0.0340016952062,persistent_object,153059,156081
rtdetr_l,500,high_yaw,T6,,38,,ap_50_95,0.0294949379671,persistent_object,38358,40174
rtdetr_l,100,all_yaw,T0,,50,,ap50,0.1823209709,persistent_object,163423,160309
rtdetr_l,100,high_yaw,T0,,42,,ap50,0.14553249869,persistent_object,43159,42373
rtdetr_l,200,all_yaw,T0,,50,,ap50,0.137503895579,persistent_object,160792,159250
rtdetr_l,200,high_yaw,T0,,42,,ap50,0.0880208481267,persistent_object,41803,41861
rtdetr_l,300,all_yaw,T0,,50,,ap50,0.10198584693,persistent_object,158188,158205
rtdetr_l,300,high_yaw,T0,,40,,ap50,0.0538387245609,persistent_object,40430,40969
rtdetr_l,400,all_yaw,T0,,50,,ap50,0.0802628168226,persistent_object,155610,157131
rtdetr_l,400,high_yaw,T0,,39,,ap50,0.0355946764465,persistent_object,39484,40633
rtdetr_l,500,all_yaw,T0,,50,,ap50,0.0672465395378,persistent_object,153059,156081
rtdetr_l,500,high_yaw,T0,,38,,ap50,0.0287916720557,persistent_object,38358,40174
rtdetr_l,100,all_yaw,T1,,50,,ap50,0.183379622142,persistent_object,163423,160309
rtdetr_l,100,high_yaw,T1,,42,,ap50,0.168000758731,persistent_object,43159,42373
rtdetr_l,200,all_yaw,T1,,50,,ap50,0.156673156901,persistent_object,160792,159250
rtdetr_l,200,high_yaw,T1,,42,,ap50,0.140675133004,persistent_object,41803,41861
rtdetr_l,300,all_yaw,T1,,50,,ap50,0.127182837902,persistent_object,158188,158205
rtdetr_l,300,high_yaw,T1,,40,,ap50,0.101917372532,persistent_object,40430,40969
rtdetr_l,400,all_yaw,T1,,50,,ap50,0.102187886638,persistent_object,155610,157131
rtdetr_l,400,high_yaw,T1,,39,,ap50,0.0812520812178,persistent_object,39484,40633
rtdetr_l,500,all_yaw,T1,,50,,ap50,0.0792147884354,persistent_object,153059,156081
rtdetr_l,500,high_yaw,T1,,38,,ap50,0.0594277028424,persistent_object,38358,40174
rtdetr_l,100,all_yaw,T2,,50,,ap50,0.172416764659,persistent_object,163423,160309
rtdetr_l,100,high_yaw,T2,,42,,ap50,0.128892902438,persistent_object,43159,42373
rtdetr_l,200,all_yaw,T2,,50,,ap50,0.126528131549,persistent_object,160792,159250
rtdetr_l,200,high_yaw,T2,,42,,ap50,0.0750779721923,persistent_object,41803,41861
rtdetr_l,300,all_yaw,T2,,50,,ap50,0.10193300665,persistent_object,158188,158205
rtdetr_l,300,high_yaw,T2,,40,,ap50,0.0515859107201,persistent_object,40430,40969
rtdetr_l,400,all_yaw,T2,,50,,ap50,0.0776046436483,persistent_object,155610,157131
rtdetr_l,400,high_yaw,T2,,39,,ap50,0.0359663330485,persistent_object,39484,40633
rtdetr_l,500,all_yaw,T2,,50,,ap50,0.0657374763559,persistent_object,153059,156081
rtdetr_l,500,high_yaw,T2,,38,,ap50,0.0295262035364,persistent_object,38358,40174
rtdetr_l,100,all_yaw,T3,,50,,ap50,0.169504964323,persistent_object,163423,160309
rtdetr_l,100,high_yaw,T3,,42,,ap50,0.13871684415,persistent_object,43159,42373
rtdetr_l,200,all_yaw,T3,,50,,ap50,0.135925203721,persistent_object,160792,159250
rtdetr_l,200,high_yaw,T3,,42,,ap50,0.0852286636333,persistent_object,41803,41861
rtdetr_l,300,all_yaw,T3,,50,,ap50,0.114499865008,persistent_object,158188,158205
rtdetr_l,300,high_yaw,T3,,40,,ap50,0.0594457137498,persistent_object,40430,40969
rtdetr_l,400,all_yaw,T3,,50,,ap50,0.0989744976768,persistent_object,155610,157131
rtdetr_l,400,high_yaw,T3,,39,,ap50,0.0440943203746,persistent_object,39484,40633
rtdetr_l,500,all_yaw,T3,,50,,ap50,0.0831289640931,persistent_object,153059,156081
rtdetr_l,500,high_yaw,T3,,38,,ap50,0.0329537696432,persistent_object,38358,40174
rtdetr_l,100,all_yaw,T4,,50,,ap50,0.183082392118,persistent_object,163423,160309
rtdetr_l,100,high_yaw,T4,,42,,ap50,0.165117648498,persistent_object,43159,42373
rtdetr_l,200,all_yaw,T4,,50,,ap50,0.157511778969,persistent_object,160792,159250
rtdetr_l,200,high_yaw,T4,,42,,ap50,0.140012161688,persistent_object,41803,41861
rtdetr_l,300,all_yaw,T4,,50,,ap50,0.125749343664,persistent_object,158188,158205
rtdetr_l,300,high_yaw,T4,,40,,ap50,0.107874725606,persistent_object,40430,40969
rtdetr_l,400,all_yaw,T4,,50,,ap50,0.101166410119,persistent_object,155610,157131
rtdetr_l,400,high_yaw,T4,,39,,ap50,0.0813931236307,persistent_object,39484,40633
rtdetr_l,500,all_yaw,T4,,50,,ap50,0.0788653868947,persistent_object,153059,156081
rtdetr_l,500,high_yaw,T4,,38,,ap50,0.060340262029,persistent_object,38358,40174
rtdetr_l,100,all_yaw,T5,,50,,ap50,0.198582357416,persistent_object,163423,160309
rtdetr_l,100,high_yaw,T5,,42,,ap50,0.191380873166,persistent_object,43159,42373
rtdetr_l,200,all_yaw,T5,,50,,ap50,0.182840905601,persistent_object,160792,159250
rtdetr_l,200,high_yaw,T5,,42,,ap50,0.174074773612,persistent_object,41803,41861
rtdetr_l,300,all_yaw,T5,,50,,ap50,0.167064440694,persistent_object,158188,158205
rtdetr_l,300,high_yaw,T5,,40,,ap50,0.148287772426,persistent_object,40430,40969
rtdetr_l,400,all_yaw,T5,,50,,ap50,0.150324361218,persistent_object,155610,157131
rtdetr_l,400,high_yaw,T5,,39,,ap50,0.131761896937,persistent_object,39484,40633
rtdetr_l,500,all_yaw,T5,,50,,ap50,0.12873793273,persistent_object,153059,156081
rtdetr_l,500,high_yaw,T5,,38,,ap50,0.119163721773,persistent_object,38358,40174
rtdetr_l,100,all_yaw,T6,,50,,ap50,0.199978614073,persistent_object,163423,160309
rtdetr_l,100,high_yaw,T6,,42,,ap50,0.187506430276,persistent_object,43159,42373
rtdetr_l,200,all_yaw,T6,,50,,ap50,0.180877298343,persistent_object,160792,159250
rtdetr_l,200,high_yaw,T6,,42,,ap50,0.176986143435,persistent_object,41803,41861
rtdetr_l,300,all_yaw,T6,,50,,ap50,0.166052508039,persistent_object,158188,158205
rtdetr_l,300,high_yaw,T6,,40,,ap50,0.153910851229,persistent_object,40430,40969
rtdetr_l,400,all_yaw,T6,,50,,ap50,0.143166656812,persistent_object,155610,157131
rtdetr_l,400,high_yaw,T6,,39,,ap50,0.126626792251,persistent_object,39484,40633
rtdetr_l,500,all_yaw,T6,,50,,ap50,0.121680229301,persistent_object,153059,156081
rtdetr_l,500,high_yaw,T6,,38,,ap50,0.105973442507,persistent_object,38358,40174
rtdetr_l,100,all_yaw,T0,,50,,ap75,0.0188031493928,persistent_object,163423,160309
rtdetr_l,100,high_yaw,T0,,42,,ap75,0.0120234046112,persistent_object,43159,42373
rtdetr_l,200,all_yaw,T0,,50,,ap75,0.00778892745115,persistent_object,160792,159250
rtdetr_l,200,high_yaw,T0,,42,,ap75,0.00268948380381,persistent_object,41803,41861
rtdetr_l,300,all_yaw,T0,,50,,ap75,0.00368957033106,persistent_object,158188,158205
rtdetr_l,300,high_yaw,T0,,40,,ap75,0.000501357555208,persistent_object,40430,40969
rtdetr_l,400,all_yaw,T0,,50,,ap75,0.00329045907527,persistent_object,155610,157131
rtdetr_l,400,high_yaw,T0,,39,,ap75,0.000303725563845,persistent_object,39484,40633
rtdetr_l,500,all_yaw,T0,,50,,ap75,0.00245533637581,persistent_object,153059,156081
rtdetr_l,500,high_yaw,T0,,38,,ap75,0.000233529270086,persistent_object,38358,40174
rtdetr_l,100,all_yaw,T1,,50,,ap75,0.0344311817185,persistent_object,163423,160309
rtdetr_l,100,high_yaw,T1,,42,,ap75,0.0269471220169,persistent_object,43159,42373
rtdetr_l,200,all_yaw,T1,,50,,ap75,0.0256356642511,persistent_object,160792,159250
rtdetr_l,200,high_yaw,T1,,42,,ap75,0.0214437935555,persistent_object,41803,41861
rtdetr_l,300,all_yaw,T1,,50,,ap75,0.0157152106223,persistent_object,158188,158205
rtdetr_l,300,high_yaw,T1,,40,,ap75,0.0128058233368,persistent_object,40430,40969
rtdetr_l,400,all_yaw,T1,,50,,ap75,0.00952237256718,persistent_object,155610,157131
rtdetr_l,400,high_yaw,T1,,39,,ap75,0.00651989445636,persistent_object,39484,40633
rtdetr_l,500,all_yaw,T1,,50,,ap75,0.00659968180325,persistent_object,153059,156081
rtdetr_l,500,high_yaw,T1,,38,,ap75,0.00340527537309,persistent_object,38358,40174
rtdetr_l,100,all_yaw,T2,,50,,ap75,0.0144231768932,persistent_object,163423,160309
rtdetr_l,100,high_yaw,T2,,42,,ap75,0.0077257907133,persistent_object,43159,42373
rtdetr_l,200,all_yaw,T2,,50,,ap75,0.00663188240384,persistent_object,160792,159250
rtdetr_l,200,high_yaw,T2,,42,,ap75,0.00200031486615,persistent_object,41803,41861
rtdetr_l,300,all_yaw,T2,,50,,ap75,0.00387308827606,persistent_object,158188,158205
rtdetr_l,300,high_yaw,T2,,40,,ap75,0.000512386330981,persistent_object,40430,40969
rtdetr_l,400,all_yaw,T2,,50,,ap75,0.0030369429084,persistent_object,155610,157131
rtdetr_l,400,high_yaw,T2,,39,,ap75,0.0002200220022,persistent_object,39484,40633
rtdetr_l,500,all_yaw,T2,,50,,ap75,0.00224364231574,persistent_object,153059,156081
rtdetr_l,500,high_yaw,T2,,38,,ap75,0.000193790213867,persistent_object,38358,40174
rtdetr_l,100,all_yaw,T3,,50,,ap75,0.0167589982468,persistent_object,163423,160309
rtdetr_l,100,high_yaw,T3,,42,,ap75,0.0102470297587,persistent_object,43159,42373
rtdetr_l,200,all_yaw,T3,,50,,ap75,0.0122036421909,persistent_object,160792,159250
rtdetr_l,200,high_yaw,T3,,42,,ap75,0.00361442633595,persistent_object,41803,41861
rtdetr_l,300,all_yaw,T3,,50,,ap75,0.00732032664822,persistent_object,158188,158205
rtdetr_l,300,high_yaw,T3,,40,,ap75,0.00125723779274,persistent_object,40430,40969
rtdetr_l,400,all_yaw,T3,,50,,ap75,0.00512976184147,persistent_object,155610,157131
rtdetr_l,400,high_yaw,T3,,39,,ap75,0.000470355824181,persistent_object,39484,40633
rtdetr_l,500,all_yaw,T3,,50,,ap75,0.00402774246351,persistent_object,153059,156081
rtdetr_l,500,high_yaw,T3,,38,,ap75,0.000260521965986,persistent_object,38358,40174
rtdetr_l,100,all_yaw,T4,,50,,ap75,0.0342773424032,persistent_object,163423,160309
rtdetr_l,100,high_yaw,T4,,42,,ap75,0.0269987677817,persistent_object,43159,42373
rtdetr_l,200,all_yaw,T4,,50,,ap75,0.0253657361254,persistent_object,160792,159250
rtdetr_l,200,high_yaw,T4,,42,,ap75,0.0209862996035,persistent_object,41803,41861
rtdetr_l,300,all_yaw,T4,,50,,ap75,0.0160224330897,persistent_object,158188,158205
rtdetr_l,300,high_yaw,T4,,40,,ap75,0.0128058233368,persistent_object,40430,40969
rtdetr_l,400,all_yaw,T4,,50,,ap75,0.00957240936764,persistent_object,155610,157131
rtdetr_l,400,high_yaw,T4,,39,,ap75,0.00651989445636,persistent_object,39484,40633
rtdetr_l,500,all_yaw,T4,,50,,ap75,0.00661179352495,persistent_object,153059,156081
rtdetr_l,500,high_yaw,T4,,38,,ap75,0.0033606763186,persistent_object,38358,40174
rtdetr_l,100,all_yaw,T5,,50,,ap75,0.0304522536866,persistent_object,163423,160309
rtdetr_l,100,high_yaw,T5,,42,,ap75,0.0299334237685,persistent_object,43159,42373
rtdetr_l,200,all_yaw,T5,,50,,ap75,0.0248347426167,persistent_object,160792,159250
rtdetr_l,200,high_yaw,T5,,42,,ap75,0.0270341614251,persistent_object,41803,41861
rtdetr_l,300,all_yaw,T5,,50,,ap75,0.0198860836424,persistent_object,158188,158205
rtdetr_l,300,high_yaw,T5,,40,,ap75,0.0227266290438,persistent_object,40430,40969
rtdetr_l,400,all_yaw,T5,,50,,ap75,0.0148448964447,persistent_object,155610,157131
rtdetr_l,400,high_yaw,T5,,39,,ap75,0.0180639766827,persistent_object,39484,40633
rtdetr_l,500,all_yaw,T5,,50,,ap75,0.0105459694167,persistent_object,153059,156081
rtdetr_l,500,high_yaw,T5,,38,,ap75,0.0120360312453,persistent_object,38358,40174
rtdetr_l,100,all_yaw,T6,,50,,ap75,0.0329430163645,persistent_object,163423,160309
rtdetr_l,100,high_yaw,T6,,42,,ap75,0.0330982350341,persistent_object,43159,42373
rtdetr_l,200,all_yaw,T6,,50,,ap75,0.0253372662498,persistent_object,160792,159250
rtdetr_l,200,high_yaw,T6,,42,,ap75,0.0238978890803,persistent_object,41803,41861
rtdetr_l,300,all_yaw,T6,,50,,ap75,0.0163217079723,persistent_object,158188,158205
rtdetr_l,300,high_yaw,T6,,40,,ap75,0.0182407890211,persistent_object,40430,40969
rtdetr_l,400,all_yaw,T6,,50,,ap75,0.0124323465495,persistent_object,155610,157131
rtdetr_l,400,high_yaw,T6,,39,,ap75,0.0119191518651,persistent_object,39484,40633
rtdetr_l,500,all_yaw,T6,,50,,ap75,0.0078873964451,persistent_object,153059,156081
rtdetr_l,500,high_yaw,T6,,38,,ap75,0.00818284543461,persistent_object,38358,40174
rtdetr_l,100,all_yaw,T0,,50,,precision,0.259293042957,persistent_object,163423,160309
rtdetr_l,100,high_yaw,T0,,42,,precision,0.230151920782,persistent_object,43159,42373
rtdetr_l,200,all_yaw,T0,,50,,precision,0.223551647191,persistent_object,160792,159250
rtdetr_l,200,high_yaw,T0,,42,,precision,0.171769648695,persistent_object,41803,41861
rtdetr_l,300,all_yaw,T0,,50,,precision,0.193639819718,persistent_object,158188,158205
rtdetr_l,300,high_yaw,T0,,40,,precision,0.139474385629,persistent_object,40430,40969
rtdetr_l,400,all_yaw,T0,,50,,precision,0.17647500594,persistent_object,155610,157131
rtdetr_l,400,high_yaw,T0,,39,,precision,0.102315160568,persistent_object,39484,40633
rtdetr_l,500,all_yaw,T0,,50,,precision,0.158311709253,persistent_object,153059,156081
rtdetr_l,500,high_yaw,T0,,38,,precision,0.0766627567189,persistent_object,38358,40174
rtdetr_l,100,all_yaw,T1,,50,,precision,0.263276845255,persistent_object,163423,160309
rtdetr_l,100,high_yaw,T1,,42,,precision,0.258952417839,persistent_object,43159,42373
rtdetr_l,200,all_yaw,T1,,50,,precision,0.224990066353,persistent_object,160792,159250
rtdetr_l,200,high_yaw,T1,,42,,precision,0.211921458625,persistent_object,41803,41861
rtdetr_l,300,all_yaw,T1,,50,,precision,0.192780275903,persistent_object,158188,158205
rtdetr_l,300,high_yaw,T1,,40,,precision,0.166351509148,persistent_object,40430,40969
rtdetr_l,400,all_yaw,T1,,50,,precision,0.167250648526,persistent_object,155610,157131
rtdetr_l,400,high_yaw,T1,,39,,precision,0.133709981168,persistent_object,39484,40633
rtdetr_l,500,all_yaw,T1,,50,,precision,0.136377320851,persistent_object,153059,156081
rtdetr_l,500,high_yaw,T1,,38,,precision,0.117611984645,persistent_object,38358,40174
rtdetr_l,100,all_yaw,T2,,50,,precision,0.250398971688,persistent_object,163423,160309
rtdetr_l,100,high_yaw,T2,,42,,precision,0.218285128005,persistent_object,43159,42373
rtdetr_l,200,all_yaw,T2,,50,,precision,0.215874904523,persistent_object,160792,159250
rtdetr_l,200,high_yaw,T2,,42,,precision,0.167428798757,persistent_object,41803,41861
rtdetr_l,300,all_yaw,T2,,50,,precision,0.191742345961,persistent_object,158188,158205
rtdetr_l,300,high_yaw,T2,,40,,precision,0.131920963651,persistent_object,40430,40969
rtdetr_l,400,all_yaw,T2,,50,,precision,0.174762885734,persistent_object,155610,157131
rtdetr_l,400,high_yaw,T2,,39,,precision,0.104555638536,persistent_object,39484,40633
rtdetr_l,500,all_yaw,T2,,50,,precision,0.159817286658,persistent_object,153059,156081
rtdetr_l,500,high_yaw,T2,,38,,precision,0.0766945717104,persistent_object,38358,40174
rtdetr_l,100,all_yaw,T3,,50,,precision,0.257320892684,persistent_object,163423,160309
rtdetr_l,100,high_yaw,T3,,42,,precision,0.218769786985,persistent_object,43159,42373
rtdetr_l,200,all_yaw,T3,,50,,precision,0.228945602556,persistent_object,160792,159250
rtdetr_l,200,high_yaw,T3,,42,,precision,0.18375393567,persistent_object,41803,41861
rtdetr_l,300,all_yaw,T3,,50,,precision,0.210125960765,persistent_object,158188,158205
rtdetr_l,300,high_yaw,T3,,40,,precision,0.146138192292,persistent_object,40430,40969
rtdetr_l,400,all_yaw,T3,,50,,precision,0.193215044211,persistent_object,155610,157131
rtdetr_l,400,high_yaw,T3,,39,,precision,0.12982832618,persistent_object,39484,40633
rtdetr_l,500,all_yaw,T3,,50,,precision,0.172747328354,persistent_object,153059,156081
rtdetr_l,500,high_yaw,T3,,38,,precision,0.100034335374,persistent_object,38358,40174
rtdetr_l,100,all_yaw,T4,,50,,precision,0.266627733574,persistent_object,163423,160309
rtdetr_l,100,high_yaw,T4,,42,,precision,0.263624310403,persistent_object,43159,42373
rtdetr_l,200,all_yaw,T4,,50,,precision,0.228770781865,persistent_object,160792,159250
rtdetr_l,200,high_yaw,T4,,42,,precision,0.223203989404,persistent_object,41803,41861
rtdetr_l,300,all_yaw,T4,,50,,precision,0.194067633528,persistent_object,158188,158205
rtdetr_l,300,high_yaw,T4,,40,,precision,0.180825266451,persistent_object,40430,40969
rtdetr_l,400,all_yaw,T4,,50,,precision,0.171380296045,persistent_object,155610,157131
rtdetr_l,400,high_yaw,T4,,39,,precision,0.144280968201,persistent_object,39484,40633
rtdetr_l,500,all_yaw,T4,,50,,precision,0.141109113468,persistent_object,153059,156081
rtdetr_l,500,high_yaw,T4,,38,,precision,0.119947476665,persistent_object,38358,40174
rtdetr_l,100,all_yaw,T5,,50,,precision,0.287071340171,persistent_object,163423,160309
rtdetr_l,100,high_yaw,T5,,42,,precision,0.28211302132,persistent_object,43159,42373
rtdetr_l,200,all_yaw,T5,,50,,precision,0.279025047035,persistent_object,160792,159250
rtdetr_l,200,high_yaw,T5,,42,,precision,0.26093007261,persistent_object,41803,41861
rtdetr_l,300,all_yaw,T5,,50,,precision,0.256606150249,persistent_object,158188,158205
rtdetr_l,300,high_yaw,T5,,40,,precision,0.234448250749,persistent_object,40430,40969
rtdetr_l,400,all_yaw,T5,,50,,precision,0.245308293881,persistent_object,155610,157131
rtdetr_l,400,high_yaw,T5,,39,,precision,0.220930232558,persistent_object,39484,40633
rtdetr_l,500,all_yaw,T5,,50,,precision,0.227983229573,persistent_object,153059,156081
rtdetr_l,500,high_yaw,T5,,38,,precision,0.218642551646,persistent_object,38358,40174
rtdetr_l,100,all_yaw,T6,,50,,precision,0.282938425699,persistent_object,163423,160309
rtdetr_l,100,high_yaw,T6,,42,,precision,0.286233238021,persistent_object,43159,42373
rtdetr_l,200,all_yaw,T6,,50,,precision,0.267142422446,persistent_object,160792,159250
rtdetr_l,200,high_yaw,T6,,42,,precision,0.263356032731,persistent_object,41803,41861
rtdetr_l,300,all_yaw,T6,,50,,precision,0.252735351734,persistent_object,158188,158205
rtdetr_l,300,high_yaw,T6,,40,,precision,0.239427124206,persistent_object,40430,40969
rtdetr_l,400,all_yaw,T6,,50,,precision,0.232675260776,persistent_object,155610,157131
rtdetr_l,400,high_yaw,T6,,39,,precision,0.211675367822,persistent_object,39484,40633
rtdetr_l,500,all_yaw,T6,,50,,precision,0.212347197985,persistent_object,153059,156081
rtdetr_l,500,high_yaw,T6,,38,,precision,0.189509745748,persistent_object,38358,40174
rtdetr_l,100,all_yaw,T0,,50,,recall,0.286665579745,persistent_object,163423,160309
rtdetr_l,100,high_yaw,T0,,42,,recall,0.248048061535,persistent_object,43159,42373
rtdetr_l,200,all_yaw,T0,,50,,recall,0.235140577028,persistent_object,160792,159250
rtdetr_l,200,high_yaw,T0,,42,,recall,0.17695511708,persistent_object,41803,41861
rtdetr_l,300,all_yaw,T0,,50,,recall,0.2087474552,persistent_object,158188,158205
rtdetr_l,300,high_yaw,T0,,40,,recall,0.144951998478,persistent_object,40430,40969
rtdetr_l,400,all_yaw,T0,,50,,recall,0.186260981236,persistent_object,155610,157131
rtdetr_l,400,high_yaw,T0,,39,,recall,0.112576956904,persistent_object,39484,40633
rtdetr_l,500,all_yaw,T0,,50,,recall,0.172391939735,persistent_object,153059,156081
rtdetr_l,500,high_yaw,T0,,38,,recall,0.0908907435365,persistent_object,38358,40174
rtdetr_l,100,all_yaw,T1,,50,,recall,0.291667281173,persistent_object,163423,160309
rtdetr_l,100,high_yaw,T1,,42,,recall,0.287887481344,persistent_object,43159,42373
rtdetr_l,200,all_yaw,T1,,50,,recall,0.250844607951,persistent_object,160792,159250
rtdetr_l,200,high_yaw,T1,,42,,recall,0.231173921357,persistent_object,41803,41861
rtdetr_l,300,all_yaw,T1,,50,,recall,0.214506255516,persistent_object,158188,158205
rtdetr_l,300,high_yaw,T1,,40,,recall,0.178912829123,persistent_object,40430,40969
rtdetr_l,400,all_yaw,T1,,50,,recall,0.186827635589,persistent_object,155610,157131
rtdetr_l,400,high_yaw,T1,,39,,recall,0.147170917619,persistent_object,39484,40633
rtdetr_l,500,all_yaw,T1,,50,,recall,0.158376194838,persistent_object,153059,156081
rtdetr_l,500,high_yaw,T1,,38,,recall,0.114938738604,persistent_object,38358,40174
rtdetr_l,100,all_yaw,T2,,50,,recall,0.271443142967,persistent_object,163423,160309
rtdetr_l,100,high_yaw,T2,,42,,recall,0.218575128045,persistent_object,43159,42373
rtdetr_l,200,all_yaw,T2,,50,,recall,0.229555803399,persistent_object,160792,159250
rtdetr_l,200,high_yaw,T2,,42,,recall,0.170076495875,persistent_object,41803,41861
rtdetr_l,300,all_yaw,T2,,50,,recall,0.200981710407,persistent_object,158188,158205
rtdetr_l,300,high_yaw,T2,,40,,recall,0.136924122284,persistent_object,40430,40969
rtdetr_l,400,all_yaw,T2,,50,,recall,0.185078188518,persistent_object,155610,157131
rtdetr_l,400,high_yaw,T2,,39,,recall,0.110817941953,persistent_object,39484,40633
rtdetr_l,500,all_yaw,T2,,50,,recall,0.170207288355,persistent_object,153059,156081
rtdetr_l,500,high_yaw,T2,,38,,recall,0.0907457808785,persistent_object,38358,40174
rtdetr_l,100,all_yaw,T3,,50,,recall,0.274518903628,persistent_object,163423,160309
rtdetr_l,100,high_yaw,T3,,42,,recall,0.243946389673,persistent_object,43159,42373
rtdetr_l,200,all_yaw,T3,,50,,recall,0.237978447614,persistent_object,160792,159250
rtdetr_l,200,high_yaw,T3,,42,,recall,0.191825818894,persistent_object,41803,41861
rtdetr_l,300,all_yaw,T3,,50,,recall,0.215635899762,persistent_object,158188,158205
rtdetr_l,300,high_yaw,T3,,40,,recall,0.156861296871,persistent_object,40430,40969
rtdetr_l,400,all_yaw,T3,,50,,recall,0.196248440865,persistent_object,155610,157131
rtdetr_l,400,high_yaw,T3,,39,,recall,0.128440366972,persistent_object,39484,40633
rtdetr_l,500,all_yaw,T3,,50,,recall,0.184347767968,persistent_object,153059,156081
rtdetr_l,500,high_yaw,T3,,38,,recall,0.109373224649,persistent_object,38358,40174
rtdetr_l,100,all_yaw,T4,,50,,recall,0.298577019568,persistent_object,163423,160309
rtdetr_l,100,high_yaw,T4,,42,,recall,0.285755693581,persistent_object,43159,42373
rtdetr_l,200,all_yaw,T4,,50,,recall,0.249768401578,persistent_object,160792,159250
rtdetr_l,200,high_yaw,T4,,42,,recall,0.234410063261,persistent_object,41803,41861
rtdetr_l,300,all_yaw,T4,,50,,recall,0.213583346779,persistent_object,158188,158205
rtdetr_l,300,high_yaw,T4,,40,,recall,0.181855989868,persistent_object,40430,40969
rtdetr_l,400,all_yaw,T4,,50,,recall,0.188565285878,persistent_object,155610,157131
rtdetr_l,400,high_yaw,T4,,39,,recall,0.150641025641,persistent_object,39484,40633
rtdetr_l,500,all_yaw,T4,,50,,recall,0.162065120072,persistent_object,153059,156081
rtdetr_l,500,high_yaw,T4,,38,,recall,0.117000611681,persistent_object,38358,40174
rtdetr_l,100,all_yaw,T5,,50,,recall,0.321234582427,persistent_object,163423,160309
rtdetr_l,100,high_yaw,T5,,42,,recall,0.31238728859,persistent_object,43159,42373
rtdetr_l,200,all_yaw,T5,,50,,recall,0.294195897767,persistent_object,160792,159250
rtdetr_l,200,high_yaw,T5,,42,,recall,0.285205412738,persistent_object,41803,41861
rtdetr_l,300,all_yaw,T5,,50,,recall,0.287540524337,persistent_object,158188,158205
rtdetr_l,300,high_yaw,T5,,40,,recall,0.287307692308,persistent_object,40430,40969
rtdetr_l,400,all_yaw,T5,,50,,recall,0.28266382391,persistent_object,155610,157131
rtdetr_l,400,high_yaw,T5,,39,,recall,0.232371794872,persistent_object,39484,40633
rtdetr_l,500,all_yaw,T5,,50,,recall,0.269198780132,persistent_object,153059,156081
rtdetr_l,500,high_yaw,T5,,38,,recall,0.24838996849,persistent_object,38358,40174
rtdetr_l,100,all_yaw,T6,,50,,recall,0.321301054149,persistent_object,163423,160309
rtdetr_l,100,high_yaw,T6,,42,,recall,0.31477862717,persistent_object,43159,42373
rtdetr_l,200,all_yaw,T6,,50,,recall,0.299989253909,persistent_object,160792,159250
rtdetr_l,200,high_yaw,T6,,42,,recall,0.298110895829,persistent_object,41803,41861
rtdetr_l,300,all_yaw,T6,,50,,recall,0.281568109909,persistent_object,158188,158205
rtdetr_l,300,high_yaw,T6,,40,,recall,0.265481810608,persistent_object,40430,40969
rtdetr_l,400,all_yaw,T6,,50,,recall,0.262069892042,persistent_object,155610,157131
rtdetr_l,400,high_yaw,T6,,39,,recall,0.230769230769,persistent_object,39484,40633
rtdetr_l,500,all_yaw,T6,,50,,recall,0.241529013618,persistent_object,153059,156081
rtdetr_l,500,high_yaw,T6,,38,,recall,0.218279138405,persistent_object,38358,40174
rtdetr_l,100,all_yaw,T0,,50,,false_positives_per_frame,14.5912617395,persistent_object,163423,160309
rtdetr_l,100,high_yaw,T0,,42,,false_positives_per_frame,14.4622222222,persistent_object,43159,42373
rtdetr_l,200,all_yaw,T0,,50,,false_positives_per_frame,15.299991675,persistent_object,160792,159250
rtdetr_l,200,high_yaw,T0,,42,,false_positives_per_frame,14.8780072173,persistent_object,41803,41861
rtdetr_l,300,all_yaw,T0,,50,,false_positives_per_frame,16.0196078432,persistent_object,158188,158205
rtdetr_l,300,high_yaw,T0,,40,,false_positives_per_frame,16.0207990599,persistent_object,40430,40969
rtdetr_l,400,all_yaw,T0,,50,,false_positives_per_frame,16.4868421052,persistent_object,155610,157131
rtdetr_l,400,high_yaw,T0,,39,,false_positives_per_frame,16.3217391304,persistent_object,39484,40633
rtdetr_l,500,all_yaw,T0,,50,,false_positives_per_frame,16.6426851295,persistent_object,153059,156081
rtdetr_l,500,high_yaw,T0,,38,,false_positives_per_frame,17.0182599355,persistent_object,38358,40174
rtdetr_l,100,all_yaw,T1,,50,,false_positives_per_frame,14.7324622295,persistent_object,163423,160309
rtdetr_l,100,high_yaw,T1,,42,,false_positives_per_frame,14.1938888889,persistent_object,43159,42373
rtdetr_l,200,all_yaw,T1,,50,,false_positives_per_frame,15.3004079254,persistent_object,160792,159250
rtdetr_l,200,high_yaw,T1,,42,,false_positives_per_frame,14.7190496948,persistent_object,41803,41861
rtdetr_l,300,all_yaw,T1,,50,,false_positives_per_frame,15.9248366013,persistent_object,158188,158205
rtdetr_l,300,high_yaw,T1,,40,,false_positives_per_frame,15.3596096096,persistent_object,40430,40969
rtdetr_l,400,all_yaw,T1,,50,,false_positives_per_frame,16.2568123939,persistent_object,155610,157131
rtdetr_l,400,high_yaw,T1,,39,,false_positives_per_frame,16.4444444444,persistent_object,39484,40633
rtdetr_l,500,all_yaw,T1,,50,,false_positives_per_frame,16.6753246753,persistent_object,153059,156081
rtdetr_l,500,high_yaw,T1,,38,,false_positives_per_frame,16.8141891892,persistent_object,38358,40174
rtdetr_l,100,all_yaw,T2,,50,,false_positives_per_frame,14.6896692528,persistent_object,163423,160309
rtdetr_l,100,high_yaw,T2,,42,,false_positives_per_frame,14.705,persistent_object,43159,42373
rtdetr_l,200,all_yaw,T2,,50,,false_positives_per_frame,15.4452630703,persistent_object,160792,159250
rtdetr_l,200,high_yaw,T2,,42,,false_positives_per_frame,15.0525260626,persistent_object,41803,41861
rtdetr_l,300,all_yaw,T2,,50,,false_positives_per_frame,16.0653594771,persistent_object,158188,158205
rtdetr_l,300,high_yaw,T2,,40,,false_positives_per_frame,16.0507050528,persistent_object,40430,40969
rtdetr_l,400,all_yaw,T2,,50,,false_positives_per_frame,16.4934210526,persistent_object,155610,157131
rtdetr_l,400,high_yaw,T2,,39,,false_positives_per_frame,16.3565217391,persistent_object,39484,40633
rtdetr_l,500,all_yaw,T2,,50,,false_positives_per_frame,16.636191623,persistent_object,153059,156081
rtdetr_l,500,high_yaw,T2,,38,,false_positives_per_frame,17.0559845559,persistent_object,38358,40174
rtdetr_l,100,all_yaw,T3,,50,,false_positives_per_frame,14.6464066966,persistent_object,163423,160309
rtdetr_l,100,high_yaw,T3,,42,,false_positives_per_frame,14.5376984127,persistent_object,43159,42373
rtdetr_l,200,all_yaw,T3,,50,,false_positives_per_frame,15.0880369631,persistent_object,160792,159250
rtdetr_l,200,high_yaw,T3,,42,,false_positives_per_frame,14.7685445068,persistent_object,41803,41861
rtdetr_l,300,all_yaw,T3,,50,,false_positives_per_frame,15.7607457059,persistent_object,158188,158205
rtdetr_l,300,high_yaw,T3,,40,,false_positives_per_frame,15.6487661575,persistent_object,40430,40969
rtdetr_l,400,all_yaw,T3,,50,,false_positives_per_frame,16.3266831852,persistent_object,155610,157131
rtdetr_l,400,high_yaw,T3,,39,,false_positives_per_frame,16.0260869565,persistent_object,39484,40633
rtdetr_l,500,all_yaw,T3,,50,,false_positives_per_frame,16.6291390729,persistent_object,153059,156081
rtdetr_l,500,high_yaw,T3,,38,,false_positives_per_frame,16.7750626566,persistent_object,38358,40174
rtdetr_l,100,all_yaw,T4,,50,,false_positives_per_frame,14.6368062318,persistent_object,163423,160309
rtdetr_l,100,high_yaw,T4,,42,,false_positives_per_frame,14.1827777778,persistent_object,43159,42373
rtdetr_l,200,all_yaw,T4,,50,,false_positives_per_frame,15.2224129374,persistent_object,160792,159250
rtdetr_l,200,high_yaw,T4,,42,,false_positives_per_frame,14.610765838,persistent_object,41803,41861
rtdetr_l,300,all_yaw,T4,,50,,false_positives_per_frame,15.9138386124,persistent_object,158188,158205
rtdetr_l,300,high_yaw,T4,,40,,false_positives_per_frame,15.3244891233,persistent_object,40430,40969
rtdetr_l,400,all_yaw,T4,,50,,false_positives_per_frame,16.2015280135,persistent_object,155610,157131
rtdetr_l,400,high_yaw,T4,,39,,false_positives_per_frame,15.8243243243,persistent_object,39484,40633
rtdetr_l,500,all_yaw,T4,,50,,false_positives_per_frame,16.5422077922,persistent_object,153059,156081
rtdetr_l,500,high_yaw,T4,,38,,false_positives_per_frame,16.5996621622,persistent_object,38358,40174
rtdetr_l,100,all_yaw,T5,,50,,false_positives_per_frame,14.3610861576,persistent_object,163423,160309
rtdetr_l,100,high_yaw,T5,,42,,false_positives_per_frame,13.1985252005,persistent_object,43159,42373
rtdetr_l,200,all_yaw,T5,,50,,false_positives_per_frame,14.5339978492,persistent_object,160792,159250
rtdetr_l,200,high_yaw,T5,,42,,false_positives_per_frame,13.3895806028,persistent_object,41803,41861
rtdetr_l,300,all_yaw,T5,,50,,false_positives_per_frame,14.7836224233,persistent_object,158188,158205
rtdetr_l,300,high_yaw,T5,,40,,false_positives_per_frame,14.1744840525,persistent_object,40430,40969
rtdetr_l,400,all_yaw,T5,,50,,false_positives_per_frame,14.9054966045,persistent_object,155610,157131
rtdetr_l,400,high_yaw,T5,,39,,false_positives_per_frame,14.3,persistent_object,39484,40633
rtdetr_l,500,all_yaw,T5,,50,,false_positives_per_frame,15.1174636622,persistent_object,153059,156081
rtdetr_l,500,high_yaw,T5,,38,,false_positives_per_frame,14.2683086312,persistent_object,38358,40174
rtdetr_l,100,all_yaw,T6,,50,,false_positives_per_frame,14.3543282973,persistent_object,163423,160309
rtdetr_l,100,high_yaw,T6,,42,,false_positives_per_frame,13.4221076747,persistent_object,43159,42373
rtdetr_l,200,all_yaw,T6,,50,,false_positives_per_frame,14.5493010175,persistent_object,160792,159250
rtdetr_l,200,high_yaw,T6,,42,,false_positives_per_frame,13.7545481221,persistent_object,41803,41861
rtdetr_l,300,all_yaw,T6,,50,,false_positives_per_frame,14.986676722,persistent_object,158188,158205
rtdetr_l,300,high_yaw,T6,,40,,false_positives_per_frame,14.4790450017,persistent_object,40430,40969
rtdetr_l,400,all_yaw,T6,,50,,false_positives_per_frame,15.3442911714,persistent_object,155610,157131
rtdetr_l,400,high_yaw,T6,,39,,false_positives_per_frame,14.985915493,persistent_object,39484,40633
rtdetr_l,500,all_yaw,T6,,50,,false_positives_per_frame,15.8536414566,persistent_object,153059,156081
rtdetr_l,500,high_yaw,T6,,38,,false_positives_per_frame,15.1137750654,persistent_object,38358,40174
rtdetr_l,100,all_yaw,T0,,50,,ap_50_95,0.0577152939054,full_frame,165250,160309
rtdetr_l,100,high_yaw,T0,,42,,ap_50_95,0.0449403449859,full_frame,43950,42373
rtdetr_l,200,all_yaw,T0,,50,,ap_50_95,0.0385125952405,full_frame,164359,159250
rtdetr_l,200,high_yaw,T0,,42,,ap_50_95,0.0216832362044,full_frame,43347,41861
rtdetr_l,300,all_yaw,T0,,50,,ap_50_95,0.0244135374551,full_frame,163427,158205
rtdetr_l,300,high_yaw,T0,,40,,ap_50_95,0.0139200506543,full_frame,42689,40969
rtdetr_l,400,all_yaw,T0,,50,,ap_50_95,0.0201983153079,full_frame,162472,157131
rtdetr_l,400,high_yaw,T0,,39,,ap_50_95,0.00864697359461,full_frame,42464,40633
rtdetr_l,500,all_yaw,T0,,50,,ap_50_95,0.0186218256732,full_frame,161495,156081
rtdetr_l,500,high_yaw,T0,,38,,ap_50_95,0.00571098615809,full_frame,42010,40174
rtdetr_l,100,all_yaw,T1,,50,,ap_50_95,0.0685219373614,full_frame,165250,160309
rtdetr_l,100,high_yaw,T1,,42,,ap_50_95,0.0682353198979,full_frame,43950,42373
rtdetr_l,200,all_yaw,T1,,50,,ap_50_95,0.0526256583135,full_frame,164359,159250
rtdetr_l,200,high_yaw,T1,,42,,ap_50_95,0.0486792100588,full_frame,43347,41861
rtdetr_l,300,all_yaw,T1,,50,,ap_50_95,0.0397836969746,full_frame,163427,158205
rtdetr_l,300,high_yaw,T1,,40,,ap_50_95,0.0339363791646,full_frame,42689,40969
rtdetr_l,400,all_yaw,T1,,50,,ap_50_95,0.0286170631529,full_frame,162472,157131
rtdetr_l,400,high_yaw,T1,,39,,ap_50_95,0.0247551019046,full_frame,42464,40633
rtdetr_l,500,all_yaw,T1,,50,,ap_50_95,0.0213049152011,full_frame,161495,156081
rtdetr_l,500,high_yaw,T1,,38,,ap_50_95,0.0187694517154,full_frame,42010,40174
rtdetr_l,100,all_yaw,T2,,50,,ap_50_95,0.0523997813242,full_frame,165250,160309
rtdetr_l,100,high_yaw,T2,,42,,ap_50_95,0.0368762100207,full_frame,43950,42373
rtdetr_l,200,all_yaw,T2,,50,,ap_50_95,0.0352554706502,full_frame,164359,159250
rtdetr_l,200,high_yaw,T2,,42,,ap_50_95,0.0194632181991,full_frame,43347,41861
rtdetr_l,300,all_yaw,T2,,50,,ap_50_95,0.0225940413668,full_frame,163427,158205
rtdetr_l,300,high_yaw,T2,,40,,ap_50_95,0.0121364410324,full_frame,42689,40969
rtdetr_l,400,all_yaw,T2,,50,,ap_50_95,0.020132047397,full_frame,162472,157131
rtdetr_l,400,high_yaw,T2,,39,,ap_50_95,0.00834127545885,full_frame,42464,40633
rtdetr_l,500,all_yaw,T2,,50,,ap_50_95,0.0185160939325,full_frame,161495,156081
rtdetr_l,500,high_yaw,T2,,38,,ap_50_95,0.0057357546854,full_frame,42010,40174
rtdetr_l,100,all_yaw,T3,,50,,ap_50_95,0.0536400804793,full_frame,165250,160309
rtdetr_l,100,high_yaw,T3,,42,,ap_50_95,0.0388525645313,full_frame,43950,42373
rtdetr_l,200,all_yaw,T3,,50,,ap_50_95,0.0421690463673,full_frame,164359,159250
rtdetr_l,200,high_yaw,T3,,42,,ap_50_95,0.0246221867414,full_frame,43347,41861
rtdetr_l,300,all_yaw,T3,,50,,ap_50_95,0.0329302657005,full_frame,163427,158205
rtdetr_l,300,high_yaw,T3,,40,,ap_50_95,0.0142974599843,full_frame,42689,40969
rtdetr_l,400,all_yaw,T3,,50,,ap_50_95,0.0250879244328,full_frame,162472,157131
rtdetr_l,400,high_yaw,T3,,39,,ap_50_95,0.00951558448014,full_frame,42464,40633
rtdetr_l,500,all_yaw,T3,,50,,ap_50_95,0.0204183317335,full_frame,161495,156081
rtdetr_l,500,high_yaw,T3,,38,,ap_50_95,0.00636242629458,full_frame,42010,40174
rtdetr_l,100,all_yaw,T4,,50,,ap_50_95,0.0687582148188,full_frame,165250,160309
rtdetr_l,100,high_yaw,T4,,42,,ap_50_95,0.0655608492246,full_frame,43950,42373
rtdetr_l,200,all_yaw,T4,,50,,ap_50_95,0.05259998018,full_frame,164359,159250
rtdetr_l,200,high_yaw,T4,,42,,ap_50_95,0.0488947757504,full_frame,43347,41861
rtdetr_l,300,all_yaw,T4,,50,,ap_50_95,0.0391756274596,full_frame,163427,158205
rtdetr_l,300,high_yaw,T4,,40,,ap_50_95,0.0340396043347,full_frame,42689,40969
rtdetr_l,400,all_yaw,T4,,50,,ap_50_95,0.0292096091172,full_frame,162472,157131
rtdetr_l,400,high_yaw,T4,,39,,ap_50_95,0.0248185440691,full_frame,42464,40633
rtdetr_l,500,all_yaw,T4,,50,,ap_50_95,0.0217282697064,full_frame,161495,156081
rtdetr_l,500,high_yaw,T4,,38,,ap_50_95,0.018806058859,full_frame,42010,40174
rtdetr_l,100,all_yaw,T5,,50,,ap_50_95,0.0692186817174,full_frame,165250,160309
rtdetr_l,100,high_yaw,T5,,42,,ap_50_95,0.0670904864988,full_frame,43950,42373
rtdetr_l,200,all_yaw,T5,,50,,ap_50_95,0.0601881648477,full_frame,164359,159250
rtdetr_l,200,high_yaw,T5,,42,,ap_50_95,0.057061238728,full_frame,43347,41861
rtdetr_l,300,all_yaw,T5,,50,,ap_50_95,0.0521657836204,full_frame,163427,158205
rtdetr_l,300,high_yaw,T5,,40,,ap_50_95,0.0466113408206,full_frame,42689,40969
rtdetr_l,400,all_yaw,T5,,50,,ap_50_95,0.0450297481244,full_frame,162472,157131
rtdetr_l,400,high_yaw,T5,,39,,ap_50_95,0.0397169179243,full_frame,42464,40633
rtdetr_l,500,all_yaw,T5,,50,,ap_50_95,0.0380643013499,full_frame,161495,156081
rtdetr_l,500,high_yaw,T5,,38,,ap_50_95,0.0355676774911,full_frame,42010,40174
rtdetr_l,100,all_yaw,T6,,50,,ap_50_95,0.0730603457779,full_frame,165250,160309
rtdetr_l,100,high_yaw,T6,,42,,ap_50_95,0.0675273041771,full_frame,43950,42373
rtdetr_l,200,all_yaw,T6,,50,,ap_50_95,0.0621080922071,full_frame,164359,159250
rtdetr_l,200,high_yaw,T6,,42,,ap_50_95,0.0595971882359,full_frame,43347,41861
rtdetr_l,300,all_yaw,T6,,50,,ap_50_95,0.0540642868241,full_frame,163427,158205
rtdetr_l,300,high_yaw,T6,,40,,ap_50_95,0.0468477602572,full_frame,42689,40969
rtdetr_l,400,all_yaw,T6,,50,,ap_50_95,0.0406683918656,full_frame,162472,157131
rtdetr_l,400,high_yaw,T6,,39,,ap_50_95,0.0350498421796,full_frame,42464,40633
rtdetr_l,500,all_yaw,T6,,50,,ap_50_95,0.0324048723893,full_frame,161495,156081
rtdetr_l,500,high_yaw,T6,,38,,ap_50_95,0.0255024553877,full_frame,42010,40174
rtdetr_l,100,all_yaw,T0,,50,,ap50,0.18136841348,full_frame,165250,160309
rtdetr_l,100,high_yaw,T0,,42,,ap50,0.144303979864,full_frame,43950,42373
rtdetr_l,200,all_yaw,T0,,50,,ap50,0.134342521579,full_frame,164359,159250
rtdetr_l,200,high_yaw,T0,,42,,ap50,0.0846246986269,full_frame,43347,41861
rtdetr_l,300,all_yaw,T0,,50,,ap50,0.100812308005,full_frame,163427,158205
rtdetr_l,300,high_yaw,T0,,40,,ap50,0.0522513142372,full_frame,42689,40969
rtdetr_l,400,all_yaw,T0,,50,,ap50,0.0771376861416,full_frame,162472,157131
rtdetr_l,400,high_yaw,T0,,39,,ap50,0.0353433781,full_frame,42464,40633
rtdetr_l,500,all_yaw,T0,,50,,ap50,0.0658969379184,full_frame,161495,156081
rtdetr_l,500,high_yaw,T0,,38,,ap50,0.0274741188361,full_frame,42010,40174
rtdetr_l,100,all_yaw,T1,,50,,ap50,0.181573560394,full_frame,165250,160309
rtdetr_l,100,high_yaw,T1,,42,,ap50,0.166684773806,full_frame,43950,42373
rtdetr_l,200,all_yaw,T1,,50,,ap50,0.1546090597,full_frame,164359,159250
rtdetr_l,200,high_yaw,T1,,42,,ap50,0.138456703753,full_frame,43347,41861
rtdetr_l,300,all_yaw,T1,,50,,ap50,0.122414728156,full_frame,163427,158205
rtdetr_l,300,high_yaw,T1,,40,,ap50,0.0991814145661,full_frame,42689,40969
rtdetr_l,400,all_yaw,T1,,50,,ap50,0.0989049249472,full_frame,162472,157131
rtdetr_l,400,high_yaw,T1,,39,,ap50,0.0737810786954,full_frame,42464,40633
rtdetr_l,500,all_yaw,T1,,50,,ap50,0.0738990544488,full_frame,161495,156081
rtdetr_l,500,high_yaw,T1,,38,,ap50,0.0547463706609,full_frame,42010,40174
rtdetr_l,100,all_yaw,T2,,50,,ap50,0.16970911471,full_frame,165250,160309
rtdetr_l,100,high_yaw,T2,,42,,ap50,0.126877336644,full_frame,43950,42373
rtdetr_l,200,all_yaw,T2,,50,,ap50,0.124829178635,full_frame,164359,159250
rtdetr_l,200,high_yaw,T2,,42,,ap50,0.0727439303521,full_frame,43347,41861
rtdetr_l,300,all_yaw,T2,,50,,ap50,0.0989038637164,full_frame,163427,158205
rtdetr_l,300,high_yaw,T2,,40,,ap50,0.0502102638338,full_frame,42689,40969
rtdetr_l,400,all_yaw,T2,,50,,ap50,0.0757641775542,full_frame,162472,157131
rtdetr_l,400,high_yaw,T2,,39,,ap50,0.0342387780769,full_frame,42464,40633
rtdetr_l,500,all_yaw,T2,,50,,ap50,0.0648414496807,full_frame,161495,156081
rtdetr_l,500,high_yaw,T2,,38,,ap50,0.0271289494188,full_frame,42010,40174
rtdetr_l,100,all_yaw,T3,,50,,ap50,0.169196291945,full_frame,165250,160309
rtdetr_l,100,high_yaw,T3,,42,,ap50,0.136992634114,full_frame,43950,42373
rtdetr_l,200,all_yaw,T3,,50,,ap50,0.132919664133,full_frame,164359,159250
rtdetr_l,200,high_yaw,T3,,42,,ap50,0.082013594054,full_frame,43347,41861
rtdetr_l,300,all_yaw,T3,,50,,ap50,0.111820398717,full_frame,163427,158205
rtdetr_l,300,high_yaw,T3,,40,,ap50,0.0559543280849,full_frame,42689,40969
rtdetr_l,400,all_yaw,T3,,50,,ap50,0.0945199917334,full_frame,162472,157131
rtdetr_l,400,high_yaw,T3,,39,,ap50,0.0425875367779,full_frame,42464,40633
rtdetr_l,500,all_yaw,T3,,50,,ap50,0.0790813819084,full_frame,161495,156081
rtdetr_l,500,high_yaw,T3,,38,,ap50,0.0323157125773,full_frame,42010,40174
rtdetr_l,100,all_yaw,T4,,50,,ap50,0.178728845116,full_frame,165250,160309
rtdetr_l,100,high_yaw,T4,,42,,ap50,0.163984916338,full_frame,43950,42373
rtdetr_l,200,all_yaw,T4,,50,,ap50,0.154505764278,full_frame,164359,159250
rtdetr_l,200,high_yaw,T4,,42,,ap50,0.137054753188,full_frame,43347,41861
rtdetr_l,300,all_yaw,T4,,50,,ap50,0.120715556612,full_frame,163427,158205
rtdetr_l,300,high_yaw,T4,,40,,ap50,0.103602109751,full_frame,42689,40969
rtdetr_l,400,all_yaw,T4,,50,,ap50,0.0990285095022,full_frame,162472,157131
rtdetr_l,400,high_yaw,T4,,39,,ap50,0.0727242019554,full_frame,42464,40633
rtdetr_l,500,all_yaw,T4,,50,,ap50,0.0745564503827,full_frame,161495,156081
rtdetr_l,500,high_yaw,T4,,38,,ap50,0.0552936804686,full_frame,42010,40174
rtdetr_l,100,all_yaw,T5,,50,,ap50,0.195085883154,full_frame,165250,160309
rtdetr_l,100,high_yaw,T5,,42,,ap50,0.188207646004,full_frame,43950,42373
rtdetr_l,200,all_yaw,T5,,50,,ap50,0.177708660443,full_frame,164359,159250
rtdetr_l,200,high_yaw,T5,,42,,ap50,0.169253080785,full_frame,43347,41861
rtdetr_l,300,all_yaw,T5,,50,,ap50,0.164627161037,full_frame,163427,158205
rtdetr_l,300,high_yaw,T5,,40,,ap50,0.147486603252,full_frame,42689,40969
rtdetr_l,400,all_yaw,T5,,50,,ap50,0.144856603669,full_frame,162472,157131
rtdetr_l,400,high_yaw,T5,,39,,ap50,0.128530040654,full_frame,42464,40633
rtdetr_l,500,all_yaw,T5,,50,,ap50,0.12364858003,full_frame,161495,156081
rtdetr_l,500,high_yaw,T5,,38,,ap50,0.109918515744,full_frame,42010,40174
rtdetr_l,100,all_yaw,T6,,50,,ap50,0.197429888521,full_frame,165250,160309
rtdetr_l,100,high_yaw,T6,,42,,ap50,0.183712768122,full_frame,43950,42373
rtdetr_l,200,all_yaw,T6,,50,,ap50,0.177920762931,full_frame,164359,159250
rtdetr_l,200,high_yaw,T6,,42,,ap50,0.174375592726,full_frame,43347,41861
rtdetr_l,300,all_yaw,T6,,50,,ap50,0.157898081769,full_frame,163427,158205
rtdetr_l,300,high_yaw,T6,,40,,ap50,0.146470514661,full_frame,42689,40969
rtdetr_l,400,all_yaw,T6,,50,,ap50,0.138254850164,full_frame,162472,157131
rtdetr_l,400,high_yaw,T6,,39,,ap50,0.119569610654,full_frame,42464,40633
rtdetr_l,500,all_yaw,T6,,50,,ap50,0.116380600358,full_frame,161495,156081
rtdetr_l,500,high_yaw,T6,,38,,ap50,0.0945961836745,full_frame,42010,40174
rtdetr_l,100,all_yaw,T0,,50,,ap75,0.0185494989964,full_frame,165250,160309
rtdetr_l,100,high_yaw,T0,,42,,ap75,0.0118746185373,full_frame,43950,42373
rtdetr_l,200,all_yaw,T0,,50,,ap75,0.00757797484913,full_frame,164359,159250
rtdetr_l,200,high_yaw,T0,,42,,ap75,0.00261906324507,full_frame,43347,41861
rtdetr_l,300,all_yaw,T0,,50,,ap75,0.00364769310658,full_frame,163427,158205
rtdetr_l,300,high_yaw,T0,,40,,ap75,0.000503983803442,full_frame,42689,40969
rtdetr_l,400,all_yaw,T0,,50,,ap75,0.00316077447509,full_frame,162472,157131
rtdetr_l,400,high_yaw,T0,,39,,ap75,0.000318424441461,full_frame,42464,40633
rtdetr_l,500,all_yaw,T0,,50,,ap75,0.00239150539614,full_frame,161495,156081
rtdetr_l,500,high_yaw,T0,,38,,ap75,0.000245393274148,full_frame,42010,40174
rtdetr_l,100,all_yaw,T1,,50,,ap75,0.0343140121996,full_frame,165250,160309
rtdetr_l,100,high_yaw,T1,,42,,ap75,0.0264110794208,full_frame,43950,42373
rtdetr_l,200,all_yaw,T1,,50,,ap75,0.0251934209531,full_frame,164359,159250
rtdetr_l,200,high_yaw,T1,,42,,ap75,0.0207804388466,full_frame,43347,41861
rtdetr_l,300,all_yaw,T1,,50,,ap75,0.0155542850121,full_frame,163427,158205
rtdetr_l,300,high_yaw,T1,,40,,ap75,0.0122497206133,full_frame,42689,40969
rtdetr_l,400,all_yaw,T1,,50,,ap75,0.00925513656936,full_frame,162472,157131
rtdetr_l,400,high_yaw,T1,,39,,ap75,0.00579114515225,full_frame,42464,40633
rtdetr_l,500,all_yaw,T1,,50,,ap75,0.00655388363945,full_frame,161495,156081
rtdetr_l,500,high_yaw,T1,,38,,ap75,0.00311205445467,full_frame,42010,40174
rtdetr_l,100,all_yaw,T2,,50,,ap75,0.0142894387677,full_frame,165250,160309
rtdetr_l,100,high_yaw,T2,,42,,ap75,0.00764354366968,full_frame,43950,42373
rtdetr_l,200,all_yaw,T2,,50,,ap75,0.0065886267693,full_frame,164359,159250
rtdetr_l,200,high_yaw,T2,,42,,ap75,0.00176409492513,full_frame,43347,41861
rtdetr_l,300,all_yaw,T2,,50,,ap75,0.00384207629826,full_frame,163427,158205
rtdetr_l,300,high_yaw,T2,,40,,ap75,0.000516228093397,full_frame,42689,40969
rtdetr_l,400,all_yaw,T2,,50,,ap75,0.00297750871837,full_frame,162472,157131
rtdetr_l,400,high_yaw,T2,,39,,ap75,0.0002200220022,full_frame,42464,40633
rtdetr_l,500,all_yaw,T2,,50,,ap75,0.00221031432487,full_frame,161495,156081
rtdetr_l,500,high_yaw,T2,,38,,ap75,0.000203477844604,full_frame,42010,40174
rtdetr_l,100,all_yaw,T3,,50,,ap75,0.0163868285366,full_frame,165250,160309
rtdetr_l,100,high_yaw,T3,,42,,ap75,0.0102199943766,full_frame,43950,42373
rtdetr_l,200,all_yaw,T3,,50,,ap75,0.0121754742223,full_frame,164359,159250
rtdetr_l,200,high_yaw,T3,,42,,ap75,0.0035401837965,full_frame,43347,41861
rtdetr_l,300,all_yaw,T3,,50,,ap75,0.00717475403635,full_frame,163427,158205
rtdetr_l,300,high_yaw,T3,,40,,ap75,0.00125723779274,full_frame,42689,40969
rtdetr_l,400,all_yaw,T3,,50,,ap75,0.00502788255466,full_frame,162472,157131
rtdetr_l,400,high_yaw,T3,,39,,ap75,0.00049258657209,full_frame,42464,40633
rtdetr_l,500,all_yaw,T3,,50,,ap75,0.00393467481275,full_frame,161495,156081
rtdetr_l,500,high_yaw,T3,,38,,ap75,0.000263395149416,full_frame,42010,40174
rtdetr_l,100,all_yaw,T4,,50,,ap75,0.0341076686716,full_frame,165250,160309
rtdetr_l,100,high_yaw,T4,,42,,ap75,0.0267591034015,full_frame,43950,42373
rtdetr_l,200,all_yaw,T4,,50,,ap75,0.0250933491661,full_frame,164359,159250
rtdetr_l,200,high_yaw,T4,,42,,ap75,0.0204248109351,full_frame,43347,41861
rtdetr_l,300,all_yaw,T4,,50,,ap75,0.0158265409436,full_frame,163427,158205
rtdetr_l,300,high_yaw,T4,,40,,ap75,0.0122597216134,full_frame,42689,40969
rtdetr_l,400,all_yaw,T4,,50,,ap75,0.00933738450749,full_frame,162472,157131
rtdetr_l,400,high_yaw,T4,,39,,ap75,0.00609338012994,full_frame,42464,40633
rtdetr_l,500,all_yaw,T4,,50,,ap75,0.00659652150226,full_frame,161495,156081
rtdetr_l,500,high_yaw,T4,,38,,ap75,0.0030862970111,full_frame,42010,40174
rtdetr_l,100,all_yaw,T5,,50,,ap75,0.0301222635464,full_frame,165250,160309
rtdetr_l,100,high_yaw,T5,,42,,ap75,0.0296275080843,full_frame,43950,42373
rtdetr_l,200,all_yaw,T5,,50,,ap75,0.023671623396,full_frame,164359,159250
rtdetr_l,200,high_yaw,T5,,42,,ap75,0.026436246464,full_frame,43347,41861
rtdetr_l,300,all_yaw,T5,,50,,ap75,0.0197412007734,full_frame,163427,158205
rtdetr_l,300,high_yaw,T5,,40,,ap75,0.0217533920758,full_frame,42689,40969
rtdetr_l,400,all_yaw,T5,,50,,ap75,0.0141130923552,full_frame,162472,157131
rtdetr_l,400,high_yaw,T5,,39,,ap75,0.0176319565763,full_frame,42464,40633
rtdetr_l,500,all_yaw,T5,,50,,ap75,0.00998502709322,full_frame,161495,156081
rtdetr_l,500,high_yaw,T5,,38,,ap75,0.0108480840683,full_frame,42010,40174
rtdetr_l,100,all_yaw,T6,,50,,ap75,0.0326955766892,full_frame,165250,160309
rtdetr_l,100,high_yaw,T6,,42,,ap75,0.0330106363363,full_frame,43950,42373
rtdetr_l,200,all_yaw,T6,,50,,ap75,0.0251999651926,full_frame,164359,159250
rtdetr_l,200,high_yaw,T6,,42,,ap75,0.0225839261269,full_frame,43347,41861
rtdetr_l,300,all_yaw,T6,,50,,ap75,0.0160829339088,full_frame,163427,158205
rtdetr_l,300,high_yaw,T6,,40,,ap75,0.0173785164702,full_frame,42689,40969
rtdetr_l,400,all_yaw,T6,,50,,ap75,0.0119607918036,full_frame,162472,157131
rtdetr_l,400,high_yaw,T6,,39,,ap75,0.0103557724193,full_frame,42464,40633
rtdetr_l,500,all_yaw,T6,,50,,ap75,0.00779288056932,full_frame,161495,156081
rtdetr_l,500,high_yaw,T6,,38,,ap75,0.00760341580376,full_frame,42010,40174
rtdetr_l,100,all_yaw,T0,,50,,precision,0.260066080173,full_frame,165250,160309
rtdetr_l,100,high_yaw,T0,,42,,precision,0.234725671709,full_frame,43950,42373
rtdetr_l,200,all_yaw,T0,,50,,precision,0.223665154569,full_frame,164359,159250
rtdetr_l,200,high_yaw,T0,,42,,precision,0.174703429081,full_frame,43347,41861
rtdetr_l,300,all_yaw,T0,,50,,precision,0.194032592695,full_frame,163427,158205
rtdetr_l,300,high_yaw,T0,,40,,precision,0.139474385629,full_frame,42689,40969
rtdetr_l,400,all_yaw,T0,,50,,precision,0.177066255447,full_frame,162472,157131
rtdetr_l,400,high_yaw,T0,,39,,precision,0.103061986557,full_frame,42464,40633
rtdetr_l,500,all_yaw,T0,,50,,precision,0.159524949625,full_frame,161495,156081
rtdetr_l,500,high_yaw,T0,,38,,precision,0.0820687739227,full_frame,42010,40174
rtdetr_l,100,all_yaw,T1,,50,,precision,0.263702921096,full_frame,165250,160309
rtdetr_l,100,high_yaw,T1,,42,,precision,0.258952417839,full_frame,43950,42373
rtdetr_l,200,all_yaw,T1,,50,,precision,0.224990066353,full_frame,164359,159250
rtdetr_l,200,high_yaw,T1,,42,,precision,0.213129188094,full_frame,43347,41861
rtdetr_l,300,all_yaw,T1,,50,,precision,0.193011062886,full_frame,163427,158205
rtdetr_l,300,high_yaw,T1,,40,,precision,0.166584392241,full_frame,42689,40969
rtdetr_l,400,all_yaw,T1,,50,,precision,0.167250648526,full_frame,162472,157131
rtdetr_l,400,high_yaw,T1,,39,,precision,0.133709981168,full_frame,42464,40633
rtdetr_l,500,all_yaw,T1,,50,,precision,0.136771714481,full_frame,161495,156081
rtdetr_l,500,high_yaw,T1,,38,,precision,0.117611984645,full_frame,42010,40174
rtdetr_l,100,all_yaw,T2,,50,,precision,0.250701932636,full_frame,165250,160309
rtdetr_l,100,high_yaw,T2,,42,,precision,0.22114472793,full_frame,43950,42373
rtdetr_l,200,all_yaw,T2,,50,,precision,0.216143001038,full_frame,164359,159250
rtdetr_l,200,high_yaw,T2,,42,,precision,0.170819124402,full_frame,43347,41861
rtdetr_l,300,all_yaw,T2,,50,,precision,0.192249561603,full_frame,163427,158205
rtdetr_l,300,high_yaw,T2,,40,,precision,0.131920963651,full_frame,42689,40969
rtdetr_l,400,all_yaw,T2,,50,,precision,0.175354135242,full_frame,162472,157131
rtdetr_l,400,high_yaw,T2,,39,,precision,0.104555638536,full_frame,42464,40633
rtdetr_l,500,all_yaw,T2,,50,,precision,0.161532437601,full_frame,161495,156081
rtdetr_l,500,high_yaw,T2,,38,,precision,0.0791056509034,full_frame,42010,40174
rtdetr_l,100,all_yaw,T3,,50,,precision,0.25820044886,full_frame,165250,160309
rtdetr_l,100,high_yaw,T3,,42,,precision,0.219185069377,full_frame,43950,42373
rtdetr_l,200,all_yaw,T3,,50,,precision,0.22921369907,full_frame,164359,159250
rtdetr_l,200,high_yaw,T3,,42,,precision,0.18375393567,full_frame,43347,41861
rtdetr_l,300,all_yaw,T3,,50,,precision,0.210663595173,full_frame,163427,158205
rtdetr_l,300,high_yaw,T3,,40,,precision,0.14719639335,full_frame,42689,40969
rtdetr_l,400,all_yaw,T3,,50,,precision,0.194847598821,full_frame,162472,157131
rtdetr_l,400,high_yaw,T3,,39,,precision,0.134969325153,full_frame,42464,40633
rtdetr_l,500,all_yaw,T3,,50,,precision,0.173611099225,full_frame,161495,156081
rtdetr_l,500,high_yaw,T3,,38,,precision,0.107369081588,full_frame,42010,40174
rtdetr_l,100,all_yaw,T4,,50,,precision,0.267160328375,full_frame,165250,160309
rtdetr_l,100,high_yaw,T4,,42,,precision,0.26397932754,full_frame,43950,42373
rtdetr_l,200,all_yaw,T4,,50,,precision,0.228987015209,full_frame,164359,159250
rtdetr_l,200,high_yaw,T4,,42,,precision,0.224411718872,full_frame,43347,41861
rtdetr_l,300,all_yaw,T4,,50,,precision,0.194529207495,full_frame,163427,158205
rtdetr_l,300,high_yaw,T4,,40,,precision,0.181851960496,full_frame,42689,40969
rtdetr_l,400,all_yaw,T4,,50,,precision,0.171380296045,full_frame,162472,157131
rtdetr_l,400,high_yaw,T4,,39,,precision,0.148775894539,full_frame,42464,40633
rtdetr_l,500,all_yaw,T4,,50,,precision,0.141817742005,full_frame,161495,156081
rtdetr_l,500,high_yaw,T4,,38,,precision,0.121992722671,full_frame,42010,40174
rtdetr_l,100,all_yaw,T5,,50,,precision,0.287302127154,full_frame,165250,160309
rtdetr_l,100,high_yaw,T5,,42,,precision,0.284470051285,full_frame,43950,42373
rtdetr_l,200,all_yaw,T5,,50,,precision,0.280346808163,full_frame,164359,159250
rtdetr_l,200,high_yaw,T5,,42,,precision,0.261399335867,full_frame,43347,41861
rtdetr_l,300,all_yaw,T5,,50,,precision,0.258448293395,full_frame,163427,158205
rtdetr_l,300,high_yaw,T5,,40,,precision,0.234448250749,full_frame,42689,40969
rtdetr_l,400,all_yaw,T5,,50,,precision,0.247053114528,full_frame,162472,157131
rtdetr_l,400,high_yaw,T5,,39,,precision,0.220930232558,full_frame,42464,40633
rtdetr_l,500,all_yaw,T5,,50,,precision,0.22859799837,full_frame,161495,156081
rtdetr_l,500,high_yaw,T5,,38,,precision,0.220496119764,full_frame,42010,40174
rtdetr_l,100,all_yaw,T6,,50,,precision,0.283488769563,full_frame,165250,160309
rtdetr_l,100,high_yaw,T6,,42,,precision,0.286648520413,full_frame,43950,42373
rtdetr_l,200,all_yaw,T6,,50,,precision,0.2682495913,full_frame,164359,159250
rtdetr_l,200,high_yaw,T6,,42,,precision,0.263356032731,full_frame,43347,41861
rtdetr_l,300,all_yaw,T6,,50,,precision,0.253492108491,full_frame,163427,158205
rtdetr_l,300,high_yaw,T6,,40,,precision,0.239894413926,full_frame,42689,40969
rtdetr_l,400,all_yaw,T6,,50,,precision,0.233607809786,full_frame,162472,157131
rtdetr_l,400,high_yaw,T6,,39,,precision,0.212624584718,full_frame,42464,40633
rtdetr_l,500,all_yaw,T6,,50,,precision,0.212696848335,full_frame,161495,156081
rtdetr_l,500,high_yaw,T6,,38,,precision,0.19022165842,full_frame,42010,40174
rtdetr_l,100,all_yaw,T0,,50,,recall,0.281779924739,full_frame,165250,160309
rtdetr_l,100,high_yaw,T0,,42,,recall,0.24435344408,full_frame,43950,42373
rtdetr_l,200,all_yaw,T0,,50,,recall,0.230584127465,full_frame,164359,159250
rtdetr_l,200,high_yaw,T0,,42,,recall,0.171773199549,full_frame,43347,41861
rtdetr_l,300,all_yaw,T0,,50,,recall,0.203711172775,full_frame,163427,158205
rtdetr_l,300,high_yaw,T0,,40,,recall,0.13776954216,full_frame,42689,40969
rtdetr_l,400,all_yaw,T0,,50,,recall,0.18286845396,full_frame,162472,157131
rtdetr_l,400,high_yaw,T0,,39,,recall,0.107341490545,full_frame,42464,40633
rtdetr_l,500,all_yaw,T0,,50,,recall,0.169251159103,full_frame,161495,156081
rtdetr_l,500,high_yaw,T0,,38,,recall,0.0871225417962,full_frame,42010,40174
rtdetr_l,100,all_yaw,T1,,50,,recall,0.288307496902,full_frame,165250,160309
rtdetr_l,100,high_yaw,T1,,42,,recall,0.28366980227,full_frame,43950,42373
rtdetr_l,200,all_yaw,T1,,50,,recall,0.245690979127,full_frame,164359,159250
rtdetr_l,200,high_yaw,T1,,42,,recall,0.225543428803,full_frame,43347,41861
rtdetr_l,300,all_yaw,T1,,50,,recall,0.209905444314,full_frame,163427,158205
rtdetr_l,300,high_yaw,T1,,40,,recall,0.174621212121,full_frame,42689,40969
rtdetr_l,400,all_yaw,T1,,50,,recall,0.179439685112,full_frame,162472,157131
rtdetr_l,400,high_yaw,T1,,39,,recall,0.133185349612,full_frame,42464,40633
rtdetr_l,500,all_yaw,T1,,50,,recall,0.150932243228,full_frame,161495,156081
rtdetr_l,500,high_yaw,T1,,38,,recall,0.111318413433,full_frame,42010,40174
rtdetr_l,100,all_yaw,T2,,50,,recall,0.267701732708,full_frame,165250,160309
rtdetr_l,100,high_yaw,T2,,42,,recall,0.215692994908,full_frame,43950,42373
rtdetr_l,200,all_yaw,T2,,50,,recall,0.226195566487,full_frame,164359,159250
rtdetr_l,200,high_yaw,T2,,42,,recall,0.167432570413,full_frame,43347,41861
rtdetr_l,300,all_yaw,T2,,50,,recall,0.194829744141,full_frame,163427,158205
rtdetr_l,300,high_yaw,T2,,40,,recall,0.133391192496,full_frame,42689,40969
rtdetr_l,400,all_yaw,T2,,50,,recall,0.181021078842,full_frame,162472,157131
rtdetr_l,400,high_yaw,T2,,39,,recall,0.10595105673,full_frame,42464,40633
rtdetr_l,500,all_yaw,T2,,50,,recall,0.167240702446,full_frame,161495,156081
rtdetr_l,500,high_yaw,T2,,38,,recall,0.0847489660693,full_frame,42010,40174
rtdetr_l,100,all_yaw,T3,,50,,recall,0.271436440203,full_frame,165250,160309
rtdetr_l,100,high_yaw,T3,,42,,recall,0.237647588288,full_frame,43950,42373
rtdetr_l,200,all_yaw,T3,,50,,recall,0.233294290467,full_frame,164359,159250
rtdetr_l,200,high_yaw,T3,,42,,recall,0.187705353291,full_frame,43347,41861
rtdetr_l,300,all_yaw,T3,,50,,recall,0.210158529548,full_frame,163427,158205
rtdetr_l,300,high_yaw,T3,,40,,recall,0.14853293948,full_frame,42689,40969
rtdetr_l,400,all_yaw,T3,,50,,recall,0.188702163895,full_frame,162472,157131
rtdetr_l,400,high_yaw,T3,,39,,recall,0.124306326304,full_frame,42464,40633
rtdetr_l,500,all_yaw,T3,,50,,recall,0.174272926629,full_frame,161495,156081
rtdetr_l,500,high_yaw,T3,,38,,recall,0.102324540762,full_frame,42010,40174
rtdetr_l,100,all_yaw,T4,,50,,recall,0.294354260857,full_frame,165250,160309
rtdetr_l,100,high_yaw,T4,,42,,recall,0.28049493809,full_frame,43950,42373
rtdetr_l,200,all_yaw,T4,,50,,recall,0.244650763532,full_frame,164359,159250
rtdetr_l,200,high_yaw,T4,,42,,recall,0.225372081238,full_frame,43347,41861
rtdetr_l,300,all_yaw,T4,,50,,recall,0.209113663133,full_frame,163427,158205
rtdetr_l,300,high_yaw,T4,,40,,recall,0.172262541381,full_frame,42689,40969
rtdetr_l,400,all_yaw,T4,,50,,recall,0.183429272869,full_frame,162472,157131
rtdetr_l,400,high_yaw,T4,,39,,recall,0.138282387191,full_frame,42464,40633
rtdetr_l,500,all_yaw,T4,,50,,recall,0.155516963983,full_frame,161495,156081
rtdetr_l,500,high_yaw,T4,,38,,recall,0.115481252416,full_frame,42010,40174
rtdetr_l,100,all_yaw,T5,,50,,recall,0.31665186086,full_frame,165250,160309
rtdetr_l,100,high_yaw,T5,,42,,recall,0.305387868884,full_frame,43950,42373
rtdetr_l,200,all_yaw,T5,,50,,recall,0.288391819614,full_frame,164359,159250
rtdetr_l,200,high_yaw,T5,,42,,recall,0.275403200726,full_frame,43347,41861
rtdetr_l,300,all_yaw,T5,,50,,recall,0.277802527251,full_frame,163427,158205
rtdetr_l,300,high_yaw,T5,,40,,recall,0.272614161384,full_frame,42689,40969
rtdetr_l,400,all_yaw,T5,,50,,recall,0.265841074757,full_frame,162472,157131
rtdetr_l,400,high_yaw,T5,,39,,recall,0.230769230769,full_frame,42464,40633
rtdetr_l,500,all_yaw,T5,,50,,recall,0.254981559261,full_frame,161495,156081
rtdetr_l,500,high_yaw,T5,,38,,recall,0.233308431206,full_frame,42010,40174
rtdetr_l,100,all_yaw,T6,,50,,recall,0.316975372832,full_frame,165250,160309
rtdetr_l,100,high_yaw,T6,,42,,recall,0.307794854042,full_frame,43950,42373
rtdetr_l,200,all_yaw,T6,,50,,recall,0.291698957473,full_frame,164359,159250
rtdetr_l,200,high_yaw,T6,,42,,recall,0.287553793524,full_frame,43347,41861
rtdetr_l,300,all_yaw,T6,,50,,recall,0.271617698445,full_frame,163427,158205
rtdetr_l,300,high_yaw,T6,,40,,recall,0.258875714148,full_frame,42689,40969
rtdetr_l,400,all_yaw,T6,,50,,recall,0.251836153046,full_frame,162472,157131
rtdetr_l,400,high_yaw,T6,,39,,recall,0.220309810671,full_frame,42464,40633
rtdetr_l,500,all_yaw,T6,,50,,recall,0.23087229741,full_frame,161495,156081
rtdetr_l,500,high_yaw,T6,,38,,recall,0.196974623156,full_frame,42010,40174
rtdetr_l,100,all_yaw,T0,,50,,false_positives_per_frame,14.5816455696,full_frame,165250,160309
rtdetr_l,100,high_yaw,T0,,42,,false_positives_per_frame,14.4236111111,full_frame,43950,42373
rtdetr_l,200,all_yaw,T0,,50,,false_positives_per_frame,15.2839660339,full_frame,164359,159250
rtdetr_l,200,high_yaw,T0,,42,,false_positives_per_frame,14.8780072173,full_frame,43347,41861
rtdetr_l,300,all_yaw,T0,,50,,false_positives_per_frame,15.9901960785,full_frame,163427,158205
rtdetr_l,300,high_yaw,T0,,40,,false_positives_per_frame,15.9990599295,full_frame,42689,40969
rtdetr_l,400,all_yaw,T0,,50,,false_positives_per_frame,16.4407894737,full_frame,162472,157131
rtdetr_l,400,high_yaw,T0,,39,,false_positives_per_frame,16.2434782609,full_frame,42464,40633
rtdetr_l,500,all_yaw,T0,,50,,false_positives_per_frame,16.6328158597,full_frame,161495,156081
rtdetr_l,500,high_yaw,T0,,38,,false_positives_per_frame,16.9540816327,full_frame,42010,40174
rtdetr_l,100,all_yaw,T1,,50,,false_positives_per_frame,14.7292976725,full_frame,165250,160309
rtdetr_l,100,high_yaw,T1,,42,,false_positives_per_frame,14.1938888889,full_frame,43950,42373
rtdetr_l,200,all_yaw,T1,,50,,false_positives_per_frame,15.293997669,full_frame,164359,159250
rtdetr_l,200,high_yaw,T1,,42,,false_positives_per_frame,14.7190496948,full_frame,43347,41861
rtdetr_l,300,all_yaw,T1,,50,,false_positives_per_frame,15.9248366013,full_frame,163427,158205
rtdetr_l,300,high_yaw,T1,,40,,false_positives_per_frame,15.335304054,full_frame,42689,40969
rtdetr_l,400,all_yaw,T1,,50,,false_positives_per_frame,16.2535229202,full_frame,162472,157131
rtdetr_l,400,high_yaw,T1,,39,,false_positives_per_frame,16.3333333333,full_frame,42464,40633
rtdetr_l,500,all_yaw,T1,,50,,false_positives_per_frame,16.6753246753,full_frame,161495,156081
rtdetr_l,500,high_yaw,T1,,38,,false_positives_per_frame,16.7449324324,full_frame,42010,40174
rtdetr_l,100,all_yaw,T2,,50,,false_positives_per_frame,14.6768272765,full_frame,165250,160309
rtdetr_l,100,high_yaw,T2,,42,,false_positives_per_frame,14.6983333333,full_frame,43950,42373
rtdetr_l,200,all_yaw,T2,,50,,false_positives_per_frame,15.4324425574,full_frame,164359,159250
rtdetr_l,200,high_yaw,T2,,42,,false_positives_per_frame,15.0525260626,full_frame,43347,41861
rtdetr_l,300,all_yaw,T2,,50,,false_positives_per_frame,16.0424836601,full_frame,163427,158205
rtdetr_l,300,high_yaw,T2,,40,,false_positives_per_frame,16.0222091656,full_frame,42689,40969
rtdetr_l,400,all_yaw,T2,,50,,false_positives_per_frame,16.4664473684,full_frame,162472,157131
rtdetr_l,400,high_yaw,T2,,39,,false_positives_per_frame,16.2869565217,full_frame,42464,40633
rtdetr_l,500,all_yaw,T2,,50,,false_positives_per_frame,16.6198288467,full_frame,161495,156081
rtdetr_l,500,high_yaw,T2,,38,,false_positives_per_frame,17.0151682294,full_frame,42010,40174
rtdetr_l,100,all_yaw,T3,,50,,false_positives_per_frame,14.6367905268,full_frame,165250,160309
rtdetr_l,100,high_yaw,T3,,42,,false_positives_per_frame,14.5069444444,full_frame,43950,42373
rtdetr_l,200,all_yaw,T3,,50,,false_positives_per_frame,15.0786665564,full_frame,164359,159250
rtdetr_l,200,high_yaw,T3,,42,,false_positives_per_frame,14.764234162,full_frame,43347,41861
rtdetr_l,300,all_yaw,T3,,50,,false_positives_per_frame,15.7219103477,full_frame,163427,158205
rtdetr_l,300,high_yaw,T3,,40,,false_positives_per_frame,15.6357226792,full_frame,42689,40969
rtdetr_l,400,all_yaw,T3,,50,,false_positives_per_frame,16.2776828435,full_frame,162472,157131
rtdetr_l,400,high_yaw,T3,,39,,false_positives_per_frame,15.9826086957,full_frame,42464,40633
rtdetr_l,500,all_yaw,T3,,50,,false_positives_per_frame,16.5960264901,full_frame,161495,156081
rtdetr_l,500,high_yaw,T3,,38,,false_positives_per_frame,16.7137486574,full_frame,42010,40174
rtdetr_l,100,all_yaw,T4,,50,,false_positives_per_frame,14.6272314184,full_frame,165250,160309
rtdetr_l,100,high_yaw,T4,,42,,false_positives_per_frame,14.1827777778,full_frame,43950,42373
rtdetr_l,200,all_yaw,T4,,50,,false_positives_per_frame,15.219228224,full_frame,164359,159250
rtdetr_l,200,high_yaw,T4,,42,,false_positives_per_frame,14.6084021006,full_frame,43347,41861
rtdetr_l,300,all_yaw,T4,,50,,false_positives_per_frame,15.9138386124,full_frame,163427,158205
rtdetr_l,300,high_yaw,T4,,40,,false_positives_per_frame,15.3244891233,full_frame,42689,40969
rtdetr_l,400,all_yaw,T4,,50,,false_positives_per_frame,16.2015280135,full_frame,162472,157131
rtdetr_l,400,high_yaw,T4,,39,,false_positives_per_frame,15.8243243243,full_frame,42464,40633
rtdetr_l,500,all_yaw,T4,,50,,false_positives_per_frame,16.5357142857,full_frame,161495,156081
rtdetr_l,500,high_yaw,T4,,38,,false_positives_per_frame,16.5304054054,full_frame,42010,40174
rtdetr_l,100,all_yaw,T5,,50,,false_positives_per_frame,14.3578603512,full_frame,165250,160309
rtdetr_l,100,high_yaw,T5,,42,,false_positives_per_frame,13.191580756,full_frame,43950,42373
rtdetr_l,200,all_yaw,T5,,50,,false_positives_per_frame,14.5242575896,full_frame,164359,159250
rtdetr_l,200,high_yaw,T5,,42,,false_positives_per_frame,13.3561704646,full_frame,43347,41861
rtdetr_l,300,all_yaw,T5,,50,,false_positives_per_frame,14.7771493213,full_frame,163427,158205
rtdetr_l,300,high_yaw,T5,,40,,false_positives_per_frame,14.0206378987,full_frame,42689,40969
rtdetr_l,400,all_yaw,T5,,50,,false_positives_per_frame,14.902270798,full_frame,162472,157131
rtdetr_l,400,high_yaw,T5,,39,,false_positives_per_frame,14.0666666667,full_frame,42464,40633
rtdetr_l,500,all_yaw,T5,,50,,false_positives_per_frame,15.0860927153,full_frame,161495,156081
rtdetr_l,500,high_yaw,T5,,38,,false_positives_per_frame,14.2683086312,full_frame,42010,40174
rtdetr_l,100,all_yaw,T6,,50,,false_positives_per_frame,14.3478766844,full_frame,165250,160309
rtdetr_l,100,high_yaw,T6,,42,,false_positives_per_frame,13.4221076747,full_frame,43950,42373
rtdetr_l,200,all_yaw,T6,,50,,false_positives_per_frame,14.5363760443,full_frame,164359,159250
rtdetr_l,200,high_yaw,T6,,42,,false_positives_per_frame,13.7075892857,full_frame,43347,41861
rtdetr_l,300,all_yaw,T6,,50,,false_positives_per_frame,14.9769356461,full_frame,163427,158205
rtdetr_l,300,high_yaw,T6,,40,,false_positives_per_frame,14.4438337342,full_frame,42689,40969
rtdetr_l,400,all_yaw,T6,,50,,false_positives_per_frame,15.3280348048,full_frame,162472,157131
rtdetr_l,400,high_yaw,T6,,39,,false_positives_per_frame,14.9154929577,full_frame,42464,40633
rtdetr_l,500,all_yaw,T6,,50,,false_positives_per_frame,15.8112214582,full_frame,161495,156081
rtdetr_l,500,high_yaw,T6,,38,,false_positives_per_frame,15.1070183086,full_frame,42010,40174
