detector,model,observations,median_runtime_ms,p95_runtime_ms,tracker_name
rtdetr_l,T0,522636,0.0021,0.0038,stale
rtdetr_l,T1,522636,0.0632,0.1146,constant_image_velocity
rtdetr_l,T2,522636,0.6978,1.097725,SORT_Kalman
rtdetr_l,T3,522636,0.167903708791,0.322566666667,ByteTrack_prediction
rtdetr_l,T4,522636,0.224528,0.44116,OC_SORT_prediction
rtdetr_l,T5,522636,0.3298,0.5345,B3_ego_only
rtdetr_l,T6,522636,0.3094,0.5048,B5_ego_object
yolo11n,T0,242053,0.0016,0.0024,stale
yolo11n,T1,242053,0.0503,0.0634,constant_image_velocity
yolo11n,T2,242053,0.5022,0.6736,SORT_Kalman
yolo11n,T3,242053,0.226163636364,0.350271428571,ByteTrack_prediction
yolo11n,T4,242053,0.237355555556,0.3725875,OC_SORT_prediction
yolo11n,T5,242053,0.236,0.3229,B3_ego_only
yolo11n,T6,242053,0.2216,0.3024,B5_ego_object
yolo11s,T0,290783,0.0014,0.0021,stale
yolo11s,T1,290783,0.043,0.061,constant_image_velocity
yolo11s,T2,290783,0.4541,0.6644,SORT_Kalman
yolo11s,T3,290783,0.2455,0.355449285714,ByteTrack_prediction
yolo11s,T4,290783,0.237677777778,0.358546083916,OC_SORT_prediction
yolo11s,T5,290783,0.2144,0.3184,B3_ego_only
yolo11s,T6,290783,0.2005,0.2984,B5_ego_object
