model,reference,metric,scenes,paired_median_difference,paired_relative_improvement,ci95_difference_low,ci95_difference_high,ci95_relative_low,ci95_relative_high,replicates,seed
N5,N0,median_center_error_px,10,22.09461440497231,0.5611880362927317,11.501068204782712,63.05480936275242,0.33962181724877033,0.7890238434531773,10000,20260717
N5,N0,median_normalized_center_error,10,0.012035703385983466,0.5611880362927317,0.00626503106130598,0.03434814333664187,0.33962181724877033,0.7890238434531773,10000,20260717
N5,N0,median_iou,10,-0.2235086906022592,-0.7414378542504607,-0.36417559246992637,-0.08733361186720995,-1.6808804758067877,-0.20097607063188408,10000,20260717
N5,N0,recall_iou_0_3,10,-0.3386805806111404,-0.6675170068027212,-0.4479166666666667,-0.13218390804597702,-1.0681818181818183,-0.20594512195121956,10000,20260717
N5,N1,median_center_error_px,10,4.964089282203153,0.21701716566169335,2.2958951045134075,10.533339967277406,0.1189056919819348,0.35425391255078764,10000,20260717
N5,N1,median_normalized_center_error,10,0.00270411173904402,0.2170171656616933,0.0012506537555611848,0.005737875899809555,0.11890569198193485,0.3542539125507876,10000,20260717
N5,N1,median_iou,10,-0.05057210555240421,-0.09990553343717087,-0.11442975369603253,-0.016311083945096477,-0.2502629645625907,-0.033944947065743955,10000,20260717
N5,N1,recall_iou_0_3,10,-0.0832272049857743,-0.11594619707092599,-0.17316557817902423,0.01015588096362774,-0.290205792682927,0.009345794392523456,10000,20260717
N5,N2,median_center_error_px,10,12.333084682868376,0.36189029609429413,2.1933730937659206,34.97270800753307,0.11289603714472707,0.6741779455645962,10000,20260717
N5,N2,median_normalized_center_error,10,0.006718259316795975,0.36189029609429424,0.0011948064576959797,0.019050847978978543,0.11289603714472712,0.6741779455645963,10000,20260717
N5,N2,median_iou,10,-0.134504804296348,-0.37416802305212193,-0.23248431732539834,-0.045687029489503345,-0.6744342533774551,-0.08854459873441493,10000,20260717
N5,N2,recall_iou_0_3,10,-0.12557826184594656,-0.1819811320754717,-0.3079847908745248,-0.05574712643678159,-0.5750915750915752,-0.08004109461100213,10000,20260717
N5,N3,median_center_error_px,10,561.8049334804778,0.9665670517708115,438.859772862424,635.1417186158899,0.957933455733699,0.9753743420697487,10000,20260717
N5,N3,median_normalized_center_error,10,0.30603464791091817,0.9665670517708115,0.23906215140932804,0.3459837403455336,0.9579334557336989,0.9753743420697488,10000,20260717
N5,N3,median_iou,10,-0.5384855853664985,-538485585366.4985,-0.6029186132887574,-0.5065528996863619,-602918613288.7574,-506552899686.3619,10000,20260717
N5,N3,recall_iou_0_3,10,-0.7537615090949921,-11.601190476190474,-0.7942982456140351,-0.7153284671532847,-18.025000000000002,-7.0,10000,20260717
N5,N4,median_center_error_px,10,2.5607654721318607,0.13556920699608063,-2.0366016821183246,42.85767887124381,-0.12085934714955161,0.5297932455017905,10000,20260717
N5,N4,median_normalized_center_error,10,0.0013949378386395777,0.13556920699608052,-0.001109407628125651,0.023346065301322355,-0.12085934714955177,0.5297932455017905,10000,20260717
N5,N4,median_iou,10,-0.019247907271328746,-0.03822309644777525,-0.2314110583757791,0.04688751309659733,-0.8966073078793788,0.08373406473927164,10000,20260717
N5,N4,recall_iou_0_3,10,-0.05161664491808032,-0.07017079306235932,-0.2767857142857143,0.025939207650273244,-0.6027077497665733,0.02916108879964304,10000,20260717
