velocity_sign_error,incorrect_association,velocity_magnitude_error,velocity_direction_error,detector_box_jitter_interpreted_as_motion,unclassified,distance_dependent_failure,depth_induced_projection_error,clipping_or_boundary_error,missed_object_acceleration,dimension,stratum,total_harmed_objects
0.39076622424883967,0.23343259622878546,0.15222120115858412,0.13613363267300244,0.045994393197389696,0.024334919213186455,0.010445868763595333,0.00462968348319704,0.0015412890993055474,0.0005001919341142532,latency_ms,100,171934
0.39115419266575463,0.23837409767871245,0.1544929760752778,0.13631307907059517,0.04292213064611209,0.020649115196814487,0.010460809503153258,0.0039262793775790535,0.001145628260313435,0.000561691525687655,latency_ms,200,179814
0.39008231495307455,0.24089656994075695,0.1565277860134658,0.13738026058315858,0.040979585676012224,0.01866236853595821,0.010344623113952574,0.003778833143762769,0.0007439072380018005,0.0006037508018565338,latency_ms,300,185507
0.3893526472998335,0.2420924638523962,0.15715154238587403,0.13880151198752347,0.03979804921889456,0.017578176627633422,0.010282572493457747,0.0036689487457376227,0.0006978403954428907,0.0005762469932066294,latency_ms,400,189155
0.38870572498941947,0.24259492447319334,0.15792443661861444,0.13989309730444277,0.038952081885583814,0.016625824890667697,0.010355872072062658,0.003647022556155265,0.0007367194561860922,0.0005642957536744536,latency_ms,500,191389
0.3695375516569562,0.2746692335102666,0.15604218632137684,0.1320243048003369,0.03589724604214004,0.019047707194720695,0.007816223870719934,0.003424514898953672,0.0009903326869947105,0.0005506990175344419,yaw,high_yaw,216089
0.39627908965242054,0.2288067720283308,0.15564976984794288,0.13951917458779267,0.04339969503071069,0.01959498938307848,0.011164156132875405,0.004068632340995568,0.0009519602114833763,0.0005657607843696114,yaw,lower_yaw,701710
0.3797544239797761,0.13049476345250993,0.23810039725532683,0.1714192849404117,0.02351029252437703,0.03781148429035753,0.0,0.013203322499097147,0.0055110148067894545,0.00019501625135427952,distance,0_20m,138450
0.40482546916808837,0.2179400543638011,0.1627156445928624,0.15516410655789867,0.025645532259188666,0.029006148503480312,1.5151561065336561e-05,0.004100012424280074,0.00030303122130673123,0.00028484934802832734,distance,20_40m,329999
0.38223433848892846,0.28913319238900637,0.12524535440080115,0.11459663959051963,0.058958495604762434,0.006807610993657506,0.021181706909981085,0.0009213308111716925,4.228329809725158e-05,0.0008790475130744409,distance,40m_plus,449350
0.31677151429095973,0.40821088199820127,0.11284036745858189,0.10498783426716275,0.03944160796826452,0.00575635534629927,0.00845675296939162,0.002839832956470613,0.00028584243342543814,0.0004090103112429033,detector_confidence,low,430307
0.4571533150320273,0.12485150985774894,0.17139006738208135,0.14706596788952667,0.050564844854837365,0.026237417852092174,0.018068380334414776,0.003290907578404459,0.0005224190999084935,0.0008551701189584893,detector_confidence,medium,300525
0.45051265731385753,0.036006354062481614,0.22932923991934406,0.1982007520043644,0.032321211764642956,0.04013542496804249,0.00242823599886611,0.00740237582033193,0.0032198195403466924,0.00044392860772221837,detector_confidence,high,186967
0.4551124002900653,0.05656272661348803,0.20087019579405366,0.20449601160261058,0.0,0.024510514865844817,0.00870195794053662,0.02001450326323423,0.0036258158085569255,0.02610587382160986,track_age,2,6895
0.38949000114172294,0.24099026900749146,0.15540056910497704,0.13724936985675767,0.04194843803518263,0.01942795289075468,0.010388581014025627,0.003795130990752044,0.0009408236213695406,0.0003688643369663543,track_age,3_plus,910904
1.0,0.0,0.0,0.0,0.0,0.0,0.0,0.0,0.0,0.0,class,ANIMAL,19
0.33554817275747506,0.2757475083056478,0.17940199335548174,0.20930232558139536,0.0,0.0,0.0,0.0,0.0,0.0,class,ARTICULATED_BUS,301
0.42330184435447593,0.20917678812415655,0.11695906432748537,0.18848403058929375,0.03553756185335133,0.023391812865497075,0.0,0.0,0.003148897885739991,0.0,class,BICYCLE,2223
0.28455882352941175,0.32426470588235295,0.09705882352941177,0.09485294117647058,0.1676470588235294,0.029411764705882353,0.0,0.0,0.0022058823529411764,0.0,class,BICYCLIST,1360
0.32559726962457336,0.23071672354948805,0.13361774744027305,0.29658703071672354,0.0037542662116040954,0.0,0.0,0.009726962457337883,0.0,0.0,class,BOLLARD,5860
0.5195128013919961,0.07034551329853343,0.15162813820531942,0.17424807357693264,0.062391250310713395,0.0,0.0,0.021874223216505097,0.0,0.0,class,BOX_TRUCK,4023
0.37734241908006816,0.1260647359454855,0.2572402044293015,0.14778534923339012,0.08113287904599659,0.0031942078364565587,0.0,0.007240204429301534,0.0,0.0,class,BUS,4696
0.39585296889726673,0.19792648444863337,0.19839773798303487,0.19038642789820923,0.00235626767200754,0.0,0.0,0.015080113100848256,0.0,0.0,class,CONSTRUCTION_BARREL,2122
0.38621076233183854,0.16984304932735425,0.13733183856502243,0.3066143497757848,0.0,0.0,0.0,0.0,0.0,0.0,class,CONSTRUCTION_CONE,1784
0.501002004008016,0.07014028056112225,0.15831663326653306,0.218436873747495,0.026052104208416832,0.026052104208416832,0.0,0.0,0.0,0.0,class,DOG,499
0.4109630073386251,0.31166691627976634,0.08828815336228846,0.1288752433727722,0.027632170136288752,0.004043732215066646,0.00606559832259997,0.02006889321551595,0.0011981428785382657,0.0011981428785382657,class,LARGE_VEHICLE,13354
0.30303030303030304,0.0,0.0,0.696969696969697,0.0,0.0,0.0,0.0,0.0,0.0,class,MOBILE_PEDESTRIAN_CROSSING_SIGN,33
0.5156657963446475,0.1279373368146214,0.13577023498694518,0.1122715404699739,0.08224543080939947,0.013054830287206266,0.0,0.013054830287206266,0.0,0.0,class,MOTORCYCLE,766
0.14655172413793102,0.5560344827586207,0.15086206896551724,0.05603448275862069,0.03017241379310345,0.04310344827586207,0.0,0.008620689655172414,0.008620689655172414,0.0,class,MOTORCYCLIST,232
0.043859649122807015,0.043859649122807015,0.8333333333333334,0.07894736842105263,0.0,0.0,0.0,0.0,0.0,0.0,class,OFFICIAL_SIGNALER,114
0.3646273115571686,0.24343875762289213,0.23732809915314915,0.11671974915438363,0.011764560649828408,0.02365256894551021,0.001036960225168506,0.00013579241043873294,0.0012962002814606325,0.0,class,PEDESTRIAN,81006
0.2711864406779661,0.1271186440677966,0.0423728813559322,0.2542372881355932,0.22033898305084745,0.0,0.0847457627118644,0.0,0.0,0.0,class,RAILED_VEHICLE,118
0.39325080702769666,0.2407803786668251,0.14707474258432293,0.13675486380317695,0.04520130157840279,0.019660602709856267,0.01205858911277978,0.0037099376466956106,0.0008693551658169032,0.0006394217044269942,class,REGULAR_VEHICLE,774137
0.84,0.05,0.05,0.06,0.0,0.0,0.0,0.0,0.0,0.0,class,SCHOOL_BUS,100
0.41784756798161626,0.19302949061662197,0.12945231711987745,0.24818077364994254,0.0,0.0,0.00497893527384144,0.0065109153581003444,0.0,0.0,class,SIGN,2611
0.46988906497622823,0.04294770206022187,0.2080824088748019,0.2722662440570523,0.0,0.0036450079239302696,0.0,0.003169572107765452,0.0,0.0,class,STOP_SIGN,6310
0.1016949152542373,0.7005649717514124,0.1694915254237288,0.0,0.02824858757062147,0.0,0.0,0.0,0.0,0.0,class,STROLLER,177
0.3242391304347826,0.23923913043478262,0.2273913043478261,0.14630434782608695,0.00858695652173913,0.0483695652173913,0.0,0.004021739130434783,0.0013043478260869566,0.0005434782608695652,class,TRUCK,9200
0.27048260381593714,0.34736251402918067,0.12177328843995511,0.09876543209876543,0.12906846240179573,0.005611672278338945,0.0,0.014029180695847363,0.012906846240179574,0.0,class,TRUCK_CAB,1782
0.27818991097922846,0.3269040553907023,0.11127596439169139,0.11201780415430267,0.12314540059347182,0.008160237388724036,0.0,0.03016815034619189,0.010138476755687438,0.0,class,VEHICULAR_TRAILER,4044
0.2555066079295154,0.5095447870778267,0.1130690161527166,0.09544787077826726,0.011747430249632892,0.014684287812041116,0.0,0.0,0.0,0.0,class,WHEELED_DEVICE,681
0.3076923076923077,0.06477732793522267,0.5141700404858299,0.044534412955465584,0.008097165991902834,0.06072874493927125,0.0,0.0,0.0,0.0,class,WHEELED_RIDER,247
0.0784789758211357,0.8443547362626505,0.03441218400214547,0.03739043290471015,0.0034581563086651516,0.0008468954225302412,0.0007057461854418676,0.0002117238556325603,0.00014114923708837354,0.0,association_confidence,low,70847
0.25189972303103475,0.5146178065004853,0.11459886845157778,0.08723338778022394,0.021849773927041165,0.0048528750325497715,0.0034325213644864237,0.0005207963449565608,0.0008285396397036195,0.0001657079279407239,association_confidence,medium,42243
0.4246566149999565,0.17192550350499372,0.1685839228839245,0.14924276974657918,0.046032789492847725,0.021872502979337873,0.011591767955869761,0.004421474098090117,0.0010401275492134424,0.0006325267891871472,association_confidence,high,804709
0.0,0.22276532800490167,0.3267932016771757,0.28904989003251014,0.0873589969867536,0.04084572087004632,0.02177173401127567,0.008218983909538595,0.0020164516851774797,0.0011796928226208384,velocity_sign_consistency,sign_consistent,437402
0.7450629375287523,0.25493706247124776,0.0,0.0,0.0,0.0,0.0,0.0,0.0,0.0,velocity_sign_consistency,sign_error,480397
0.3851929819536633,0.24667941199636256,0.15439033646238337,0.136112483501481,0.0408184697489361,0.021368714750451694,0.009788126794549582,0.004007379880041148,0.0009928945980328275,0.0006492003140983872,detector,yolo11n,418977
0.3940062787928359,0.23366250887089984,0.1568776036341621,0.1391337992309882,0.042317700502383614,0.017868097237090586,0.010869608798328862,0.0038410495126518077,0.0009342009775029971,0.0004891524431560757,detector,yolo11s,498822
