detector,delta_ms,yaw_stratum,scope,metric,candidate,reference,eligible_logs,paired_absolute_difference,paired_relative_difference,percent_logs_favoring_B3,bootstrap_ci_low,bootstrap_ci_high,wilcoxon_p
rtdetr_l,100,all_yaw,full_frame,ap_50_95,T6,T5,50,0.002410121796999995,0.03205292254228103,34.0,0.0008046984984999977,0.003742844707999987,0.0006207713421488847
rtdetr_l,100,all_yaw,full_frame,ap50,T6,T5,50,0.00035456918000000004,0.001445264663985299,46.0,-0.0013009691059999717,0.0012233516349999946,0.7089524432753507
rtdetr_l,100,all_yaw,full_frame,ap75,T6,T5,50,0.003314655685949998,0.18123396246401227,24.0,0.0011426101349999995,0.006714558000179999,4.438832661741851e-05
rtdetr_l,100,all_yaw,full_frame,precision,T6,T5,50,-0.0029248430175000117,-0.00801608861090277,66.0,-0.00482363581600001,-0.0008851720620000059,0.026731678648024063
rtdetr_l,100,all_yaw,full_frame,recall,T6,T5,50,-0.002656569882500015,-0.008016088610486624,66.0,-0.004419389817499994,-0.0006003360572499929,0.036408540549869035
rtdetr_l,100,all_yaw,full_frame,false_positives_per_frame,T6,T5,50,0.05483870964999937,0.0040761299440258145,66.0,0.017948717950000415,0.09677419354999994,0.00945980299227714
rtdetr_l,100,all_yaw,full_frame,new_object_miss_fraction,T6,T5,50,0.0,0.0,18.0,0.0,0.0,0.19144640357050802
rtdetr_l,100,all_yaw,full_frame,disappeared_object_false_positive_fraction,T6,T5,50,0.0,0.0,10.0,0.0,0.0,0.9527650219907529
rtdetr_l,100,all_yaw,persistent_object,ap_50_95,T6,T5,50,0.0023371766189000005,0.034363593358084796,34.0,0.0007224144028499992,0.0038326186313999942,0.0007549339759211904
rtdetr_l,100,all_yaw,persistent_object,ap50,T6,T5,50,-0.0005803097915000055,-0.0029687952487755936,56.00000000000001,-0.0014406102450000013,0.0005797841595000103,0.9542249738357711
rtdetr_l,100,all_yaw,persistent_object,ap75,T6,T5,50,0.003757073926399991,0.18235899179383608,26.0,0.001400942672750002,0.0068017373559899974,5.045213198718438e-05
rtdetr_l,100,all_yaw,persistent_object,precision,T6,T5,50,-0.0026590376599999743,-0.007600487273408537,66.0,-0.00482363581600001,-0.0010047606775000079,0.02744306528023885
rtdetr_l,100,all_yaw,persistent_object,recall,T6,T5,50,-0.0025772210224999925,-0.007600487275386836,66.0,-0.0044604295065000105,-0.0007127588594500085,0.035501471700130176
rtdetr_l,100,all_yaw,persistent_object,false_positives_per_frame,T6,T5,50,0.04824234904999969,0.0039257471515393785,66.0,0.020512820499999584,0.09032258065000054,0.01049510024629447
rtdetr_l,100,all_yaw,persistent_object,persistent_object_recall,T6,T5,50,-0.0025772210224999925,-0.007600487275386836,66.0,-0.0044604295065000105,-0.0007127588594500085,0.035501471700130176
rtdetr_l,100,all_yaw,persistent_object,disappeared_object_false_positive_fraction,T6,T5,50,0.0,0.0,10.0,0.0,0.0,0.9527650219907529
rtdetr_l,100,high_yaw,full_frame,ap_50_95,T6,T5,42,0.000551034572449996,0.022839409047111556,40.476190476190474,-0.0008546062599499998,0.002799568357150003,0.3456171600159905
rtdetr_l,100,high_yaw,full_frame,ap50,T6,T5,42,-0.003679373822549993,-0.018926776319889392,66.66666666666666,-0.005022228076500004,-0.0006667866023500196,0.062385989524110154
rtdetr_l,100,high_yaw,full_frame,ap75,T6,T5,42,0.00018428391767500276,0.010033921114026248,40.476190476190474,-0.0001560878069212488,0.0027303133952000028,0.20411853941356273
rtdetr_l,100,high_yaw,full_frame,precision,T6,T5,42,-0.0044653977344999984,-0.017926264587994734,64.28571428571429,-0.0075378787879999964,-0.00048355899450000517,0.008128140087560052
rtdetr_l,100,high_yaw,full_frame,recall,T6,T5,42,-0.005521558874500024,-0.017926264587788714,64.28571428571429,-0.0074918181855000016,-0.0004470938896999968,0.015135055284066369
rtdetr_l,100,high_yaw,full_frame,false_positives_per_frame,T6,T5,42,0.07179675990000067,0.0060795328575462305,64.28571428571429,0.009803921550000538,0.18545751634999963,0.009041572106430851
rtdetr_l,100,high_yaw,full_frame,new_object_miss_fraction,T6,T5,42,0.0,0.0,11.904761904761903,0.0,0.0,0.12819017434510785
rtdetr_l,100,high_yaw,full_frame,disappeared_object_false_positive_fraction,T6,T5,42,0.0,0.0,7.142857142857142,0.0,0.0,0.3572725590318747
rtdetr_l,100,high_yaw,persistent_object,ap_50_95,T6,T5,42,0.000708521484799992,0.02379607130194584,40.476190476190474,-0.0012140774818499983,0.0027529299650000012,0.33926705757858144
rtdetr_l,100,high_yaw,persistent_object,ap50,T6,T5,42,-0.0023544703190000044,-0.017373391539458,66.66666666666666,-0.0040135355504999914,-0.0003825774909999996,0.07099126607729349
rtdetr_l,100,high_yaw,persistent_object,ap75,T6,T5,42,2.3690267975000085e-05,0.010333003191988675,42.857142857142854,-0.000814886352299999,0.0028982413070000046,0.2763789204684136
rtdetr_l,100,high_yaw,persistent_object,precision,T6,T5,42,-0.0044721501820000065,-0.017968964033431983,61.904761904761905,-0.0075378787879999964,0.0,0.011019642847481213
rtdetr_l,100,high_yaw,persistent_object,recall,T6,T5,42,-0.005604336436000001,-0.017968964033939393,61.904761904761905,-0.0074937725884999945,0.0,0.01679448672906051
rtdetr_l,100,high_yaw,persistent_object,false_positives_per_frame,T6,T5,42,0.07179675990000067,0.006330536872456199,61.904761904761905,0.0,0.18545751634999963,0.009460416151642725
rtdetr_l,100,high_yaw,persistent_object,persistent_object_recall,T6,T5,42,-0.005604336436000001,-0.017968964033939393,61.904761904761905,-0.0074937725884999945,0.0,0.01679448672906051
rtdetr_l,100,high_yaw,persistent_object,disappeared_object_false_positive_fraction,T6,T5,42,0.0,0.0,7.142857142857142,0.0,0.0,0.3572725590318747
rtdetr_l,200,all_yaw,full_frame,ap_50_95,T6,T5,50,0.0038201799785999996,0.06048630844712066,30.0,0.0010335227942050063,0.005578130147750004,0.0024399375469918994
rtdetr_l,200,all_yaw,full_frame,ap50,T6,T5,50,0.00025090984600001365,0.0015275715004717605,50.0,-0.004338893680000011,0.0072851598140000196,0.31366564109611517
rtdetr_l,200,all_yaw,full_frame,ap75,T6,T5,50,0.0031257036349499993,0.13831634722357122,32.0,0.0005960574780500001,0.00546530487645,0.023585311964122724
rtdetr_l,200,all_yaw,full_frame,precision,T6,T5,50,-0.0076944039790000085,-0.026118792744406073,68.0,-0.011329167695000003,-0.003398208217999993,0.03048635454688231
rtdetr_l,200,all_yaw,full_frame,recall,T6,T5,50,-0.008990438291499994,-0.026118792745462395,68.0,-0.011554332875000017,-0.002734107997300006,0.028256978552906986
rtdetr_l,200,all_yaw,full_frame,false_positives_per_frame,T6,T5,50,0.14466501241999996,0.01064207767076308,68.0,0.05844155843999843,0.2234132802712506,0.011122478263491394
rtdetr_l,200,all_yaw,full_frame,new_object_miss_fraction,T6,T5,50,0.0,0.0,38.0,0.0,0.008849557522999985,0.01235983439208636
rtdetr_l,200,all_yaw,full_frame,disappeared_object_false_positive_fraction,T6,T5,50,0.0,0.0,20.0,0.0,0.0,0.9404706332885298
rtdetr_l,200,all_yaw,persistent_object,ap_50_95,T6,T5,50,0.004190518408949996,0.06032750983452291,30.0,0.0012780594071559303,0.005765289401000004,0.002799360749817126
rtdetr_l,200,all_yaw,persistent_object,ap50,T6,T5,50,-0.0007193608755999906,-0.004029381305717314,52.0,-0.004742531674000003,0.006333800504108295,0.31832456588976044
rtdetr_l,200,all_yaw,persistent_object,ap75,T6,T5,50,0.003106657277550001,0.1425946908788894,34.0,0.0006162963988300002,0.0055161815489499985,0.026848578410895385
rtdetr_l,200,all_yaw,persistent_object,precision,T6,T5,50,-0.0075236389520000335,-0.024703262946346692,68.0,-0.011249725663000004,-0.003398208217999993,0.03205348601661129
rtdetr_l,200,all_yaw,persistent_object,recall,T6,T5,50,-0.009074529722000013,-0.02470326294764984,68.0,-0.01180604356999998,-0.002765932926100001,0.03048635454688231
rtdetr_l,200,all_yaw,persistent_object,false_positives_per_frame,T6,T5,50,0.14143920597000026,0.010637968533729038,68.0,0.05867974724999847,0.21041055718999946,0.012753660783486139
rtdetr_l,200,all_yaw,persistent_object,persistent_object_recall,T6,T5,50,-0.009074529722000013,-0.02470326294764984,68.0,-0.01180604356999998,-0.002765932926100001,0.03048635454688231
rtdetr_l,200,all_yaw,persistent_object,disappeared_object_false_positive_fraction,T6,T5,50,0.0,0.0,20.0,0.0,0.0,0.9702145698889482
rtdetr_l,200,high_yaw,full_frame,ap_50_95,T6,T5,42,-0.00042250079285000366,-0.01288950520448858,52.38095238095239,-0.0023875044530000007,0.006038447214549995,0.5356738543805477
rtdetr_l,200,high_yaw,full_frame,ap50,T6,T5,42,0.001161743691500003,0.0,47.61904761904761,-0.004902681514949998,0.009310219958049988,0.5045450969341464
rtdetr_l,200,high_yaw,full_frame,ap75,T6,T5,42,-0.0006857784172999998,-0.031064903347213287,52.38095238095239,-0.004485832783899999,0.001091288163899998,0.20162934688866563
rtdetr_l,200,high_yaw,full_frame,precision,T6,T5,42,-0.0059404314944999925,-0.029411764703494762,61.904761904761905,-0.01635281577549999,0.0,0.08057341184531776
rtdetr_l,200,high_yaw,full_frame,recall,T6,T5,42,-0.007961597002500015,-0.029411764708084143,61.904761904761905,-0.016289194699500006,0.0,0.13221476894914666
rtdetr_l,200,high_yaw,full_frame,false_positives_per_frame,T6,T5,42,0.10924683069999919,0.008042348494272952,61.904761904761905,0.0,0.3195135434099994,0.05806287480633256
rtdetr_l,200,high_yaw,full_frame,new_object_miss_fraction,T6,T5,42,0.0,0.0,16.666666666666664,0.0,0.0,0.02506184434388362
rtdetr_l,200,high_yaw,full_frame,disappeared_object_false_positive_fraction,T6,T5,42,0.0,0.0,11.904761904761903,0.0,0.0,0.3980713915205135
rtdetr_l,200,high_yaw,persistent_object,ap_50_95,T6,T5,42,-0.0005295758465000029,-0.008078633131972875,52.38095238095239,-0.0022817195348500026,0.006477384975050002,0.5194365245865811
rtdetr_l,200,high_yaw,persistent_object,ap50,T6,T5,42,7.266990120000094e-05,0.0003595908317380047,45.23809523809524,-0.005317641464350001,0.010890999477000007,0.5212376563934746
rtdetr_l,200,high_yaw,persistent_object,ap75,T6,T5,42,-0.000131873574149996,-0.032650592100981875,52.38095238095239,-0.004347444094399999,0.0012184856309949968,0.23687487813637564
rtdetr_l,200,high_yaw,persistent_object,precision,T6,T5,42,-0.0059404314944999925,-0.029411764703494762,61.904761904761905,-0.015384615385000022,0.0,0.0903406599589863
rtdetr_l,200,high_yaw,persistent_object,recall,T6,T5,42,-0.008630802748500005,-0.02941176470455834,61.904761904761905,-0.016589515597499993,0.0,0.12544647422396138
rtdetr_l,200,high_yaw,persistent_object,false_positives_per_frame,T6,T5,42,0.10924683069999919,0.008042348494272952,61.904761904761905,0.0,0.29411764709999844,0.06265375255871307
rtdetr_l,200,high_yaw,persistent_object,persistent_object_recall,T6,T5,42,-0.008630802748500005,-0.02941176470455834,61.904761904761905,-0.016589515597499993,0.0,0.12544647422396138
rtdetr_l,200,high_yaw,persistent_object,disappeared_object_false_positive_fraction,T6,T5,42,0.0,0.0,11.904761904761903,0.0,0.0,0.3980713915205135
rtdetr_l,300,all_yaw,full_frame,ap_50_95,T6,T5,50,0.0017555256581499971,0.04156339372074565,42.0,-0.0010212722492000045,0.004175447629550001,0.11848533640686121
rtdetr_l,300,all_yaw,full_frame,ap50,T6,T5,50,0.0011179259875000042,0.00504773354171942,46.0,-0.006632268986000001,0.011867594276900012,0.24908489906916564
rtdetr_l,300,all_yaw,full_frame,ap75,T6,T5,50,0.00021194069350499972,0.15671792620197972,46.0,-0.001547710925899998,0.004159725465,0.5398998476772991
rtdetr_l,300,all_yaw,full_frame,precision,T6,T5,50,-0.011020831852499996,-0.03976492324162665,72.0,-0.014794748905999994,-0.006157189425000015,0.03286210881230289
rtdetr_l,300,all_yaw,full_frame,recall,T6,T5,50,-0.011612556614999991,-0.03976492324213789,72.0,-0.016670579948000003,-0.005137690095000008,0.037166605079788084
rtdetr_l,300,all_yaw,full_frame,false_positives_per_frame,T6,T5,50,0.2354197821049988,0.01645580006663863,72.0,0.1203223949000023,0.37662337669999957,0.010879562807692977
rtdetr_l,300,all_yaw,full_frame,new_object_miss_fraction,T6,T5,50,0.0,0.0,46.0,0.0,0.0065829232494999945,0.02280409432582948
rtdetr_l,300,all_yaw,full_frame,disappeared_object_false_positive_fraction,T6,T5,50,0.0,0.0,18.0,0.0,0.0,0.3157156522008311
rtdetr_l,300,all_yaw,persistent_object,ap_50_95,T6,T5,50,0.0018642837327999988,0.04199202597400986,42.0,-0.0006723837027000079,0.004465907705900003,0.12316903051698347
rtdetr_l,300,all_yaw,persistent_object,ap50,T6,T5,50,0.0006305375260000079,0.002926477576589202,50.0,-0.00690648390000001,0.011655446913700004,0.28229295463063053
rtdetr_l,300,all_yaw,persistent_object,ap75,T6,T5,50,0.0001832027973044499,0.1404740327241655,48.0,-0.001497713284199998,0.0040645434910999995,0.5526669770606443
rtdetr_l,300,all_yaw,persistent_object,precision,T6,T5,50,-0.011136225344499998,-0.03821022541458634,72.0,-0.014652924515500015,-0.006390809028999994,0.03539143616493412
rtdetr_l,300,all_yaw,persistent_object,recall,T6,T5,50,-0.011536898145500019,-0.038210225413542596,72.0,-0.01663006106050001,-0.005302073217499995,0.04294367729928261
rtdetr_l,300,all_yaw,persistent_object,false_positives_per_frame,T6,T5,50,0.23541978210500059,0.01584872860414949,72.0,0.11764705879999937,0.37662337670000134,0.013104322227118778
rtdetr_l,300,all_yaw,persistent_object,persistent_object_recall,T6,T5,50,-0.011536898145500019,-0.038210225413542596,72.0,-0.01663006106050001,-0.005302073217499995,0.04294367729928261
rtdetr_l,300,all_yaw,persistent_object,disappeared_object_false_positive_fraction,T6,T5,50,0.0,0.0,18.0,0.0,0.0,0.28038380599577895
rtdetr_l,300,high_yaw,full_frame,ap_50_95,T6,T5,40,-0.004442159409355001,-0.05171246217515517,55.00000000000001,-0.006754511758249999,0.0032517704895000006,0.3899927400161687
rtdetr_l,300,high_yaw,full_frame,ap50,T6,T5,40,-0.0022052233900000037,-0.01696759588470871,55.00000000000001,-0.01151740997399997,0.011431007109000003,0.9628961195248849
rtdetr_l,300,high_yaw,full_frame,ap75,T6,T5,40,-0.0033752026095999997,-0.1660663963750415,65.0,-0.00688437040228,-0.00020271794070000036,0.05413063649743804
rtdetr_l,300,high_yaw,full_frame,precision,T6,T5,40,-0.010713073249000019,-0.06600039580495959,77.5,-0.027052807422500012,-0.006427513002499996,0.009381349105751724
rtdetr_l,300,high_yaw,full_frame,recall,T6,T5,40,-0.013312848004949987,-0.06600039580513341,77.5,-0.024951314508000005,-0.005484386923000004,0.0141080951798358
rtdetr_l,300,high_yaw,full_frame,false_positives_per_frame,T6,T5,40,0.22341628955000203,0.013722167303544672,77.5,0.12982312924999828,0.4070121951499992,0.008593069765454264
rtdetr_l,300,high_yaw,full_frame,new_object_miss_fraction,T6,T5,40,0.0,0.0,30.0,0.0,0.0,0.01306396083306817
rtdetr_l,300,high_yaw,full_frame,disappeared_object_false_positive_fraction,T6,T5,40,0.0,0.0,7.5,0.0,0.0,0.6114529869535043
rtdetr_l,300,high_yaw,persistent_object,ap_50_95,T6,T5,40,-0.004749754168405001,-0.049488988359777844,55.00000000000001,-0.006769793272500001,0.0033739818455999996,0.3899927400161687
rtdetr_l,300,high_yaw,persistent_object,ap50,T6,T5,40,-0.001981765203500005,-0.012442863118841428,55.00000000000001,-0.009822656830050007,0.013307709198350014,0.826382224491681
rtdetr_l,300,high_yaw,persistent_object,ap75,T6,T5,40,-0.0039260122737000015,-0.18485052959950682,65.0,-0.007590732149925001,-0.00020271794070000036,0.06345145950968215
rtdetr_l,300,high_yaw,persistent_object,precision,T6,T5,40,-0.01105136824200001,-0.0631190843035111,77.5,-0.027052807422500012,-0.006409064343000009,0.011074391617512447
rtdetr_l,300,high_yaw,persistent_object,recall,T6,T5,40,-0.012832650709000033,-0.06311908430516125,77.5,-0.02524989135150002,-0.006080157698499997,0.01650634321049438
rtdetr_l,300,high_yaw,persistent_object,false_positives_per_frame,T6,T5,40,0.2234162895999976,0.013698630134227858,77.5,0.12922448979999945,0.4070121951499992,0.0082602024258403
rtdetr_l,300,high_yaw,persistent_object,persistent_object_recall,T6,T5,40,-0.012832650709000033,-0.06311908430516125,77.5,-0.02524989135150002,-0.006080157698499997,0.01650634321049438
rtdetr_l,300,high_yaw,persistent_object,disappeared_object_false_positive_fraction,T6,T5,40,0.0,0.0,7.5,0.0,0.0,0.6114529869535043
rtdetr_l,400,all_yaw,full_frame,ap_50_95,T6,T5,50,-0.001390887996250003,-0.022658016541204695,60.0,-0.003969282305500001,0.0011679363258299998,0.5655778099255286
rtdetr_l,400,all_yaw,full_frame,ap50,T6,T5,50,-0.0008637648441499994,-0.009185479081354928,52.0,-0.008626196163999997,0.008003999990862,0.8557483168795788
rtdetr_l,400,all_yaw,full_frame,ap75,T6,T5,50,-0.0004085259563819998,-0.06377614294937425,52.0,-0.0038109971388449997,0.0007918830852899996,0.09130577606126522
rtdetr_l,400,all_yaw,full_frame,precision,T6,T5,50,-0.014442988160499992,-0.06819023467469683,74.0,-0.02144208534799999,-0.00808639360699999,0.0050721514649119115
rtdetr_l,400,all_yaw,full_frame,recall,T6,T5,50,-0.0156550991665,-0.06819023467328088,74.0,-0.02400000000000002,-0.006565788049600004,0.004912360514200742
rtdetr_l,400,all_yaw,full_frame,false_positives_per_frame,T6,T5,50,0.2917526659499998,0.02002773741904398,74.0,0.1447368420999986,0.5225806450999997,0.001539555129280501
rtdetr_l,400,all_yaw,full_frame,new_object_miss_fraction,T6,T5,50,0.0,0.0,42.0,0.0,0.008064516128999943,0.07690264605323578
rtdetr_l,400,all_yaw,full_frame,disappeared_object_false_positive_fraction,T6,T5,50,0.0,0.0,30.0,-0.00953666216850002,0.0,0.11842219301474806
rtdetr_l,400,all_yaw,persistent_object,ap_50_95,T6,T5,50,-0.0012840914064999945,-0.02114647923865011,57.99999999999999,-0.004085202531350002,0.0012063047215899996,0.5786292137562761
rtdetr_l,400,all_yaw,persistent_object,ap50,T6,T5,50,-0.0008794309315000026,-0.007742716331541908,52.0,-0.010136646419000014,0.008267407998642,0.916185835362695
rtdetr_l,400,all_yaw,persistent_object,ap75,T6,T5,50,-0.0005287962438369999,-0.06509967276708657,52.0,-0.004533504349579999,0.0009688637384000004,0.08054833435456032
rtdetr_l,400,all_yaw,persistent_object,precision,T6,T5,50,-0.014742950651500011,-0.06603877248468823,74.0,-0.020601219256000003,-0.007599309154000006,0.007158095833210254
rtdetr_l,400,all_yaw,persistent_object,recall,T6,T5,50,-0.01750224240000002,-0.06603877248269738,74.0,-0.025183091140999994,-0.006476683937000016,0.004459422606641894
rtdetr_l,400,all_yaw,persistent_object,false_positives_per_frame,T6,T5,50,0.2982671138499997,0.01976694184579137,74.0,0.14424234610000042,0.5354838709000003,0.001975481638027454
rtdetr_l,400,all_yaw,persistent_object,persistent_object_recall,T6,T5,50,-0.01750224240000002,-0.06603877248269738,74.0,-0.025183091140999994,-0.006476683937000016,0.004459422606641894
rtdetr_l,400,all_yaw,persistent_object,disappeared_object_false_positive_fraction,T6,T5,50,0.0,0.0,26.0,-0.010683760683500076,0.0,0.09275679283326249
rtdetr_l,400,high_yaw,full_frame,ap_50_95,T6,T5,39,-0.006516207215999999,-0.14030854221949107,66.66666666666666,-0.012133315036300003,-0.0008176426451000016,0.00783459429294453
rtdetr_l,400,high_yaw,full_frame,ap50,T6,T5,39,-0.0026872644589999994,-0.019673673778667064,53.84615384615385,-0.021499202679999996,0.005906259325299999,0.32902085916430224
rtdetr_l,400,high_yaw,full_frame,ap75,T6,T5,39,-0.00493502955985,-0.38360838335461755,74.35897435897436,-0.006222065991500001,-0.0015301953239000004,0.0015496526975766756
rtdetr_l,400,high_yaw,full_frame,precision,T6,T5,39,-0.020971688221000012,-0.10365853658468265,76.92307692307693,-0.03285420944600001,-0.011111111110999994,0.003032194436354973
rtdetr_l,400,high_yaw,full_frame,recall,T6,T5,39,-0.026184538652999995,-0.10365853658544807,76.92307692307693,-0.033391915641000025,-0.015873015872999996,0.002886801876760348
rtdetr_l,400,high_yaw,full_frame,false_positives_per_frame,T6,T5,39,0.4081632653000007,0.02787456445872364,76.92307692307693,0.14893617019999894,0.6825396825399999,0.0012121386435282407
rtdetr_l,400,high_yaw,full_frame,new_object_miss_fraction,T6,T5,39,0.0,0.0,35.8974358974359,0.0,0.005405405405000008,0.05222204238661496
rtdetr_l,400,high_yaw,full_frame,disappeared_object_false_positive_fraction,T6,T5,39,0.0,0.0,17.94871794871795,0.0,0.0,0.5894228678699656
rtdetr_l,400,high_yaw,persistent_object,ap_50_95,T6,T5,39,-0.006156085191299995,-0.1372666204963338,66.66666666666666,-0.012671188273299997,-0.00038798134020000263,0.011108367369160987
rtdetr_l,400,high_yaw,persistent_object,ap50,T6,T5,39,-0.0021017995590000005,-0.016184973669219643,51.28205128205128,-0.025610767332000017,0.005873702878199997,0.3647196781421371
rtdetr_l,400,high_yaw,persistent_object,ap75,T6,T5,39,-0.004950836671700001,-0.3582610496113272,74.35897435897436,-0.006459337869599999,-0.002387379258399998,0.0017247816940653138
rtdetr_l,400,high_yaw,persistent_object,precision,T6,T5,39,-0.021321216357999995,-0.10404624277441384,76.92307692307693,-0.029827315541000016,-0.011111111110999994,0.003509351719908419
rtdetr_l,400,high_yaw,persistent_object,recall,T6,T5,39,-0.02567394095,-0.10404624277449916,76.92307692307693,-0.034734917734000004,-0.015873015872999996,0.0033431969132182984
rtdetr_l,400,high_yaw,persistent_object,false_positives_per_frame,T6,T5,39,0.4149659863999986,0.026589595378142233,76.92307692307693,0.14893617019999894,0.6825396825399999,0.0015745705651046395
rtdetr_l,400,high_yaw,persistent_object,persistent_object_recall,T6,T5,39,-0.02567394095,-0.10404624277449916,76.92307692307693,-0.034734917734000004,-0.015873015872999996,0.0033431969132182984
rtdetr_l,400,high_yaw,persistent_object,disappeared_object_false_positive_fraction,T6,T5,39,0.0,0.0,15.384615384615385,0.0,0.0,0.315055200682099
rtdetr_l,500,all_yaw,full_frame,ap_50_95,T6,T5,50,-0.005364510939100001,-0.13028793137299136,64.0,-0.008000954950299996,-0.0006242639956999998,0.045027510990479414
rtdetr_l,500,all_yaw,full_frame,ap50,T6,T5,50,-0.003875375192699995,-0.05475451596030658,60.0,-0.018852073096799996,0.005777587685983,0.26120880915335754
rtdetr_l,500,all_yaw,full_frame,ap75,T6,T5,50,-0.00201862879384,-0.2484737786269211,62.0,-0.005366593299230001,7.178426499849979e-05,0.004107386449720573
rtdetr_l,500,all_yaw,full_frame,precision,T6,T5,50,-0.019646353286000007,-0.09115384615575689,76.0,-0.03030426701400002,-0.0101227895235,0.0005078536926375426
rtdetr_l,500,all_yaw,full_frame,recall,T6,T5,50,-0.02397091521699997,-0.09115384615334075,76.0,-0.03381249718149999,-0.008795284207999993,0.000246780511708058
rtdetr_l,500,all_yaw,full_frame,false_positives_per_frame,T6,T5,50,0.3651315789500007,0.025858336997422585,76.0,0.21383757409124876,0.6788079469999992,0.00022825815929099935
rtdetr_l,500,all_yaw,full_frame,new_object_miss_fraction,T6,T5,50,0.0,0.0,46.0,0.0,0.0068920521944999535,0.03946761457321352
rtdetr_l,500,all_yaw,full_frame,disappeared_object_false_positive_fraction,T6,T5,50,0.0,0.0,32.0,0.0,0.0,0.8443382246221435
rtdetr_l,500,all_yaw,persistent_object,ap_50_95,T6,T5,50,-0.005215092680900001,-0.13044808922568646,64.0,-0.008263624804300002,-0.0007089243055999998,0.043975372036140215
rtdetr_l,500,all_yaw,persistent_object,ap50,T6,T5,50,-0.005181616041000002,-0.061500490860456614,60.0,-0.01760912187300001,0.005784834140773,0.27372721377670217
rtdetr_l,500,all_yaw,persistent_object,ap75,T6,T5,50,-0.0019814765859749992,-0.24331436389458314,60.0,-0.005607930422525,0.00010333170342499958,0.003083186090907954
rtdetr_l,500,all_yaw,persistent_object,precision,T6,T5,50,-0.01986899371499999,-0.09489001692315516,76.0,-0.030172151149,-0.010052918138499997,0.0005078536926375426
rtdetr_l,500,all_yaw,persistent_object,recall,T6,T5,50,-0.02667469313500001,-0.09489001692107937,76.0,-0.03633879781400001,-0.007849809511500008,0.00028808063448340003
rtdetr_l,500,all_yaw,persistent_object,false_positives_per_frame,T6,T5,50,0.375,0.025304003670627146,76.0,0.2026143790799999,0.6638986166000009,0.00024673679135082987
rtdetr_l,500,all_yaw,persistent_object,persistent_object_recall,T6,T5,50,-0.02667469313500001,-0.09489001692107937,76.0,-0.03633879781400001,-0.007849809511500008,0.00028808063448340003
rtdetr_l,500,all_yaw,persistent_object,disappeared_object_false_positive_fraction,T6,T5,50,0.0,0.0,34.0,0.0,0.0,0.872237629786812
rtdetr_l,500,high_yaw,full_frame,ap_50_95,T6,T5,38,-0.008789154370899999,-0.241943253507524,73.68421052631578,-0.012793603760549999,-0.003388000838235,0.00092286903236527
rtdetr_l,500,high_yaw,full_frame,ap50,T6,T5,38,-0.01321135215495,-0.11922135717188061,63.1578947368421,-0.030780374893999998,0.0012844827244499965,0.01988543992774794
rtdetr_l,500,high_yaw,full_frame,ap75,T6,T5,38,-0.004291143064525001,-0.43604823072797694,78.94736842105263,-0.007757081587219999,-0.002053136496375,0.0005988604132540363
rtdetr_l,500,high_yaw,full_frame,precision,T6,T5,38,-0.03828703057350001,-0.16715248016627304,78.94736842105263,-0.050862650108499996,-0.017140631086000002,0.00014094381185714155
rtdetr_l,500,high_yaw,full_frame,recall,T6,T5,38,-0.03623082245949999,-0.16715248016528053,78.94736842105263,-0.051160791058000005,-0.022956320697999993,0.00011373990128049627
rtdetr_l,500,high_yaw,full_frame,false_positives_per_frame,T6,T5,38,0.6848635235999998,0.04797309258494277,78.94736842105263,0.3308258642499986,1.078125,0.00011792275840564006
rtdetr_l,500,high_yaw,full_frame,new_object_miss_fraction,T6,T5,38,0.0,0.0,28.947368421052634,0.0,0.0,0.040135536373545506
rtdetr_l,500,high_yaw,full_frame,disappeared_object_false_positive_fraction,T6,T5,38,0.0,0.0,13.157894736842104,0.0,0.0,0.6464622026641696
rtdetr_l,500,high_yaw,persistent_object,ap_50_95,T6,T5,38,-0.00963008833965,-0.24451527095331732,73.68421052631578,-0.013424852710800003,-0.003507970000299998,0.00092286903236527
rtdetr_l,500,high_yaw,persistent_object,ap50,T6,T5,38,-0.014344442193550005,-0.12198811547802524,65.78947368421053,-0.03162013371599999,0.00025070383249999745,0.01615894823044073
rtdetr_l,500,high_yaw,persistent_object,ap75,T6,T5,38,-0.004539653384249999,-0.44420180723359665,78.94736842105263,-0.008739730780936124,-0.00219426883968,0.0005988604132540363
rtdetr_l,500,high_yaw,persistent_object,precision,T6,T5,38,-0.037547385603500016,-0.16619641145047548,78.94736842105263,-0.048332899418999986,-0.01772459199745,0.0001512508315499872
rtdetr_l,500,high_yaw,persistent_object,recall,T6,T5,38,-0.03859889970699999,-0.16619641145055916,78.94736842105263,-0.05314960629900001,-0.026086704147499994,0.00014094381185714155
rtdetr_l,500,high_yaw,persistent_object,false_positives_per_frame,T6,T5,38,0.6848635235999998,0.04691488425438979,78.94736842105263,0.3379077433675011,1.078125,5.3966410632710904e-05
rtdetr_l,500,high_yaw,persistent_object,persistent_object_recall,T6,T5,38,-0.03859889970699999,-0.16619641145055916,78.94736842105263,-0.05314960629900001,-0.026086704147499994,0.00014094381185714155
rtdetr_l,500,high_yaw,persistent_object,disappeared_object_false_positive_fraction,T6,T5,38,0.0,0.0,13.157894736842104,0.0,0.0,0.6464622026641696
yolo11n,100,all_yaw,full_frame,ap_50_95,T6,T5,50,0.0010926594528449995,0.018004163143850414,36.0,9.709579355000886e-05,0.0021690199031449984,0.020665866669398625
yolo11n,100,all_yaw,full_frame,ap50,T6,T5,50,-0.001031939889000008,-0.004078274041853336,62.0,-0.002125772126416244,8.999368649999229e-05,0.24122024636948858
yolo11n,100,all_yaw,full_frame,ap75,T6,T5,50,0.0007644599960930001,0.05839950937098265,40.0,-0.0011555991477000017,0.0029184801275000008,0.1255634661063354
yolo11n,100,all_yaw,full_frame,precision,T6,T5,50,-0.006377630419500013,-0.014311185412411321,68.0,-0.011481056257000022,-0.0018656716419999109,0.003700763048137944
yolo11n,100,all_yaw,full_frame,recall,T6,T5,50,-0.0035480506400000222,-0.014311185412630554,68.0,-0.004449930622500001,-0.0008718395820000446,0.00099353533615564
yolo11n,100,all_yaw,full_frame,false_positives_per_frame,T6,T5,50,0.04458779616499986,0.012051302734450486,68.0,0.012987012990000046,0.0903225806500001,0.0007967760997721081
yolo11n,100,all_yaw,full_frame,new_object_miss_fraction,T6,T5,50,0.0,0.0,4.0,0.0,0.0,0.24886387493792206
yolo11n,100,all_yaw,full_frame,disappeared_object_false_positive_fraction,T6,T5,50,0.0,0.0,0.0,0.0,0.0,0.10880943004054569
yolo11n,100,all_yaw,persistent_object,ap_50_95,T6,T5,50,0.0011344468881000006,0.018255601004806145,34.0,0.0003844505302999998,0.002223921783600008,0.014479791748943427
yolo11n,100,all_yaw,persistent_object,ap50,T6,T5,50,-0.0006135274544999958,-0.003030019405349534,57.99999999999999,-0.0025771239290000025,0.0005810526090000018,0.4262959591146398
yolo11n,100,all_yaw,persistent_object,ap75,T6,T5,50,0.0008059416671479999,0.06504727615381081,42.0,-0.0011593660046999993,0.0029553727867499997,0.09908592454842413
yolo11n,100,all_yaw,persistent_object,precision,T6,T5,50,-0.006377630419500013,-0.014311185412411321,68.0,-0.011481056257000022,-0.0018656716419999109,0.0034654809665681753
yolo11n,100,all_yaw,persistent_object,recall,T6,T5,50,-0.0035745563604999836,-0.014311185413755284,68.0,-0.0045111424429999936,-0.0008952551469999515,0.0008901641446254349
yolo11n,100,all_yaw,persistent_object,false_positives_per_frame,T6,T5,50,0.04501654260000021,0.012051302734450486,68.0,0.012987012990000046,0.0903225806500001,0.0007396396404742409
yolo11n,100,all_yaw,persistent_object,persistent_object_recall,T6,T5,50,-0.0035745563604999836,-0.014311185413755284,68.0,-0.0045111424429999936,-0.0008952551469999515,0.0008901641446254349
yolo11n,100,all_yaw,persistent_object,disappeared_object_false_positive_fraction,T6,T5,50,0.0,0.0,0.0,0.0,0.0,0.10880943004054569
yolo11n,100,high_yaw,full_frame,ap_50_95,T6,T5,42,-0.0003464889969999989,-0.00574707371010272,50.0,-0.0017244170772000023,0.0009276246697950007,0.8611284736162291
yolo11n,100,high_yaw,full_frame,ap50,T6,T5,42,-0.0008145916773000042,-0.007625606374639825,54.761904761904766,-0.0021061959720000134,0.00025330951059999995,0.14284596404358202
yolo11n,100,high_yaw,full_frame,ap75,T6,T5,42,0.00018194127105000202,0.0029787426095533105,45.23809523809524,-0.0020417197170499966,0.0015152930457000007,0.590734540414073
yolo11n,100,high_yaw,full_frame,precision,T6,T5,42,-0.005643627140499999,-0.014285714284992646,59.523809523809526,-0.014234374662499993,0.0,0.005166223468725872
yolo11n,100,high_yaw,full_frame,recall,T6,T5,42,-0.0019127392634999962,-0.014285714284385253,59.523809523809526,-0.005204988225500001,0.0,0.006569184106727758
yolo11n,100,high_yaw,full_frame,false_positives_per_frame,T6,T5,42,0.034662215240000016,0.012313795942965104,59.523809523809526,0.0,0.08930899609499998,0.007390982644843037
yolo11n,100,high_yaw,full_frame,new_object_miss_fraction,T6,T5,42,0.0,0.0,2.380952380952381,0.0,0.0,0.28504940740261275
yolo11n,100,high_yaw,full_frame,disappeared_object_false_positive_fraction,T6,T5,42,0.0,0.0,0.0,0.0,0.0,0.31731050786291415
yolo11n,100,high_yaw,persistent_object,ap_50_95,T6,T5,42,-0.0005601339150999966,-0.01209086084494725,54.761904761904766,-0.0023348599285999937,0.001018498085350001,0.8206015978357238
yolo11n,100,high_yaw,persistent_object,ap50,T6,T5,42,-0.00020153250375000084,-0.0026843316018752765,50.0,-0.0021924410419999762,0.0003962369069999694,0.1993339768992719
yolo11n,100,high_yaw,persistent_object,ap75,T6,T5,42,0.00018194127105000202,0.0029787426095533105,45.23809523809524,-0.0022232776163999997,0.001600783071350002,0.6270108022253531
yolo11n,100,high_yaw,persistent_object,precision,T6,T5,42,-0.005643627140499999,-0.014285714284992646,59.523809523809526,-0.014234374662000004,0.0,0.005097081798216146
yolo11n,100,high_yaw,persistent_object,recall,T6,T5,42,-0.0019679863904999984,-0.014285714284780072,59.523809523809526,-0.005270504569499998,0.0,0.004844244917669567
yolo11n,100,high_yaw,persistent_object,false_positives_per_frame,T6,T5,42,0.034662215240000016,0.012313795942965104,59.523809523809526,0.0,0.08930899609499998,0.006712239106450369
yolo11n,100,high_yaw,persistent_object,persistent_object_recall,T6,T5,42,-0.0019679863904999984,-0.014285714284780072,59.523809523809526,-0.005270504569499998,0.0,0.004844244917669567
yolo11n,100,high_yaw,persistent_object,disappeared_object_false_positive_fraction,T6,T5,42,0.0,0.0,0.0,0.0,0.0,0.31731050786291415
yolo11n,200,all_yaw,full_frame,ap_50_95,T6,T5,50,0.0015937183255000029,0.02960524314312913,36.0,0.0001001282869999981,0.0027807617942000006,0.052989788310034314
yolo11n,200,all_yaw,full_frame,ap50,T6,T5,50,-0.0007869992596999976,-0.005394332173114742,50.0,-0.0063532514349999986,0.00402438740361,0.6321732707310517
yolo11n,200,all_yaw,full_frame,ap75,T6,T5,50,0.0017915908734975,0.07992507704215523,42.0,-0.0024298260937999985,0.003776041821300001,0.8109402812359416
yolo11n,200,all_yaw,full_frame,precision,T6,T5,50,-0.01737235235599996,-0.03381486610153593,70.0,-0.0257213996715,-0.0031982942429999994,0.045027510990479414
yolo11n,200,all_yaw,full_frame,recall,T6,T5,50,-0.005495782504500002,-0.033814866099371815,70.0,-0.010013972985999986,-0.0013909251793999908,0.014890897756602683
yolo11n,200,all_yaw,full_frame,false_positives_per_frame,T6,T5,50,0.11728630846499999,0.031651407722643916,70.0,0.019607843129999747,0.21290322579999987,0.006525205201144857
yolo11n,200,all_yaw,full_frame,new_object_miss_fraction,T6,T5,50,0.0,0.0,12.0,0.0,0.0,0.5321298884166212
yolo11n,200,all_yaw,full_frame,disappeared_object_false_positive_fraction,T6,T5,50,0.0,0.0,0.0,0.0,0.0,0.06788915486182899
yolo11n,200,all_yaw,persistent_object,ap_50_95,T6,T5,50,0.0015323959259999978,0.039205472413289734,38.0,-1.2119207900000706e-05,0.003158291238500005,0.055465717070337206
yolo11n,200,all_yaw,persistent_object,ap50,T6,T5,50,-0.000601103668549997,-0.0020786476774803473,50.0,-0.006335485643000016,0.005033290059499998,0.5720861414815896
yolo11n,200,all_yaw,persistent_object,ap75,T6,T5,50,0.0018771102989975,0.08068951180622926,42.0,-0.0029945374863000022,0.00340049325507,0.7740531775538848
yolo11n,200,all_yaw,persistent_object,precision,T6,T5,50,-0.017653251232499972,-0.034216795362021345,70.0,-0.02607451978401252,-0.0031982942429999994,0.045027510990479414
yolo11n,200,all_yaw,persistent_object,recall,T6,T5,50,-0.00589080315450001,-0.03421679536151608,70.0,-0.010185815075999999,-0.0014076764931000001,0.014890897756602683
yolo11n,200,all_yaw,persistent_object,false_positives_per_frame,T6,T5,50,0.11728630846499999,0.03206743005775523,70.0,0.019607843129999747,0.21290322579999987,0.006131180232502587
yolo11n,200,all_yaw,persistent_object,persistent_object_recall,T6,T5,50,-0.00589080315450001,-0.03421679536151608,70.0,-0.010185815075999999,-0.0014076764931000001,0.014890897756602683
yolo11n,200,all_yaw,persistent_object,disappeared_object_false_positive_fraction,T6,T5,50,0.0,0.0,0.0,0.0,0.0,0.06788915486182899
yolo11n,200,high_yaw,full_frame,ap_50_95,T6,T5,42,-0.0014195467196000018,-0.06923910548295863,54.761904761904766,-0.005162814396149996,0.00145716296517,0.7382750756282803
yolo11n,200,high_yaw,full_frame,ap50,T6,T5,42,0.0004985078892000006,0.0,47.61904761904761,-0.006544723208000008,0.0077128826141500025,0.6642121802184103
yolo11n,200,high_yaw,full_frame,ap75,T6,T5,42,-0.002124155853349999,-0.1130701699724915,61.904761904761905,-0.005487579279050001,3.757913245000001e-05,0.0667122378033107
yolo11n,200,high_yaw,full_frame,precision,T6,T5,42,-0.005805909872499987,-0.01388888888807585,54.761904761904766,-0.02983516796950003,0.0026954177900000154,0.2735508915740811
yolo11n,200,high_yaw,full_frame,recall,T6,T5,42,-0.0024208339852500073,-0.013888888892038164,54.761904761904766,-0.011317614606499979,0.0009310986965000018,0.2799553993478423
yolo11n,200,high_yaw,full_frame,false_positives_per_frame,T6,T5,42,0.047338935574999796,0.011145423919353453,54.761904761904766,-0.015151515150000128,0.20237442922500004,0.16167220751469125
yolo11n,200,high_yaw,full_frame,new_object_miss_fraction,T6,T5,42,0.0,0.0,7.142857142857142,0.0,0.0,0.8657723749926214
yolo11n,200,high_yaw,full_frame,disappeared_object_false_positive_fraction,T6,T5,42,0.0,0.0,0.0,0.0,0.0,0.10880943004054569
yolo11n,200,high_yaw,persistent_object,ap_50_95,T6,T5,42,-0.0017295592116,-0.06582419368793503,54.761904761904766,-0.0055020615187999986,0.0015469798971749996,0.6738544278377958
yolo11n,200,high_yaw,persistent_object,ap50,T6,T5,42,0.0004985078892000006,0.0,47.61904761904761,-0.007997261685999998,0.007608342399999999,0.6736479904300765
yolo11n,200,high_yaw,persistent_object,ap75,T6,T5,42,-0.0036676263694999985,-0.12015364839514973,61.904761904761905,-0.005392869243449998,5.82411182295e-05,0.059370295119187386
yolo11n,200,high_yaw,persistent_object,precision,T6,T5,42,-0.006367707624999996,-0.01388888888807585,54.761904761904766,-0.02983516796950003,0.0026954177900000154,0.26724727516181646
yolo11n,200,high_yaw,persistent_object,recall,T6,T5,42,-0.002769570723250004,-0.013888888886127186,54.761904761904766,-0.011867205433999994,0.0009718172985000023,0.24893874120238457
yolo11n,200,high_yaw,persistent_object,false_positives_per_frame,T6,T5,42,0.053221288514999854,0.012097734564364906,54.761904761904766,-0.015151515150000128,0.2044257112750001,0.1705361578917074
yolo11n,200,high_yaw,persistent_object,persistent_object_recall,T6,T5,42,-0.002769570723250004,-0.013888888886127186,54.761904761904766,-0.011867205433999994,0.0009718172985000023,0.24893874120238457
yolo11n,200,high_yaw,persistent_object,disappeared_object_false_positive_fraction,T6,T5,42,0.0,0.0,0.0,0.0,0.0,0.10880943004054569
yolo11n,300,all_yaw,full_frame,ap_50_95,T6,T5,50,-0.0007939304887000023,-0.014096322747995216,54.0,-0.0023368698683999996,0.0020857293145000004,0.893447016970665
yolo11n,300,all_yaw,full_frame,ap50,T6,T5,50,-0.00041744190664999743,-0.008096981121168342,52.0,-0.006711809181899994,0.007768634406348,0.5984627102635613
yolo11n,300,all_yaw,full_frame,ap75,T6,T5,50,0.00014762256802500076,0.005027326334117364,46.0,-0.002759976437654999,0.0012548090828408609,0.4490067617286915
yolo11n,300,all_yaw,full_frame,precision,T6,T5,50,-0.029995240838500026,-0.05568098705754717,68.0,-0.03788015270449996,-0.009656652361000106,0.05060520369320898
yolo11n,300,all_yaw,full_frame,recall,T6,T5,50,-0.009683073227999994,-0.0556809870576031,68.0,-0.018456375839000005,-0.003586371786999998,0.03048635454688231
yolo11n,300,all_yaw,full_frame,false_positives_per_frame,T6,T5,50,0.22722672064499982,0.056517330965671506,68.0,0.07236842105000019,0.3116883116900002,0.0122432354828053
yolo11n,300,all_yaw,full_frame,new_object_miss_fraction,T6,T5,50,0.0,0.0,16.0,0.0,0.0,0.6495629244115453
yolo11n,300,all_yaw,full_frame,disappeared_object_false_positive_fraction,T6,T5,50,0.0,0.0,14.000000000000002,0.0,0.0,0.38235208985751545
yolo11n,300,all_yaw,persistent_object,ap_50_95,T6,T5,50,-0.0004217703410000044,-0.010816968643273306,52.0,-0.002191578775499997,0.0025987278202000037,0.8632650227005474
yolo11n,300,all_yaw,persistent_object,ap50,T6,T5,50,0.0003874042114500025,6.981933549048049e-05,50.0,-0.0069790488545,0.008397373612104003,0.5786292137562761
yolo11n,300,all_yaw,persistent_object,ap75,T6,T5,50,-4.294950187500035e-05,-0.016493049604910534,50.0,-0.0026053268415750013,0.0010868912978000012,0.42072286282100535
yolo11n,300,all_yaw,persistent_object,precision,T6,T5,50,-0.029995240838500026,-0.05568098705754717,68.0,-0.03815225312249995,-0.009656652361000106,0.04719429796794117
yolo11n,300,all_yaw,persistent_object,recall,T6,T5,50,-0.010134655521,-0.05568098705980028,68.0,-0.018973695557999992,-0.0037500000000000033,0.02898427633581413
yolo11n,300,all_yaw,persistent_object,false_positives_per_frame,T6,T5,50,0.22722672064499982,0.056517330965671506,68.0,0.07236842105000019,0.3116883116900002,0.011751482788612818
yolo11n,300,all_yaw,persistent_object,persistent_object_recall,T6,T5,50,-0.010134655521,-0.05568098705980028,68.0,-0.018973695557999992,-0.0037500000000000033,0.02898427633581413
yolo11n,300,all_yaw,persistent_object,disappeared_object_false_positive_fraction,T6,T5,50,0.0,0.0,14.000000000000002,0.0,0.0,0.2787073832496024
yolo11n,300,high_yaw,full_frame,ap_50_95,T6,T5,40,-0.0053652348543500004,-0.1517974061156464,62.5,-0.009070967074149998,0.0010679668539589986,0.060269491961662425
yolo11n,300,high_yaw,full_frame,ap50,T6,T5,40,-0.00019915116781499872,-0.008357518827404929,52.5,-0.014314821482499983,0.011100281259299988,0.7546940826050559
yolo11n,300,high_yaw,full_frame,ap75,T6,T5,40,-0.004488163727445,-0.29636146914128825,70.0,-0.006721618007899998,-0.0021753307343350004,0.002954674370761997
yolo11n,300,high_yaw,full_frame,precision,T6,T5,40,-0.033118992825500015,-0.08151423045047815,67.5,-0.050435241361,-0.007004707163000015,0.0886598530653338
yolo11n,300,high_yaw,full_frame,recall,T6,T5,40,-0.01334953617170001,-0.08151423045038284,67.5,-0.021787276275999995,-0.0021401934899999975,0.029482083943368934
yolo11n,300,high_yaw,full_frame,false_positives_per_frame,T6,T5,40,0.2181694915250002,0.06133751306177039,67.5,0.033365570600000005,0.3741258741250002,0.027953458608680853
yolo11n,300,high_yaw,full_frame,new_object_miss_fraction,T6,T5,40,0.0,0.0,7.5,0.0,0.0,0.892738400944348
yolo11n,300,high_yaw,full_frame,disappeared_object_false_positive_fraction,T6,T5,40,0.0,0.0,5.0,0.0,0.0,0.5929800980174267
yolo11n,300,high_yaw,persistent_object,ap_50_95,T6,T5,40,-0.005815361007149999,-0.1515479951757266,60.0,-0.009766202801399997,0.0006600824859500018,0.06616061626664305
yolo11n,300,high_yaw,persistent_object,ap50,T6,T5,40,-0.00013403997781500417,-0.007867291985100782,52.5,-0.014676627104499997,0.012185485229349997,0.7245544941888511
yolo11n,300,high_yaw,persistent_object,ap75,T6,T5,40,-0.004444531903694999,-0.2920409235627295,70.0,-0.006975918709744998,-0.0019235519182499994,0.003868569222466259
yolo11n,300,high_yaw,persistent_object,precision,T6,T5,40,-0.033118992825500015,-0.08151423045047815,67.5,-0.05129607349849996,-0.005018303473999994,0.09130478882450199
yolo11n,300,high_yaw,persistent_object,recall,T6,T5,40,-0.014170044717650002,-0.0815142304495268,67.5,-0.023067271591499988,-0.0016949201024499955,0.026497293890829058
yolo11n,300,high_yaw,persistent_object,false_positives_per_frame,T6,T5,40,0.2181694915250002,0.06133751306177039,67.5,0.029156816390000007,0.4080086580050004,0.026973983576667252
yolo11n,300,high_yaw,persistent_object,persistent_object_recall,T6,T5,40,-0.014170044717650002,-0.0815142304495268,67.5,-0.023067271591499988,-0.0016949201024499955,0.026497293890829058
yolo11n,300,high_yaw,persistent_object,disappeared_object_false_positive_fraction,T6,T5,40,0.0,0.0,5.0,0.0,0.0,0.5929800980174267
yolo11n,400,all_yaw,full_frame,ap_50_95,T6,T5,50,-0.0018829585433500027,-0.06583359283382308,60.0,-0.006104464288199999,0.0010085025213102,0.2260100302518655
yolo11n,400,all_yaw,full_frame,ap50,T6,T5,50,0.0014532249948500109,0.012089455053769342,48.0,-0.007821209974299997,0.006143289193699997,0.9847343420165711
yolo11n,400,all_yaw,full_frame,ap75,T6,T5,50,-0.0017316323260499998,-0.16864309415703027,66.0,-0.005719951626999998,-0.00024700302574000017,0.002996250182501825
yolo11n,400,all_yaw,full_frame,precision,T6,T5,50,-0.03314152357199998,-0.07969387185089646,72.0,-0.05610179294399997,-0.016597072455000028,0.014479791748943427
yolo11n,400,all_yaw,full_frame,recall,T6,T5,50,-0.01480523559550001,-0.07969387184975218,72.0,-0.02472597501899998,-0.004807477429000007,0.004912360514200742
yolo11n,400,all_yaw,full_frame,false_positives_per_frame,T6,T5,50,0.23606811145999984,0.05286627825552245,72.0,0.09803921568000007,0.41059602648999993,0.0035436448551049438
yolo11n,400,all_yaw,full_frame,new_object_miss_fraction,T6,T5,50,0.0,0.0,16.0,0.0,0.0,0.8092039689931078
yolo11n,400,all_yaw,full_frame,disappeared_object_false_positive_fraction,T6,T5,50,0.0,0.0,10.0,0.0,0.0,0.683239071626591
yolo11n,400,all_yaw,persistent_object,ap_50_95,T6,T5,50,-0.0020079487529,-0.07570980660688617,60.0,-0.00621588150695,0.0009638370883000014,0.22231487615329293
yolo11n,400,all_yaw,persistent_object,ap50,T6,T5,50,-0.0005877049800500009,-0.007405967661617319,54.0,-0.008931758967999998,0.0058668214693815,0.916185835362695
yolo11n,400,all_yaw,persistent_object,ap75,T6,T5,50,-0.001946010530365,-0.1613897462875578,66.0,-0.00540439960879,-0.00014420303208387608,0.002614123910062105
yolo11n,400,all_yaw,persistent_object,precision,T6,T5,50,-0.03285887800949999,-0.07689534404616508,72.0,-0.05558288243999998,-0.016597072455000028,0.01407853473248366
yolo11n,400,all_yaw,persistent_object,recall,T6,T5,50,-0.014483247571999994,-0.07689534404581991,72.0,-0.026173660158000003,-0.005214412010499998,0.004757046552823496
yolo11n,400,all_yaw,persistent_object,false_positives_per_frame,T6,T5,50,0.23466833541999987,0.05286627825552245,72.0,0.09803921568000007,0.41059602648999993,0.0037864469724659955
yolo11n,400,all_yaw,persistent_object,persistent_object_recall,T6,T5,50,-0.014483247571999994,-0.07689534404581991,72.0,-0.026173660158000003,-0.005214412010499998,0.004757046552823496
yolo11n,400,all_yaw,persistent_object,disappeared_object_false_positive_fraction,T6,T5,50,0.0,0.0,10.0,0.0,0.0,0.8067663226228976
yolo11n,400,high_yaw,full_frame,ap_50_95,T6,T5,39,-0.009051714627200001,-0.27068014270549096,71.7948717948718,-0.012605349994699998,-0.0028155049245000008,0.0014682026667287573
yolo11n,400,high_yaw,full_frame,ap50,T6,T5,39,-0.0095950185379,-0.12921062052712226,61.53846153846154,-0.03148226003900001,0.0025957697469999874,0.07737864738737699
yolo11n,400,high_yaw,full_frame,ap75,T6,T5,39,-0.005433399964499999,-0.45387325251778454,82.05128205128204,-0.007830897769590001,-0.00292483653906,7.348139843088575e-05
yolo11n,400,high_yaw,full_frame,precision,T6,T5,39,-0.056497175141,-0.13623978201778378,71.7948717948718,-0.09151785714299998,-0.023529411764999994,0.017050157149096808
yolo11n,400,high_yaw,full_frame,recall,T6,T5,39,-0.021126760563000002,-0.1362397820201985,71.7948717948718,-0.030311457175,-0.007900677201000017,0.003993158129834357
yolo11n,400,high_yaw,full_frame,false_positives_per_frame,T6,T5,39,0.3333333333300006,0.08181818181853637,71.7948717948718,0.13725490196,0.625,0.0024968371639885415
yolo11n,400,high_yaw,full_frame,new_object_miss_fraction,T6,T5,39,0.0,0.0,7.6923076923076925,0.0,0.0,0.7670968684102772
yolo11n,400,high_yaw,full_frame,disappeared_object_false_positive_fraction,T6,T5,39,0.0,0.0,2.564102564102564,0.0,0.0,0.24886387493792206
yolo11n,400,high_yaw,persistent_object,ap_50_95,T6,T5,39,-0.009568872670099999,-0.26571654640262815,71.7948717948718,-0.013233877089799999,-0.0029806761070000007,0.0013906063504691701
yolo11n,400,high_yaw,persistent_object,ap50,T6,T5,39,-0.008727357237299997,-0.13612815917755414,64.1025641025641,-0.029788844172000006,0.002353073370999992,0.07269549961711164
yolo11n,400,high_yaw,persistent_object,ap75,T6,T5,39,-0.00592354897077,-0.4514761223314502,84.61538461538461,-0.00819246961271,-0.002533695005800002,6.360932457027957e-05
yolo11n,400,high_yaw,persistent_object,precision,T6,T5,39,-0.056497175141,-0.14705882352895241,74.35897435897436,-0.10416666666700003,-0.023529411764999994,0.013706969453778584
yolo11n,400,high_yaw,persistent_object,recall,T6,T5,39,-0.022222222221999988,-0.14705882352941183,74.35897435897436,-0.036945812807999995,-0.008235294118000003,0.0021289616634021513
yolo11n,400,high_yaw,persistent_object,false_positives_per_frame,T6,T5,39,0.2962962962900004,0.08181818181853637,74.35897435897436,0.13725490196,0.6265060241000002,0.0018188090652984101
yolo11n,400,high_yaw,persistent_object,persistent_object_recall,T6,T5,39,-0.022222222221999988,-0.14705882352941183,74.35897435897436,-0.036945812807999995,-0.008235294118000003,0.0021289616634021513
yolo11n,400,high_yaw,persistent_object,disappeared_object_false_positive_fraction,T6,T5,39,0.0,0.0,2.564102564102564,0.0,0.0,0.24886387493792206
yolo11n,500,all_yaw,full_frame,ap_50_95,T6,T5,50,-0.00493238509932,-0.1726405657119056,64.0,-0.009426701159200003,-0.0004090900755500011,0.008333363871146915
yolo11n,500,all_yaw,full_frame,ap50,T6,T5,50,-0.005246169046950001,-0.06752695084873159,62.0,-0.013028252147999998,0.0007623391368800012,0.16588679879439283
yolo11n,500,all_yaw,full_frame,ap75,T6,T5,50,-0.0025619940567999993,-0.35410039564642204,72.0,-0.004999900448844999,-0.0012008077161720003,3.633577416550793e-05
yolo11n,500,all_yaw,full_frame,precision,T6,T5,50,-0.04569390355650002,-0.11228952625507921,74.0,-0.06885929437000002,-0.01708278580799999,0.0017779629774352657
yolo11n,500,all_yaw,full_frame,recall,T6,T5,50,-0.018831514952999992,-0.112289526254581,74.0,-0.03113239894800001,-0.007148834087500014,0.0003825853095680287
yolo11n,500,all_yaw,full_frame,false_positives_per_frame,T6,T5,50,0.32450331125499976,0.08215118215093774,74.0,0.08552631579000014,0.5394736842099999,0.0005294876867694143
yolo11n,500,all_yaw,full_frame,new_object_miss_fraction,T6,T5,50,0.0,0.0,22.0,0.0,0.0,0.49261392194989906
yolo11n,500,all_yaw,full_frame,disappeared_object_false_positive_fraction,T6,T5,50,0.0,0.0,18.0,0.0,0.0,0.21431993135166527
yolo11n,500,all_yaw,persistent_object,ap_50_95,T6,T5,50,-0.005612764529155002,-0.16168632556791837,64.0,-0.010639286927099999,-0.00031161338079999795,0.008085622213709343
yolo11n,500,all_yaw,persistent_object,ap50,T6,T5,50,-0.006665102037949993,-0.062046101221393535,60.0,-0.012596193395150002,0.001958266050604997,0.1781010477908609
yolo11n,500,all_yaw,persistent_object,ap75,T6,T5,50,-0.003309316645855,-0.3610475960250495,72.0,-0.005378197123444999,-0.0008822689251600001,4.878706765687468e-05
yolo11n,500,all_yaw,persistent_object,precision,T6,T5,50,-0.04569390355650002,-0.10992884875660028,74.0,-0.07017836292549998,-0.01708278580799999,0.0018425334424101436
yolo11n,500,all_yaw,persistent_object,recall,T6,T5,50,-0.019129565838500007,-0.10992884875779455,74.0,-0.033576642335999995,-0.007401464804000016,0.00043263448054275955
yolo11n,500,all_yaw,persistent_object,false_positives_per_frame,T6,T5,50,0.32450331125499976,0.08198127242491379,74.0,0.08609271522999995,0.5394736842099999,0.0005086665780176247
yolo11n,500,all_yaw,persistent_object,persistent_object_recall,T6,T5,50,-0.019129565838500007,-0.10992884875779455,74.0,-0.033576642335999995,-0.007401464804000016,0.00043263448054275955
yolo11n,500,all_yaw,persistent_object,disappeared_object_false_positive_fraction,T6,T5,50,0.0,0.0,20.0,0.0,0.0,0.15882128758709002
yolo11n,500,high_yaw,full_frame,ap_50_95,T6,T5,38,-0.010177008310200002,-0.3660425529196376,76.31578947368422,-0.013622330719949999,-0.00401392330236,4.6214314352255315e-05
yolo11n,500,high_yaw,full_frame,ap50,T6,T5,38,-0.019957982005899995,-0.22914982911177073,76.31578947368422,-0.0344527988966,-0.0039487155255999995,0.0009790192198124714
yolo11n,500,high_yaw,full_frame,ap75,T6,T5,38,-0.005419155728050001,-0.5244870653914472,71.05263157894737,-0.008154963638835,-0.0013814814317299993,0.00016289600607987897
yolo11n,500,high_yaw,full_frame,precision,T6,T5,38,-0.07536652928849999,-0.20529026217202634,78.94736842105263,-0.11515820456199999,-0.049852077738999995,0.00027994121774099767
yolo11n,500,high_yaw,full_frame,recall,T6,T5,38,-0.029449931511999997,-0.2052902621703736,78.94736842105263,-0.0450751252084,-0.0174825174829,4.273308877600357e-05
yolo11n,500,high_yaw,full_frame,false_positives_per_frame,T6,T5,38,0.5600358422949998,0.13033367037566637,78.94736842105263,0.28205128204999985,0.72172619048,9.288399754976986e-05
yolo11n,500,high_yaw,full_frame,new_object_miss_fraction,T6,T5,38,0.0,0.0,7.894736842105263,0.0,0.0,0.20262160771231197
yolo11n,500,high_yaw,full_frame,disappeared_object_false_positive_fraction,T6,T5,38,0.0,0.0,7.894736842105263,0.0,0.0,0.3328797545683888
yolo11n,500,high_yaw,persistent_object,ap_50_95,T6,T5,38,-0.0110933490171,-0.368260742458693,78.94736842105263,-0.015360626908250002,-0.004575488644699998,3.6479701520875096e-05
yolo11n,500,high_yaw,persistent_object,ap50,T6,T5,38,-0.020958036072449997,-0.23110336791839015,78.94736842105263,-0.036145227837800005,-0.0058844043848,0.0011006118584191427
yolo11n,500,high_yaw,persistent_object,ap75,T6,T5,38,-0.005701835587425,-0.5186704110995695,73.68421052631578,-0.00857174727217,-0.002860301200305,0.0001233053575716686
yolo11n,500,high_yaw,persistent_object,precision,T6,T5,38,-0.073981487737,-0.20761494252854695,78.94736842105263,-0.11515820456200002,-0.04988123515500001,0.000261875509750098
yolo11n,500,high_yaw,persistent_object,recall,T6,T5,38,-0.03151240294100001,-0.207614942527866,78.94736842105263,-0.050561797752399995,-0.01895217270195,3.367788303876296e-05
yolo11n,500,high_yaw,persistent_object,false_positives_per_frame,T6,T5,38,0.5600358422949998,0.12771739130498494,78.94736842105263,0.28205128204999985,0.7380773092399997,9.015502358436574e-05
yolo11n,500,high_yaw,persistent_object,persistent_object_recall,T6,T5,38,-0.03151240294100001,-0.207614942527866,78.94736842105263,-0.050561797752399995,-0.01895217270195,3.367788303876296e-05
yolo11n,500,high_yaw,persistent_object,disappeared_object_false_positive_fraction,T6,T5,38,0.0,0.0,7.894736842105263,0.0,0.0,0.3328797545683888
yolo11s,100,all_yaw,full_frame,ap_50_95,T6,T5,50,0.0016341251425000015,0.030398922087584934,34.0,0.00041201329284,0.002778272511099994,0.007380741603101981
yolo11s,100,all_yaw,full_frame,ap50,T6,T5,50,-0.0002072825345000029,-0.0012975769636895066,56.00000000000001,-0.0029769117774999937,0.0016723639267449972,0.5398998476772991
yolo11s,100,all_yaw,full_frame,ap75,T6,T5,50,0.002475754214550001,0.14850787880495217,32.0,0.0009132988770599999,0.005135171184600002,0.0009504084140701252
yolo11s,100,all_yaw,full_frame,precision,T6,T5,50,-0.005426978953000011,-0.012963433213535809,68.0,-0.009465199327999996,-0.0022828548644999724,0.003700763048137944
yolo11s,100,all_yaw,full_frame,recall,T6,T5,50,-0.0031256887044999876,-0.012963433215571037,68.0,-0.005319148937000029,-0.0009061048816000061,0.0015282107279881753
yolo11s,100,all_yaw,full_frame,false_positives_per_frame,T6,T5,50,0.051284158614999686,0.012083545964624305,68.0,0.01923076923,0.09648864934999946,0.0005165517873521049
yolo11s,100,all_yaw,full_frame,new_object_miss_fraction,T6,T5,50,0.0,0.0,18.0,0.0,0.0,0.07427354970552418
yolo11s,100,all_yaw,full_frame,disappeared_object_false_positive_fraction,T6,T5,50,0.0,0.0,4.0,0.0,0.0,1.0
yolo11s,100,all_yaw,persistent_object,ap_50_95,T6,T5,50,0.0014514813652500014,0.031603895351481004,32.0,0.0007958675918199997,0.0026208708272000003,0.00594215911497642
yolo11s,100,all_yaw,persistent_object,ap50,T6,T5,50,-0.0009174487372999932,-0.007935084786664829,54.0,-0.004050104453499986,0.0016140057519999917,0.32777522027848605
yolo11s,100,all_yaw,persistent_object,ap75,T6,T5,50,0.002397873982440499,0.16158557538805923,30.0,0.0009132988770599999,0.005310429017155002,0.0005966978973450665
yolo11s,100,all_yaw,persistent_object,precision,T6,T5,50,-0.00530051724350003,-0.012963433213535809,70.0,-0.009251797706499976,-0.0022828548644999724,0.0038562301160110506
yolo11s,100,all_yaw,persistent_object,recall,T6,T5,50,-0.003145785871500009,-0.012963433216616988,70.0,-0.00525525525499998,-0.0009118887495999997,0.001642125243437951
yolo11s,100,all_yaw,persistent_object,false_positives_per_frame,T6,T5,50,0.051284158614999686,0.012063953490569249,70.0,0.01923076923,0.09648864934999946,0.0005567791841208118
yolo11s,100,all_yaw,persistent_object,persistent_object_recall,T6,T5,50,-0.003145785871500009,-0.012963433216616988,70.0,-0.00525525525499998,-0.0009118887495999997,0.001642125243437951
yolo11s,100,all_yaw,persistent_object,disappeared_object_false_positive_fraction,T6,T5,50,0.0,0.0,4.0,0.0,0.0,1.0
yolo11s,100,high_yaw,full_frame,ap_50_95,T6,T5,42,-0.0002064790299499998,-0.004251401487642,50.0,-0.0012023907982499984,0.0017349213397499993,0.7607306672094034
yolo11s,100,high_yaw,full_frame,ap50,T6,T5,42,0.0,0.0,45.23809523809524,-0.001727252844999999,0.0012895265160000058,0.6582580885477947
yolo11s,100,high_yaw,full_frame,ap75,T6,T5,42,0.0001719578093611488,0.02214214759584819,45.23809523809524,-0.001348773575650001,0.0013270726931349985,0.8713220090283372
yolo11s,100,high_yaw,full_frame,precision,T6,T5,42,-0.005797922913500009,-0.01065759637121874,59.523809523809526,-0.013060137128500016,0.0,0.020918372932892625
yolo11s,100,high_yaw,full_frame,recall,T6,T5,42,-0.002892589620099993,-0.010657596372542079,59.523809523809526,-0.0053736447720000025,0.0,0.015544914736301022
yolo11s,100,high_yaw,full_frame,false_positives_per_frame,T6,T5,42,0.05050505050499976,0.01108892132062474,59.523809523809526,0.0,0.11682539682000037,0.008113408572049214
yolo11s,100,high_yaw,full_frame,new_object_miss_fraction,T6,T5,42,0.0,0.0,11.904761904761903,0.0,0.0,0.043114446783075355
yolo11s,100,high_yaw,full_frame,disappeared_object_false_positive_fraction,T6,T5,42,0.0,0.0,2.380952380952381,0.0,0.0,0.6547208460185769
yolo11s,100,high_yaw,persistent_object,ap_50_95,T6,T5,42,-0.00014965719530000282,-0.0016284754959430816,50.0,-0.0013996878126499995,0.0016544884475000014,0.8105398570406842
yolo11s,100,high_yaw,persistent_object,ap50,T6,T5,42,0.0,0.0,47.61904761904761,-0.004567719646949998,0.0009746617520000195,0.2799553993478423
yolo11s,100,high_yaw,persistent_object,ap75,T6,T5,42,0.0002584268669111505,0.04200781881055628,45.23809523809524,-0.0011413060770999878,0.001465849797434999,0.7706207125275757
yolo11s,100,high_yaw,persistent_object,precision,T6,T5,42,-0.005560324758500018,-0.01065759637121874,59.523809523809526,-0.013060137128500016,0.0,0.025687645084931123
yolo11s,100,high_yaw,persistent_object,recall,T6,T5,42,-0.0029537814945999885,-0.010657596372519923,59.523809523809526,-0.005432951510999998,0.0,0.01844378449479035
yolo11s,100,high_yaw,persistent_object,false_positives_per_frame,T6,T5,42,0.05050505049999976,0.010353190535062017,59.523809523809526,0.0,0.11682539682000037,0.010923005378730366
yolo11s,100,high_yaw,persistent_object,persistent_object_recall,T6,T5,42,-0.0029537814945999885,-0.010657596372519923,59.523809523809526,-0.005432951510999998,0.0,0.01844378449479035
yolo11s,100,high_yaw,persistent_object,disappeared_object_false_positive_fraction,T6,T5,42,0.0,0.0,2.380952380952381,0.0,0.0,0.6547208460185769
yolo11s,200,all_yaw,full_frame,ap_50_95,T6,T5,50,0.0015918702398500049,0.04673297150363326,34.0,0.00013356705948000015,0.0041988750088,0.04830953815983641
yolo11s,200,all_yaw,full_frame,ap50,T6,T5,50,-0.004475686806999994,-0.018938251218202216,56.00000000000001,-0.005505861728000008,0.004020364020500003,0.7232586770768918
yolo11s,200,all_yaw,full_frame,ap75,T6,T5,50,0.0012023656789594997,0.10385249524887862,34.0,0.00010980874290000006,0.0029816993930814996,0.14333259515310637
yolo11s,200,all_yaw,full_frame,precision,T6,T5,50,-0.016129531190500007,-0.033985602331886314,66.0,-0.02170900692900002,-0.005838198498999969,0.02616696817119646
yolo11s,200,all_yaw,full_frame,recall,T6,T5,50,-0.006779721518500009,-0.033985602330646944,66.0,-0.01125863692299997,-0.00244140625,0.01330480151673541
yolo11s,200,all_yaw,full_frame,false_positives_per_frame,T6,T5,50,0.16828655215499966,0.02701699085773699,66.0,0.04545454546000016,0.21935483871000017,0.005117668978493772
yolo11s,200,all_yaw,full_frame,new_object_miss_fraction,T6,T5,50,0.0,0.0,24.0,0.0,0.0,0.6873736155096972
yolo11s,200,all_yaw,full_frame,disappeared_object_false_positive_fraction,T6,T5,50,0.0,0.0,8.0,0.0,0.0,0.2860033840207056
yolo11s,200,all_yaw,persistent_object,ap_50_95,T6,T5,50,0.0014750140747000033,0.03786345503788929,30.0,0.00018334659300000417,0.0036704960796433692,0.0362699414949752
yolo11s,200,all_yaw,persistent_object,ap50,T6,T5,50,-0.0041023067250000045,-0.02622283351956401,56.00000000000001,-0.006199182986000001,0.004033670617000003,0.8332778036429911
yolo11s,200,all_yaw,persistent_object,ap75,T6,T5,50,0.0007113197078000002,0.08537870635622641,36.0,-6.770733819999944e-05,0.0030887574237114987,0.174987615360088
yolo11s,200,all_yaw,persistent_object,precision,T6,T5,50,-0.015758518555000017,-0.033985602331886314,66.0,-0.02170900692900002,-0.005838198498999969,0.029727315082014982
yolo11s,200,all_yaw,persistent_object,recall,T6,T5,50,-0.006991102611,-0.03398560232994791,66.0,-0.011468959552999994,-0.002487562188999981,0.01330480151673541
yolo11s,200,all_yaw,persistent_object,false_positives_per_frame,T6,T5,50,0.1645161290299999,0.025789536035549024,66.0,0.04545454546000016,0.21935483871000017,0.0052727778896399
yolo11s,200,all_yaw,persistent_object,persistent_object_recall,T6,T5,50,-0.006991102611,-0.03398560232994791,66.0,-0.011468959552999994,-0.002487562188999981,0.01330480151673541
yolo11s,200,all_yaw,persistent_object,disappeared_object_false_positive_fraction,T6,T5,50,0.0,0.0,8.0,0.0,0.0,0.2860033840207056
yolo11s,200,high_yaw,full_frame,ap_50_95,T6,T5,42,0.0008833224605329993,0.03291139240581238,47.61904761904761,-0.004770462259449996,0.004532775592400002,0.9113462559957952
yolo11s,200,high_yaw,full_frame,ap50,T6,T5,42,0.001399148258050006,0.013782487920636825,45.23809523809524,-0.005042158077500004,0.007925028732599992,0.48813874810975155
yolo11s,200,high_yaw,full_frame,ap75,T6,T5,42,-0.00038744061549999924,-0.01882465613563451,52.38095238095239,-0.003264984228850001,0.001158597078300001,0.4046414825718154
yolo11s,200,high_yaw,full_frame,precision,T6,T5,42,-0.010472346459999976,-0.020100502511953208,54.761904761904766,-0.0204623560935,0.00499255708400001,0.30833247317888757
yolo11s,200,high_yaw,full_frame,recall,T6,T5,42,-0.004706338602000003,-0.020100502513497095,54.761904761904766,-0.009394851323499993,0.002942683939500007,0.32178087953675816
yolo11s,200,high_yaw,full_frame,false_positives_per_frame,T6,T5,42,0.09338662791000019,0.01864893062090963,54.761904761904766,-0.044399520810000315,0.17194029850500003,0.18492552220226433
yolo11s,200,high_yaw,full_frame,new_object_miss_fraction,T6,T5,42,0.0,0.0,16.666666666666664,0.0,0.0,0.1730709208049953
yolo11s,200,high_yaw,full_frame,disappeared_object_false_positive_fraction,T6,T5,42,0.0,0.0,0.0,0.0,0.0,0.027707849358079864
yolo11s,200,high_yaw,persistent_object,ap_50_95,T6,T5,42,0.0008639950380999991,0.024933695050687658,47.61904761904761,-0.004674150543750005,0.004306807121049999,0.930992042690832
yolo11s,200,high_yaw,persistent_object,ap50,T6,T5,42,0.001399148258050006,0.013782487920636825,45.23809523809524,-0.006113313810249994,0.007514710918999995,0.48813874810975155
yolo11s,200,high_yaw,persistent_object,ap75,T6,T5,42,-0.0002183932336000012,-0.023451735927429884,50.0,-0.0030608708784500005,0.0015196571483150003,0.5363778152962138
yolo11s,200,high_yaw,persistent_object,precision,T6,T5,42,-0.010472346459999976,-0.020100502511953208,54.761904761904766,-0.0204623560935,0.004344048653499993,0.3421635461477247
yolo11s,200,high_yaw,persistent_object,recall,T6,T5,42,-0.004734560388999998,-0.020100502512292198,54.761904761904766,-0.009849656571499998,0.002538071066,0.3276276092306747
yolo11s,200,high_yaw,persistent_object,false_positives_per_frame,T6,T5,42,0.09338662791000019,0.01864893062090963,54.761904761904766,-0.03968253968000024,0.1656862745100005,0.21498986791335595
yolo11s,200,high_yaw,persistent_object,persistent_object_recall,T6,T5,42,-0.004734560388999998,-0.020100502512292198,54.761904761904766,-0.009849656571499998,0.002538071066,0.3276276092306747
yolo11s,200,high_yaw,persistent_object,disappeared_object_false_positive_fraction,T6,T5,42,0.0,0.0,0.0,0.0,0.0,0.027707849358079864
yolo11s,300,all_yaw,full_frame,ap_50_95,T6,T5,50,0.0008592198172790004,0.022146368386933082,46.0,-0.0019045616090000023,0.0031273530016999868,0.6596977023333945
yolo11s,300,all_yaw,full_frame,ap50,T6,T5,50,-0.002052137794999999,-0.019319057365319813,56.00000000000001,-0.007722071484999982,0.0076042172925894925,0.6185935400423848
yolo11s,300,all_yaw,full_frame,ap75,T6,T5,50,0.00021388106506999992,0.05895104128389152,48.0,-0.0021772501593999988,0.0022802280228,0.652772195247282
yolo11s,300,all_yaw,full_frame,precision,T6,T5,50,-0.026592350947499982,-0.05444787347478703,68.0,-0.03350452707850002,-0.008035714286000029,0.03453081197041463
yolo11s,300,all_yaw,full_frame,recall,T6,T5,50,-0.0116747032005,-0.054447873473743885,68.0,-0.017014766160500003,-0.0029799426934000034,0.03539143616493412
yolo11s,300,all_yaw,full_frame,false_positives_per_frame,T6,T5,50,0.2530393850099997,0.04390648752994525,68.0,0.05844155845000021,0.37012987012999954,0.009116960633276605
yolo11s,300,all_yaw,full_frame,new_object_miss_fraction,T6,T5,50,0.0,0.0,26.0,0.0,0.0,0.2890589075464959
yolo11s,300,all_yaw,full_frame,disappeared_object_false_positive_fraction,T6,T5,50,0.0,0.0,14.000000000000002,0.0,0.0,0.958753862767215
yolo11s,300,all_yaw,persistent_object,ap_50_95,T6,T5,50,0.0005149355422279999,0.022140145886501057,46.0,-0.0020938139011,0.0031878690999999973,0.6390094850461736
yolo11s,300,all_yaw,persistent_object,ap50,T6,T5,50,-0.001828292430500006,-0.01630368319375756,56.00000000000001,-0.007443552140399989,0.007820624735079997,0.7594325529338448
yolo11s,300,all_yaw,persistent_object,ap75,T6,T5,50,5.473404865400001e-05,0.04232430658060248,50.0,-0.0027290306343950004,0.0022802280228,0.5720861414815896
yolo11s,300,all_yaw,persistent_object,precision,T6,T5,50,-0.0254856767195,-0.05494798922525783,68.0,-0.03324808184099992,-0.008928571428999998,0.03539143616493412
yolo11s,300,all_yaw,persistent_object,recall,T6,T5,50,-0.011926969713500005,-0.054947989225605585,68.0,-0.017543503523000006,-0.0030299498892999988,0.039015525521861605
yolo11s,300,all_yaw,persistent_object,false_positives_per_frame,T6,T5,50,0.24323546344000002,0.04390648752994525,68.0,0.06493506494000023,0.35761589404000027,0.010378388051314273
yolo11s,300,all_yaw,persistent_object,persistent_object_recall,T6,T5,50,-0.011926969713500005,-0.054947989225605585,68.0,-0.017543503523000006,-0.0030299498892999988,0.039015525521861605
yolo11s,300,all_yaw,persistent_object,disappeared_object_false_positive_fraction,T6,T5,50,0.0,0.0,14.000000000000002,0.0,0.0,0.8646775535945274
yolo11s,300,high_yaw,full_frame,ap_50_95,T6,T5,40,-0.0029366426608400014,-0.052562270441045764,55.00000000000001,-0.007349335339999997,0.0008589885916100012,0.1617874718067469
yolo11s,300,high_yaw,full_frame,ap50,T6,T5,40,-0.0034187890061500026,-0.03830349330124113,55.00000000000001,-0.0136307274744,0.008896359377550005,0.6463036218483467
yolo11s,300,high_yaw,full_frame,ap75,T6,T5,40,-0.0038514225086000017,-0.2253091863573225,70.0,-0.005862678588349999,-0.0025013294673000004,0.006955192886380246
yolo11s,300,high_yaw,full_frame,precision,T6,T5,40,-0.03452380952350004,-0.0889639639632813,67.5,-0.05627210318250003,-0.006591900012999974,0.03097046168477391
yolo11s,300,high_yaw,full_frame,recall,T6,T5,40,-0.013518937458499997,-0.08896396396422973,67.5,-0.02361812482350001,-0.0023711067839000018,0.01998793531311094
yolo11s,300,high_yaw,full_frame,false_positives_per_frame,T6,T5,40,0.29859603416,0.0566085011182535,67.5,0.04319679848999969,0.4513305322100003,0.01650634321049438
yolo11s,300,high_yaw,full_frame,new_object_miss_fraction,T6,T5,40,0.0,0.0,15.0,0.0,0.0,0.32698934959801507
yolo11s,300,high_yaw,full_frame,disappeared_object_false_positive_fraction,T6,T5,40,0.0,0.0,5.0,0.0,0.0,0.2626182904425206
yolo11s,300,high_yaw,persistent_object,ap_50_95,T6,T5,40,-0.002997753130399995,-0.055963467608116255,55.00000000000001,-0.00802089923295,0.00093884270699,0.13868038851069286
yolo11s,300,high_yaw,persistent_object,ap50,T6,T5,40,-0.004010250606899999,-0.03067392793308154,57.49999999999999,-0.012787509411999999,0.008880136207400004,0.617864971896779
yolo11s,300,high_yaw,persistent_object,ap75,T6,T5,40,-0.004046465750845,-0.21959489978082336,70.0,-0.006365835493685,-0.0020084520062900024,0.006096451763369259
yolo11s,300,high_yaw,persistent_object,precision,T6,T5,40,-0.034523809524000026,-0.0889639639632813,67.5,-0.054367013316000024,-0.004894107143999987,0.03275164369024921
yolo11s,300,high_yaw,persistent_object,recall,T6,T5,40,-0.014263058374000007,-0.08896396396322638,67.5,-0.02423273489750001,-0.0016018122531000004,0.01905569412074879
yolo11s,300,high_yaw,persistent_object,false_positives_per_frame,T6,T5,40,0.29859603416,0.0566085011182535,67.5,0.029307909604999738,0.4413265306099998,0.017675355362087076
yolo11s,300,high_yaw,persistent_object,persistent_object_recall,T6,T5,40,-0.014263058374000007,-0.08896396396322638,67.5,-0.02423273489750001,-0.0016018122531000004,0.01905569412074879
yolo11s,300,high_yaw,persistent_object,disappeared_object_false_positive_fraction,T6,T5,40,0.0,0.0,5.0,0.0,0.0,0.2626182904425206
yolo11s,400,all_yaw,full_frame,ap_50_95,T6,T5,50,-0.002437587472349999,-0.05307508229900101,57.99999999999999,-0.004966515316399999,0.00082852509484,0.24513084584396871
yolo11s,400,all_yaw,full_frame,ap50,T6,T5,50,-0.000825387259299995,-0.022308200189743707,52.0,-0.0122329614715,0.0080849187225,0.7376605378038441
yolo11s,400,all_yaw,full_frame,ap75,T6,T5,50,-0.0017952060570500016,-0.2156851228599216,64.0,-0.00562400226789,-0.00015471628202306712,0.005758302166270823
yolo11s,400,all_yaw,full_frame,precision,T6,T5,50,-0.029070287042999993,-0.06958236191544931,68.0,-0.050043516100999996,-0.004546132678999976,0.011297271717835438
yolo11s,400,all_yaw,full_frame,recall,T6,T5,50,-0.014802738133499999,-0.06958236191456138,68.0,-0.023227015845300007,-0.0019013145505000079,0.005443867616470651
yolo11s,400,all_yaw,full_frame,false_positives_per_frame,T6,T5,50,0.2796052631600001,0.05003336484485977,68.0,0.03596921224499994,0.5161290322599994,0.003700763048137944
yolo11s,400,all_yaw,full_frame,new_object_miss_fraction,T6,T5,50,0.0,0.0,28.000000000000004,0.0,0.0,0.20410241852456334
yolo11s,400,all_yaw,full_frame,disappeared_object_false_positive_fraction,T6,T5,50,0.0,0.0,22.0,0.0,0.0,0.9404809859004396
yolo11s,400,all_yaw,persistent_object,ap_50_95,T6,T5,50,-0.0023784173739499984,-0.05571255228521223,57.99999999999999,-0.005203705660550001,0.0009081112524099997,0.2653376709882824
yolo11s,400,all_yaw,persistent_object,ap50,T6,T5,50,-0.0012910392939000058,-0.02948308131054323,54.0,-0.0119909308615,0.007806307585999983,0.8632650227005474
yolo11s,400,all_yaw,persistent_object,ap75,T6,T5,50,-0.001766806397949999,-0.21353529694162882,62.0,-0.005932094961625001,0.0001835528002121,0.006730459669450184
yolo11s,400,all_yaw,persistent_object,precision,T6,T5,50,-0.028595313527999988,-0.07004943034610583,68.0,-0.049586776860000015,-0.004994161352999987,0.010726615055851924
yolo11s,400,all_yaw,persistent_object,recall,T6,T5,50,-0.014825698055000003,-0.07004943034631715,68.0,-0.02522598369400001,-0.002009605681499993,0.005951765777890864
yolo11s,400,all_yaw,persistent_object,false_positives_per_frame,T6,T5,50,0.2787452700400004,0.048934064761543924,68.0,0.03601307189500025,0.5263157894699999,0.0036191049075792858
yolo11s,400,all_yaw,persistent_object,persistent_object_recall,T6,T5,50,-0.014825698055000003,-0.07004943034631715,68.0,-0.02522598369400001,-0.002009605681499993,0.005951765777890864
yolo11s,400,all_yaw,persistent_object,disappeared_object_false_positive_fraction,T6,T5,50,0.0,0.0,22.0,0.0,0.0,0.9307556694906441
yolo11s,400,high_yaw,full_frame,ap_50_95,T6,T5,39,-0.0068479814651999996,-0.21421269590383513,69.23076923076923,-0.010694220017200003,-0.0017371153286999987,0.0006288769545790274
yolo11s,400,high_yaw,full_frame,ap50,T6,T5,39,-0.0130623548887,-0.12752866431610574,64.1025641025641,-0.027706905813999996,0.0027264183045999993,0.022157881470775465
yolo11s,400,high_yaw,full_frame,ap75,T6,T5,39,-0.004069745212800001,-0.34485517723706416,69.23076923076923,-0.007214252228300001,-0.0008038030889499998,0.014884206917486154
yolo11s,400,high_yaw,full_frame,precision,T6,T5,39,-0.05130513051300001,-0.14705882352941188,74.35897435897436,-0.081023454158,-0.02898550724600002,0.00046626010589534417
yolo11s,400,high_yaw,full_frame,recall,T6,T5,39,-0.022443890274600004,-0.14705882353099214,74.35897435897436,-0.033431085044,-0.014146772767999999,0.00012009679267066531
yolo11s,400,high_yaw,full_frame,false_positives_per_frame,T6,T5,39,0.4102564102599997,0.07776261937341208,74.35897435897436,0.25925925926000026,0.6867469879599994,0.000309215409298921
yolo11s,400,high_yaw,full_frame,new_object_miss_fraction,T6,T5,39,0.0,0.0,17.94871794871795,0.0,0.0,0.24774620591207197
yolo11s,400,high_yaw,full_frame,disappeared_object_false_positive_fraction,T6,T5,39,0.0,0.0,10.256410256410255,0.0,0.0,0.39802471950693785
yolo11s,400,high_yaw,persistent_object,ap_50_95,T6,T5,39,-0.007367007950999999,-0.220389977676613,71.7948717948718,-0.011822252146099999,-0.002280930806500001,0.0005927568454353604
yolo11s,400,high_yaw,persistent_object,ap50,T6,T5,39,-0.012985143671299992,-0.12492088189260235,61.53846153846154,-0.0244576791556,0.0027264183045999993,0.02392708400657284
yolo11s,400,high_yaw,persistent_object,ap75,T6,T5,39,-0.004254022275899999,-0.3884099246656715,71.7948717948718,-0.00863997301685,-0.0008038030889499998,0.013706969453778584
yolo11s,400,high_yaw,persistent_object,precision,T6,T5,39,-0.05130513051300001,-0.14705882352941188,74.35897435897436,-0.078891257996,-0.02439024390200001,0.00046626010589534417
yolo11s,400,high_yaw,persistent_object,recall,T6,T5,39,-0.02539779681780001,-0.14705882353099214,74.35897435897436,-0.036065573770000026,-0.012941176471000015,0.00010459158875164576
yolo11s,400,high_yaw,persistent_object,false_positives_per_frame,T6,T5,39,0.4102564102599997,0.07765667574907852,74.35897435897436,0.21568627450999944,0.6867469879500003,0.00018003877266892232
yolo11s,400,high_yaw,persistent_object,persistent_object_recall,T6,T5,39,-0.02539779681780001,-0.14705882353099214,74.35897435897436,-0.036065573770000026,-0.012941176471000015,0.00010459158875164576
yolo11s,400,high_yaw,persistent_object,disappeared_object_false_positive_fraction,T6,T5,39,0.0,0.0,10.256410256410255,0.0,0.0,0.39802471950693785
yolo11s,500,all_yaw,full_frame,ap_50_95,T6,T5,50,-0.005357940563749998,-0.1393753890758012,66.0,-0.008147107954599999,-0.00032158241099999874,0.007158095833210254
yolo11s,500,all_yaw,full_frame,ap50,T6,T5,50,-0.005044491318450001,-0.07236608751061577,57.99999999999999,-0.01771138192985,0.003717724964549994,0.15714035289247086
yolo11s,500,all_yaw,full_frame,ap75,T6,T5,50,-0.00266467819765,-0.3643846391680954,70.0,-0.005579493571849999,-0.0003399947084549999,0.00035222154756553437
yolo11s,500,all_yaw,full_frame,precision,T6,T5,50,-0.03424884808449999,-0.08773377754150682,74.0,-0.06479859894900003,-0.010645871020499992,0.0007549339759211904
yolo11s,500,all_yaw,full_frame,recall,T6,T5,50,-0.018407154948000007,-0.08773377754280451,74.0,-0.031214859589000006,-0.005542359460999957,0.0002211422351869885
yolo11s,500,all_yaw,full_frame,false_positives_per_frame,T6,T5,50,0.3509933774850005,0.06322751322799525,74.0,0.08252004182499961,0.6688311688299997,0.0005583744681927958
yolo11s,500,all_yaw,full_frame,new_object_miss_fraction,T6,T5,50,0.0,0.0,26.0,0.0,0.0,0.9827475178015905
yolo11s,500,all_yaw,full_frame,disappeared_object_false_positive_fraction,T6,T5,50,0.0,0.0,20.0,0.0,0.0,0.42904056946512514
yolo11s,500,all_yaw,persistent_object,ap_50_95,T6,T5,50,-0.0057122260653349995,-0.1355285123277768,66.0,-0.008497561424800001,-0.0007106198969000013,0.009964281765361349
yolo11s,500,all_yaw,persistent_object,ap50,T6,T5,50,-0.004533569694400004,-0.06898982798871475,60.0,-0.017915787822950002,0.0024301132385859984,0.16888071753563239
yolo11s,500,all_yaw,persistent_object,ap75,T6,T5,50,-0.0030621586268100003,-0.3513136051251424,72.0,-0.00637869646095,-0.0005702290563200001,0.00012454807471407037
yolo11s,500,all_yaw,persistent_object,precision,T6,T5,50,-0.033412401763499994,-0.08571537902261289,72.0,-0.06534714116550003,-0.010791366907,0.0008475708983652908
yolo11s,500,all_yaw,persistent_object,recall,T6,T5,50,-0.017846666151999993,-0.08571537902226488,72.0,-0.0337110142303875,-0.006578947368000021,0.0002624791416003802
yolo11s,500,all_yaw,persistent_object,false_positives_per_frame,T6,T5,50,0.33774834437000045,0.062009397147577264,72.0,0.0855263157899997,0.6818181818199998,0.0005387317134147923
yolo11s,500,all_yaw,persistent_object,persistent_object_recall,T6,T5,50,-0.017846666151999993,-0.08571537902226488,72.0,-0.0337110142303875,-0.006578947368000021,0.0002624791416003802
yolo11s,500,all_yaw,persistent_object,disappeared_object_false_positive_fraction,T6,T5,50,0.0,0.0,20.0,0.0,0.0,0.49287122901271463
yolo11s,500,high_yaw,full_frame,ap_50_95,T6,T5,38,-0.008169664300950001,-0.2958023490803434,73.68421052631578,-0.011888486276749998,-0.0041797626329,0.00013128014688845724
yolo11s,500,high_yaw,full_frame,ap50,T6,T5,38,-0.013249472350050001,-0.20272573296862012,71.05263157894737,-0.0271141188445,-0.0022169826820000182,0.002044867622316815
yolo11s,500,high_yaw,full_frame,ap75,T6,T5,38,-0.00473975537562,-0.5460804274937082,76.31578947368422,-0.008050738721305,-0.0016822235513850004,0.000261875509750098
yolo11s,500,high_yaw,full_frame,precision,T6,T5,38,-0.060991735537000005,-0.17636949516672776,81.57894736842105,-0.091908985817,-0.04391409817349998,5.3966410632710904e-05
yolo11s,500,high_yaw,full_frame,recall,T6,T5,38,-0.029778678032100006,-0.1763694951677774,81.57894736842105,-0.0420662914492,-0.018388791592999998,1.46825987030752e-05
yolo11s,500,high_yaw,full_frame,false_positives_per_frame,T6,T5,38,0.5857142857150004,0.09207630227350676,81.57894736842105,0.3162393162349999,0.829927884615,2.641164610395208e-05
yolo11s,500,high_yaw,full_frame,new_object_miss_fraction,T6,T5,38,0.0,0.0,13.157894736842104,0.0,0.0,0.5829195472688132
yolo11s,500,high_yaw,full_frame,disappeared_object_false_positive_fraction,T6,T5,38,0.0,0.0,7.894736842105263,0.0,0.0,0.7353166906373405
yolo11s,500,high_yaw,persistent_object,ap_50_95,T6,T5,38,-0.008909691965049997,-0.2949739109468874,73.68421052631578,-0.013134274173626753,-0.00461242246895,9.83612408163026e-05
yolo11s,500,high_yaw,persistent_object,ap50,T6,T5,38,-0.01376822769265,-0.19903178031951704,71.05263157894737,-0.0289600868268,-0.004365679235149994,0.0013851998082827777
yolo11s,500,high_yaw,persistent_object,ap75,T6,T5,38,-0.0051317611973650005,-0.5296533748160188,76.31578947368422,-0.00947964699309,-0.001605144750675,0.00017394948372384533
yolo11s,500,high_yaw,persistent_object,precision,T6,T5,38,-0.062658402204,-0.17662401748270423,81.57894736842105,-0.0919089858165,-0.03912927350449999,5.3966410632710904e-05
yolo11s,500,high_yaw,persistent_object,recall,T6,T5,38,-0.031264374687900005,-0.17662401748273673,81.57894736842105,-0.048689138576000004,-0.01829268292700001,1.0358467989135534e-05
yolo11s,500,high_yaw,persistent_object,false_positives_per_frame,T6,T5,38,0.585714285715,0.09231847490915038,81.57894736842105,0.2972151088350006,0.829927884615,2.641164610395208e-05
yolo11s,500,high_yaw,persistent_object,persistent_object_recall,T6,T5,38,-0.031264374687900005,-0.17662401748273673,81.57894736842105,-0.048689138576000004,-0.01829268292700001,1.0358467989135534e-05
yolo11s,500,high_yaw,persistent_object,disappeared_object_false_positive_fraction,T6,T5,38,0.0,0.0,7.894736842105263,0.0,0.0,0.7353166906373405
