detector,model,delta_ms,yaw_stratum,stratum_type,stratum,scope,ap_50_95,ap50,ap75,precision,recall,false_positives_per_frame,persistent_object_recall,new_object_miss_fraction,disappeared_object_false_positive_fraction
rtdetr_l,T0,100,all_yaw,overall,all,full_frame,0.057715293905350004,0.1813684134795,0.01854949899645,0.260066080173,0.281779924739,14.5816455696,,0.9723484848485,0.861904761905
rtdetr_l,T0,100,all_yaw,overall,all,persistent_object,0.0581093456831,0.1823209709,0.0188031493928,0.259293042957,0.2866655797445,14.5912617395,0.2866655797445,,0.861904761905
rtdetr_l,T0,100,high_yaw,overall,all,full_frame,0.044940344985949995,0.1443039798645,0.01187461853735,0.234725671709,0.2443534440805,14.4236111111,,0.968181818182,0.9449404761905
rtdetr_l,T0,100,high_yaw,overall,all,persistent_object,0.045887611431449996,0.14553249868950002,0.0120234046112,0.230151920782,0.248048061535,14.4622222222,0.248048061535,,0.9449404761905
rtdetr_l,T0,200,all_yaw,overall,all,full_frame,0.038512595240450004,0.134342521579,0.00757797484913,0.223665154569,0.23058412746450002,15.28396603395,,0.970562770563,0.8957881024750001
rtdetr_l,T0,200,all_yaw,overall,all,persistent_object,0.0394102471127,0.1375038955795,0.00778892745115,0.223551647191,0.235140577028,15.299991675,0.235140577028,,0.8957881024750001
rtdetr_l,T0,200,high_yaw,overall,all,full_frame,0.0216832362044,0.08462469862694999,0.0026190632450700004,0.17470342908050002,0.171773199549,14.87800721735,,0.9689110824739999,0.914855072464
rtdetr_l,T0,200,high_yaw,overall,all,persistent_object,0.0223067855456,0.08802084812665001,0.00268948380381,0.171769648695,0.1769551170805,14.87800721735,0.1769551170805,,0.914855072464
rtdetr_l,T0,300,all_yaw,overall,all,full_frame,0.0244135374551,0.1008123080054,0.003647693106575,0.1940325926955,0.2037111727755,15.990196078450001,,0.9611613876314999,0.931034482759
rtdetr_l,T0,300,all_yaw,overall,all,persistent_object,0.0248045871014,0.10198584693005,0.0036895703310600002,0.19363981971799998,0.2087474552,16.019607843150002,0.2087474552,,0.931034482759
rtdetr_l,T0,300,high_yaw,overall,all,full_frame,0.013920050654250001,0.0522513142372,0.0005039838034425,0.1394743856285,0.13776954215999998,15.99905992945,,0.970843183609,0.9305019305015
rtdetr_l,T0,300,high_yaw,overall,all,persistent_object,0.014683553960200001,0.05383872456095,0.000501357555208,0.1394743856285,0.1449519984785,16.0207990599,0.1449519984785,,0.9305019305015
rtdetr_l,T0,400,all_yaw,overall,all,full_frame,0.0201983153079,0.0771376861416,0.00316077447509,0.177066255447,0.1828684539605,16.4407894737,,0.960969500017,0.9137866963954999
rtdetr_l,T0,400,all_yaw,overall,all,persistent_object,0.0206955513591,0.0802628168226,0.0032904590752700002,0.17647500593999998,0.18626098123649998,16.48684210525,0.18626098123649998,,0.9137866963954999
rtdetr_l,T0,400,high_yaw,overall,all,full_frame,0.00864697359461,0.0353433781,0.000318424441461,0.103061986557,0.107341490545,16.2434782609,,0.97461928934,0.933333333333
rtdetr_l,T0,400,high_yaw,overall,all,persistent_object,0.00914187876202,0.0355946764465,0.000303725563845,0.102315160568,0.112576956904,16.3217391304,0.112576956904,,0.933333333333
rtdetr_l,T0,500,all_yaw,overall,all,full_frame,0.018621825673199997,0.06589693791845,0.002391505396135,0.1595249496245,0.1692511591035,16.63281585965,,0.9640396210165,0.9185982339959999
rtdetr_l,T0,500,all_yaw,overall,all,persistent_object,0.0194012269825,0.06724653953775,0.00245533637581,0.158311709253,0.1723919397355,16.64268512945,0.1723919397355,,0.921049214388
rtdetr_l,T0,500,high_yaw,overall,all,full_frame,0.00571098615809,0.0274741188361,0.0002453932741475,0.0820687739227,0.08712254179619999,16.954081632650002,,0.9798985167834999,0.939975990396
rtdetr_l,T0,500,high_yaw,overall,all,persistent_object,0.00585485486496,0.0287916720557,0.0002335292700865,0.0766627567189,0.09089074353655,17.01825993555,0.09089074353655,,0.939975990396
rtdetr_l,T1,100,all_yaw,overall,all,full_frame,0.0685219373614,0.1815735603935,0.034314012199550006,0.26370292109649995,0.28830749690150004,14.7292976725,,0.9759984639015,0.8819444444444999
rtdetr_l,T1,100,all_yaw,overall,all,persistent_object,0.06922733249230001,0.18337962214249998,0.0344311817185,0.263276845255,0.2916672811735,14.732462229500001,0.2916672811735,,0.8819444444444999
rtdetr_l,T1,100,high_yaw,overall,all,full_frame,0.06823531989785,0.166684773806,0.02641107942075,0.258952417839,0.2836698022695,14.1938888889,,1.0,0.9515086206895
rtdetr_l,T1,100,high_yaw,overall,all,persistent_object,0.06853959971825,0.1680007587315,0.0269471220169,0.258952417839,0.2878874813435,14.1938888889,0.2878874813435,,0.9515086206895
rtdetr_l,T1,200,all_yaw,overall,all,full_frame,0.05262565831355,0.15460905970049998,0.02519342095305,0.2249900663535,0.245690979127,15.293997669,,0.9810633213855,0.9338436303995
rtdetr_l,T1,200,all_yaw,overall,all,persistent_object,0.0536191095298,0.15667315690099998,0.0256356642511,0.2249900663535,0.2508446079505,15.3004079254,0.2508446079505,,0.9338436303995
rtdetr_l,T1,200,high_yaw,overall,all,full_frame,0.048679210058750005,0.13845670375250002,0.02078043884665,0.213129188094,0.22554342880349998,14.71904969485,,1.0,0.985294117647
rtdetr_l,T1,200,high_yaw,overall,all,persistent_object,0.050298257184049996,0.140675133004,0.021443793555549998,0.2119214586255,0.2311739213565,14.71904969485,0.2311739213565,,0.985294117647
rtdetr_l,T1,300,all_yaw,overall,all,full_frame,0.03978369697465,0.122414728156,0.015554285012099999,0.193011062886,0.2099054443135,15.924836601300001,,0.989344354476,0.9424192212095
rtdetr_l,T1,300,all_yaw,overall,all,persistent_object,0.040762173170200006,0.1271828379015,0.015715210622349998,0.19278027590250002,0.2145062555155,15.924836601300001,0.2145062555155,,0.9424192212095
rtdetr_l,T1,300,high_yaw,overall,all,full_frame,0.0339363791646,0.09918141456605001,0.0122497206133,0.1665843922405,0.174621212121,15.335304054049999,,0.9985074626865,0.9672557172555001
rtdetr_l,T1,300,high_yaw,overall,all,persistent_object,0.03641295176435,0.10191737253205,0.012805823336799999,0.166351509148,0.178912829123,15.3596096096,0.178912829123,,0.9672557172555001
rtdetr_l,T1,400,all_yaw,overall,all,full_frame,0.0286170631529,0.0989049249472,0.009255136569355001,0.167250648526,0.17943968511199998,16.25352292025,,0.9912179782175,0.966091954023
rtdetr_l,T1,400,all_yaw,overall,all,persistent_object,0.030019134732199998,0.1021878866375,0.00952237256718,0.167250648526,0.186827635589,16.2568123939,0.186827635589,,0.966091954023
rtdetr_l,T1,400,high_yaw,overall,all,full_frame,0.0247551019046,0.0737810786954,0.00579114515225,0.133709981168,0.133185349612,16.3333333333,,1.0,1.0
rtdetr_l,T1,400,high_yaw,overall,all,persistent_object,0.0254335763247,0.0812520812178,0.00651989445636,0.133709981168,0.147170917619,16.4444444444,0.147170917619,,1.0
rtdetr_l,T1,500,all_yaw,overall,all,full_frame,0.02130491520105,0.0738990544488,0.00655388363945,0.13677171448050002,0.150932243228,16.6753246753,,0.9934819532904999,0.968245967742
rtdetr_l,T1,500,all_yaw,overall,all,persistent_object,0.02212763440815,0.07921478843544999,0.00659968180325,0.13637732085100002,0.158376194838,16.6753246753,0.158376194838,,0.9702475685235
rtdetr_l,T1,500,high_yaw,overall,all,full_frame,0.01876945171535,0.054746370660900004,0.003112054454665,0.11761198464549999,0.111318413433,16.74493243245,,0.9977477477475001,0.988751263903
rtdetr_l,T1,500,high_yaw,overall,all,persistent_object,0.02069960256345,0.05942770284235,0.003405275373095,0.11761198464549999,0.114938738604,16.8141891892,0.114938738604,,0.988751263903
rtdetr_l,T2,100,all_yaw,overall,all,full_frame,0.0523997813242,0.1697091147105,0.01428943876765,0.250701932636,0.26770173270849995,14.67682727645,,0.967607105538,0.857142857143
rtdetr_l,T2,100,all_yaw,overall,all,persistent_object,0.0525714662055,0.1724167646585,0.014423176893150001,0.250398971688,0.2714431429675,14.68966925275,0.2714431429675,,0.857142857143
rtdetr_l,T2,100,high_yaw,overall,all,full_frame,0.036876210020700004,0.126877336644,0.00764354366968,0.22114472792950002,0.2156929949085,14.698333333299999,,0.9479166666665,0.9321839080459999
rtdetr_l,T2,100,high_yaw,overall,all,persistent_object,0.0377689020051,0.1288929024385,0.0077257907133,0.2182851280045,0.218575128045,14.705,0.218575128045,,0.9321839080459999
rtdetr_l,T2,200,all_yaw,overall,all,full_frame,0.03525547065015,0.1248291786355,0.0065886267693,0.2161430010375,0.22619556648650002,15.4324425574,,0.9530330882355,0.893424036281
rtdetr_l,T2,200,all_yaw,overall,all,persistent_object,0.0358256935613,0.1265281315485,0.00663188240384,0.215874904523,0.2295558033995,15.44526307025,0.2295558033995,,0.893424036281
rtdetr_l,T2,200,high_yaw,overall,all,full_frame,0.01946321819915,0.0727439303521,0.001764094925135,0.170819124402,0.167432570413,15.052526062550001,,0.955063715627,0.936141304348
rtdetr_l,T2,200,high_yaw,overall,all,persistent_object,0.019897699919,0.07507797219234999,0.0020003148661500002,0.1674287987575,0.170076495875,15.052526062550001,0.170076495875,,0.936141304348
rtdetr_l,T2,300,all_yaw,overall,all,full_frame,0.02259404136675,0.09890386371635,0.0038420762982550004,0.1922495616025,0.194829744141,16.042483660149998,,0.9576411960135001,0.92084078712
rtdetr_l,T2,300,all_yaw,overall,all,persistent_object,0.02286666190525,0.1019330066495,0.0038730882760599997,0.1917423459615,0.200981710407,16.065359477100003,0.200981710407,,0.92084078712
rtdetr_l,T2,300,high_yaw,overall,all,full_frame,0.0121364410324,0.050210263833800006,0.0005162280933975,0.1319209636515,0.1333911924965,16.022209165649997,,0.960648148148,0.9305019305015
rtdetr_l,T2,300,high_yaw,overall,all,persistent_object,0.012900290559,0.051585910720149994,0.000512386330981,0.1319209636515,0.1369241222835,16.05070505285,0.1369241222835,,0.9305019305015
rtdetr_l,T2,400,all_yaw,overall,all,full_frame,0.02013204739695,0.07576417755425,0.00297750871837,0.175354135242,0.1810210788415,16.466447368399997,,0.9659450733665,0.9117456197275
rtdetr_l,T2,400,all_yaw,overall,all,persistent_object,0.020679560966499998,0.0776046436483,0.0030369429084,0.1747628857345,0.185078188518,16.4934210526,0.185078188518,,0.9117456197275
rtdetr_l,T2,400,high_yaw,overall,all,full_frame,0.00834127545885,0.0342387780769,0.0002200220022,0.104555638536,0.10595105673,16.2869565217,,0.971428571429,0.942857142857
rtdetr_l,T2,400,high_yaw,overall,all,persistent_object,0.00880437023928,0.0359663330485,0.0002200220022,0.104555638536,0.110817941953,16.3565217391,0.110817941953,,0.942857142857
rtdetr_l,T2,500,all_yaw,overall,all,full_frame,0.01851609393255,0.06484144968069999,0.002210314324865,0.1615324376005,0.16724070244599998,16.61982884665,,0.9678294573645,0.9152298850575
rtdetr_l,T2,500,all_yaw,overall,all,persistent_object,0.01917109747785,0.06573747635585,0.00224364231574,0.1598172866575,0.17020728835499999,16.63619162295,0.17020728835499999,,0.9185982339959999
rtdetr_l,T2,500,high_yaw,overall,all,full_frame,0.005735754685404999,0.0271289494188,0.00020347784460449998,0.0791056509034,0.0847489660693,17.015168229449998,,0.984110970996,0.938137755102
rtdetr_l,T2,500,high_yaw,overall,all,persistent_object,0.005919862791235,0.02952620353635,0.0001937902138675,0.07669457171045,0.0907457808785,17.055984555949998,0.0907457808785,,0.938137755102
rtdetr_l,T3,100,all_yaw,overall,all,full_frame,0.0536400804793,0.16919629194500002,0.0163868285366,0.25820044886,0.2714364402025,14.636790526750001,,0.965517241379,0.861904761905
rtdetr_l,T3,100,all_yaw,overall,all,persistent_object,0.053860561076600005,0.16950496432349998,0.01675899824685,0.257320892684,0.27451890362849996,14.6464066966,0.27451890362849996,,0.861904761905
rtdetr_l,T3,100,high_yaw,overall,all,full_frame,0.03885256453135,0.1369926341145,0.010219994376585,0.2191850693765,0.2376475882885,14.50694444445,,0.952136752137,0.9190476190475
rtdetr_l,T3,100,high_yaw,overall,all,persistent_object,0.039666807117549996,0.1387168441495,0.010247029758745,0.2187697869845,0.243946389673,14.5376984127,0.243946389673,,0.9190476190475
rtdetr_l,T3,200,all_yaw,overall,all,full_frame,0.04216904636725,0.1329196641325,0.01217547422235,0.2292136990705,0.2332942904675,15.0786665564,,0.9568322981365001,0.9069264069265
rtdetr_l,T3,200,all_yaw,overall,all,persistent_object,0.0427170248508,0.1359252037215,0.0122036421909,0.2289456025555,0.2379784476135,15.088036963050001,0.2379784476135,,0.9069264069265
rtdetr_l,T3,200,high_yaw,overall,all,full_frame,0.0246221867414,0.08201359405405,0.0035401837965,0.1837539356705,0.1877053532905,14.76423416195,,0.9589646464645,0.9282051282049999
rtdetr_l,T3,200,high_yaw,overall,all,persistent_object,0.02538876726505,0.0852286636333,0.00361442633595,0.1837539356705,0.19182581889400002,14.7685445068,0.19182581889400002,,0.9282051282049999
rtdetr_l,T3,300,all_yaw,overall,all,full_frame,0.032930265700450004,0.11182039871749999,0.00717475403635,0.21066359517299998,0.21015852954800002,15.7219103477,,0.961873638344,0.919891114136
rtdetr_l,T3,300,all_yaw,overall,all,persistent_object,0.03385202386085,0.1144998650075,0.0073203266482200005,0.21012596076450002,0.2156358997625,15.7607457059,0.2156358997625,,0.919891114136
rtdetr_l,T3,300,high_yaw,overall,all,full_frame,0.0142974599843,0.0559543280849,0.0012572377927449999,0.1471963933505,0.14853293948000001,15.6357226792,,0.9640670319044999,0.9372586872585
rtdetr_l,T3,300,high_yaw,overall,all,persistent_object,0.01496803373605,0.05944571374985,0.0012572377927449999,0.1461381922925,0.156861296871,15.648766157499999,0.156861296871,,0.9372586872585
rtdetr_l,T3,400,all_yaw,overall,all,full_frame,0.02508792443285,0.09451999173344999,0.005027882554659999,0.194847598821,0.188702163895,16.277682843450002,,0.961701434159,0.928314491264
rtdetr_l,T3,400,all_yaw,overall,all,persistent_object,0.0258245996905,0.0989744976768,0.00512976184147,0.193215044211,0.19624844086499998,16.326683185249998,0.19624844086499998,,0.928314491264
rtdetr_l,T3,400,high_yaw,overall,all,full_frame,0.00951558448014,0.0425875367779,0.00049258657209,0.134969325153,0.124306326304,15.9826086957,,0.969543147208,0.947368421053
rtdetr_l,T3,400,high_yaw,overall,all,persistent_object,0.00994001183486,0.0440943203746,0.000470355824181,0.12982832618,0.128440366972,16.0260869565,0.128440366972,,0.947368421053
rtdetr_l,T3,500,all_yaw,overall,all,full_frame,0.02041833173355,0.0790813819084,0.003934674812755,0.1736110992255,0.174272926629,16.59602649005,,0.9644317942230001,0.9288554216865
rtdetr_l,T3,500,all_yaw,overall,all,persistent_object,0.02105345914345,0.08312896409305001,0.004027742463515,0.172747328354,0.1843477679685,16.629139072850002,0.1843477679685,,0.9288554216865
rtdetr_l,T3,500,high_yaw,overall,all,full_frame,0.006362426294585,0.03231571257725,0.000263395149416,0.107369081588,0.1023245407625,16.713748657350003,,0.975437010247,0.9555335968375
rtdetr_l,T3,500,high_yaw,overall,all,persistent_object,0.006914853070574999,0.0329537696432,0.000260521965986,0.1000343353736,0.10937322464900001,16.7750626566,0.10937322464900001,,0.9555335968375
rtdetr_l,T4,100,all_yaw,overall,all,full_frame,0.06875821481885,0.17872884511550002,0.03410766867164999,0.26716032837549997,0.294354260857,14.627231418400001,,0.9725563909774999,0.8708333333335
rtdetr_l,T4,100,all_yaw,overall,all,persistent_object,0.0694546913412,0.183082392118,0.034277342403200003,0.266627733574,0.29857701956750005,14.63680623175,0.29857701956750005,,0.8708333333335
rtdetr_l,T4,100,high_yaw,overall,all,full_frame,0.06556084922465,0.163984916338,0.0267591034015,0.26397932754,0.28049493809,14.1827777778,,0.9763071895425,0.9302884615385
rtdetr_l,T4,100,high_yaw,overall,all,persistent_object,0.06684376184645,0.1651176484985,0.02699876778165,0.2636243104025,0.2857556935815,14.1827777778,0.2857556935815,,0.9302884615385
rtdetr_l,T4,200,all_yaw,overall,all,full_frame,0.05259998018,0.1545057642785,0.025093349166149997,0.2289870152085,0.2446507635315,15.219228223999998,,0.97849213691,0.924162679426
rtdetr_l,T4,200,all_yaw,overall,all,persistent_object,0.0535202064505,0.1575117789695,0.025365736125449997,0.22877078186549998,0.249768401578,15.22241293735,0.249768401578,,0.924162679426
rtdetr_l,T4,200,high_yaw,overall,all,full_frame,0.0488947757504,0.13705475318799998,0.0204248109351,0.224411718872,0.225372081238,14.60840210055,,0.980769230769,0.9776018099545
rtdetr_l,T4,200,high_yaw,overall,all,persistent_object,0.0507384800975,0.14001216168750003,0.0209862996035,0.2232039894035,0.2344100632615,14.61076583805,0.2344100632615,,0.9776018099545
rtdetr_l,T4,300,all_yaw,overall,all,full_frame,0.0391756274596,0.1207155566125,0.015826540943550002,0.194529207495,0.209113663133,15.9138386124,,0.986030248821,0.9459689169500001
rtdetr_l,T4,300,all_yaw,overall,all,persistent_object,0.0403783928911,0.1257493436645,0.0160224330897,0.194067633528,0.2135833467795,15.9138386124,0.2135833467795,,0.9459689169500001
rtdetr_l,T4,300,high_yaw,overall,all,full_frame,0.03403960433465,0.1036021097515,0.0122597216134,0.1818519604965,0.1722625413805,15.32448912325,,0.985554860242,0.9754323899375
rtdetr_l,T4,300,high_yaw,overall,all,persistent_object,0.0365748057749,0.1078747256055,0.012805823336799999,0.1808252664515,0.1818559898685,15.32448912325,0.1818559898685,,0.9754323899375
rtdetr_l,T4,400,all_yaw,overall,all,full_frame,0.0292096091172,0.09902850950215,0.009337384507495,0.171380296045,0.18342927286900002,16.20152801355,,0.9859126984125,0.956678135752
rtdetr_l,T4,400,all_yaw,overall,all,persistent_object,0.03057642196595,0.10116641011864999,0.009572409367645,0.171380296045,0.1885652858785,16.20152801355,0.1885652858785,,0.956678135752
rtdetr_l,T4,400,high_yaw,overall,all,full_frame,0.0248185440691,0.0727242019554,0.00609338012994,0.148775894539,0.138282387191,15.8243243243,,0.989847715736,0.985915492958
rtdetr_l,T4,400,high_yaw,overall,all,persistent_object,0.0267749935642,0.0813931236307,0.00651989445636,0.144280968201,0.150641025641,15.8243243243,0.150641025641,,0.985915492958
rtdetr_l,T4,500,all_yaw,overall,all,full_frame,0.02172826970635,0.07455645038275,0.006596521502265,0.1418177420045,0.155516963983,16.5357142857,,0.987606476863,0.9636243386245
rtdetr_l,T4,500,all_yaw,overall,all,persistent_object,0.022501961130750002,0.07886538689469999,0.006611793524945,0.1411091134685,0.162065120072,16.5422077922,0.162065120072,,0.964285714286
rtdetr_l,T4,500,high_yaw,overall,all,full_frame,0.018806058858950002,0.055293680468600004,0.0030862970111049997,0.1219927226705,0.11548125241599999,16.5304054054,,0.989621489621,0.9819834183675
rtdetr_l,T4,500,high_yaw,overall,all,persistent_object,0.02065638835965,0.060340262029,0.003360676318595,0.1199474766655,0.1170006116815,16.59966216215,0.1170006116815,,0.9819834183675
rtdetr_l,T5,100,all_yaw,overall,all,full_frame,0.0692186817174,0.195085883154,0.030122263546399998,0.287302127154,0.31665186085999997,14.35786035115,,0.9743421052629999,0.866666666667
rtdetr_l,T5,100,all_yaw,overall,all,persistent_object,0.06995886173765001,0.1985823574155,0.03045225368665,0.2870713401705,0.32123458242650005,14.361086157599999,0.32123458242650005,,0.866666666667
rtdetr_l,T5,100,high_yaw,overall,all,full_frame,0.06709048649885,0.1882076460045,0.0296275080843,0.28447005128549996,0.305387868884,13.19158075605,,0.9901960784315,0.9827586206895
rtdetr_l,T5,100,high_yaw,overall,all,persistent_object,0.06729956556115,0.1913808731665,0.0299334237685,0.2821130213205,0.31238728859,13.1985252005,0.31238728859,,0.9827586206895
rtdetr_l,T5,200,all_yaw,overall,all,full_frame,0.06018816484765,0.177708660443,0.023671623396,0.2803468081635,0.2883918196135,14.52425758955,,0.964900594384,0.909601634321
rtdetr_l,T5,200,all_yaw,overall,all,persistent_object,0.061263411369249995,0.1828409056015,0.024834742616749998,0.279025047035,0.2941958977665,14.53399784925,0.2941958977665,,0.909601634321
rtdetr_l,T5,200,high_yaw,overall,all,full_frame,0.057061238727999994,0.169253080785,0.026436246464,0.26139933586700004,0.275403200726,13.3561704646,,0.9800753370340001,0.956597222222
rtdetr_l,T5,200,high_yaw,overall,all,persistent_object,0.05735754915475,0.174074773612,0.02703416142515,0.2609300726105,0.2852054127385,13.38958060285,0.2852054127385,,0.956597222222
rtdetr_l,T5,300,all_yaw,class,pedestrian_cyclist,full_frame,0.004297750828185,0.01543379661255,0.00010933470396215,0.08374048670485,0.02260404793445,0.9378464441559999,,1.0,1.0
rtdetr_l,T5,300,all_yaw,class,pedestrian_cyclist,persistent_object,0.004746676570965,0.015520663095649999,0.00010933470396215,0.08374048670485,0.0229611658183,0.9378464441559999,0.0229611658183,,1.0
rtdetr_l,T5,300,all_yaw,class,vehicle,full_frame,0.077173195045,0.2390050242245,0.026345988183599997,0.341026934196,0.369767809505,9.53038791274,,0.953463203463,0.933122205663
rtdetr_l,T5,300,all_yaw,class,vehicle,persistent_object,0.0794503165069,0.24970013552800002,0.0266625589178,0.339975409485,0.379079497908,9.556489262374999,0.379079497908,,0.933122205663
rtdetr_l,T5,300,all_yaw,distance,0_20m,full_frame,0.131510238103,0.3916051800065,0.0562927056978,0.5729596697365,0.5105014534885,0.685997596154,,1.0,0.0
rtdetr_l,T5,300,all_yaw,distance,0_20m,persistent_object,0.1352913163675,0.403320829387,0.05649736031910001,0.5729596697365,0.515368093616,0.6891084558825,0.515368093616,,0.0
rtdetr_l,T5,300,all_yaw,distance,20_40m,full_frame,0.0999515908652,0.3166569848115,0.050939814791249996,0.5459482143605,0.42165449774,1.161986661985,,1.0,0.0
rtdetr_l,T5,300,all_yaw,distance,20_40m,persistent_object,0.100780180826,0.338263089189,0.05189029032155,0.5459482143605,0.4452822059455,1.1622892033299999,0.4452822059455,,0.0
rtdetr_l,T5,300,all_yaw,distance,40m_plus,full_frame,0.04094120684055,0.1345226915475,0.007991970443145001,0.3506895197165,0.21653719726249998,6.334946099650001,,0.9721269841269999,0.0
rtdetr_l,T5,300,all_yaw,distance,40m_plus,persistent_object,0.04248774729595,0.137771425015,0.008390087344965,0.3479038643695,0.2236001805525,6.37162508544,0.2236001805525,,0.0
rtdetr_l,T5,300,all_yaw,overall,all,full_frame,0.0521657836204,0.16462716103699998,0.019741200773399997,0.25844829339450004,0.27780252725099996,14.7771493213,,0.9690150478795,0.941176470588
rtdetr_l,T5,300,all_yaw,overall,all,persistent_object,0.0531093392964,0.167064440694,0.0198860836424,0.25660615024949995,0.2875405243365,14.78362242335,0.2875405243365,,0.941176470588
rtdetr_l,T5,300,high_yaw,overall,all,full_frame,0.046611340820550004,0.1474866032525,0.02175339207585,0.2344482507485,0.27261416138399996,14.0206378987,,0.9824404761905,0.97606981982
rtdetr_l,T5,300,high_yaw,overall,all,persistent_object,0.0484192845201,0.1482877724265,0.022726629043750002,0.2344482507485,0.287307692308,14.1744840525,0.287307692308,,0.97606981982
rtdetr_l,T5,400,all_yaw,overall,all,full_frame,0.0450297481244,0.144856603669,0.01411309235515,0.247053114528,0.26584107475749996,14.902270798,,0.9749320260365,0.9525418275419999
rtdetr_l,T5,400,all_yaw,overall,all,persistent_object,0.045897982871749995,0.150324361218,0.0148448964447,0.24530829388050002,0.2826638239105,14.90549660445,0.2826638239105,,0.953802416489
rtdetr_l,T5,400,high_yaw,overall,all,full_frame,0.0397169179243,0.128530040654,0.0176319565763,0.220930232558,0.230769230769,14.0666666667,,0.984126984127,0.986842105263
rtdetr_l,T5,400,high_yaw,overall,all,persistent_object,0.0417814257147,0.131761896937,0.0180639766827,0.220930232558,0.232371794872,14.3,0.232371794872,,0.992857142857
rtdetr_l,T5,500,all_yaw,overall,all,full_frame,0.038064301349850005,0.1236485800305,0.00998502709322,0.2285979983695,0.25498155926099997,15.08609271525,,0.9745241626495,0.9608609068625
rtdetr_l,T5,500,all_yaw,overall,all,persistent_object,0.03958881376535,0.1287379327305,0.010545969416650001,0.227983229573,0.2691987801325,15.117463662150001,0.2691987801325,,0.9608609068625
rtdetr_l,T5,500,high_yaw,overall,all,full_frame,0.0355676774911,0.109918515744,0.01084808406825,0.22049611976400002,0.2333084312065,14.2683086312,,0.9979591836735,0.9948979591835
rtdetr_l,T5,500,high_yaw,overall,all,persistent_object,0.03751740047135,0.119163721773,0.01203603124535,0.2186425516455,0.2483899684905,14.2683086312,0.2483899684905,,0.9948979591835
rtdetr_l,T6,100,all_yaw,overall,all,full_frame,0.0730603457779,0.1974298885205,0.032695576689150005,0.283488769563,0.3169753728325,14.3478766844,,0.980392156863,0.875
rtdetr_l,T6,100,all_yaw,overall,all,persistent_object,0.07387212939054999,0.199978614073,0.03294301636455,0.28293842569850003,0.321301054149,14.3543282973,0.321301054149,,0.875
rtdetr_l,T6,100,high_yaw,overall,all,full_frame,0.0675273041771,0.183712768122,0.0330106363363,0.28664852041300004,0.307794854042,13.422107674700001,,0.995575221239,1.0
rtdetr_l,T6,100,high_yaw,overall,all,persistent_object,0.0690612721707,0.1875064302765,0.033098235034100004,0.286233238021,0.31477862717,13.422107674700001,0.31477862717,,1.0
rtdetr_l,T6,200,all_yaw,overall,all,full_frame,0.0621080922071,0.1779207629315,0.0251999651926,0.2682495913,0.2916989574735,14.536376044299999,,0.9747881355929999,0.9111965306525001
rtdetr_l,T6,200,all_yaw,overall,all,persistent_object,0.06288747808895,0.18087729834299998,0.0253372662498,0.2671424224465,0.299989253909,14.54930101745,0.299989253909,,0.9111965306525001
rtdetr_l,T6,200,high_yaw,overall,all,full_frame,0.05959718823595,0.1743755927265,0.02258392612695,0.2633560327315,0.2875537935235,13.7075892857,,1.0,0.9459134615385
rtdetr_l,T6,200,high_yaw,overall,all,persistent_object,0.0621159934042,0.176986143435,0.0238978890803,0.2633560327315,0.29811089582850003,13.754548122100001,0.29811089582850003,,0.9459134615385
rtdetr_l,T6,300,all_yaw,class,pedestrian_cyclist,full_frame,0.0027085382905700003,0.012293609338999999,0.0,0.08078703703705,0.0322375127421,0.9512324566575,,1.0,1.0
rtdetr_l,T6,300,all_yaw,class,pedestrian_cyclist,persistent_object,0.002799613247895,0.01303198499935,0.0,0.08078703703705,0.033153638814,0.9512324566575,0.033153638814,,1.0
rtdetr_l,T6,300,all_yaw,class,vehicle,full_frame,0.077199423091,0.24141488038300002,0.022994390967199997,0.3378857540925,0.36459154392649995,9.844519859225,,0.9531135531135,0.9245014245015
rtdetr_l,T6,300,all_yaw,class,vehicle,persistent_object,0.0806606668192,0.248987008572,0.02385182704575,0.3369973130315,0.3733118759395,9.86720713927,0.3733118759395,,0.9245014245015
rtdetr_l,T6,300,all_yaw,distance,0_20m,full_frame,0.185368701441,0.4944635445265,0.06086131728195,0.6482231698650001,0.578143133462,0.4489104116225,,1.0,0.0
rtdetr_l,T6,300,all_yaw,distance,0_20m,persistent_object,0.18579781580350002,0.5043238593965,0.06268219257825,0.6482231698650001,0.586866643209,0.4489104116225,0.586866643209,,0.0
rtdetr_l,T6,300,all_yaw,distance,20_40m,full_frame,0.1203180715445,0.3511878112995,0.04825764847155,0.5527941318409999,0.4248072966825,1.1508288530450002,,1.0,0.0
rtdetr_l,T6,300,all_yaw,distance,20_40m,persistent_object,0.12640577602949998,0.3592617754585,0.04999471782315,0.5527941318409999,0.4362583671275,1.1508288530450002,0.4362583671275,,0.0
rtdetr_l,T6,300,all_yaw,distance,40m_plus,full_frame,0.03029709855315,0.10976872020799999,0.005090441776715,0.304260135254,0.1931752102345,6.90849673203,,0.974195551335,0.0
rtdetr_l,T6,300,all_yaw,distance,40m_plus,persistent_object,0.0307538042522,0.11702996874749999,0.005221002543744999,0.30242565302049995,0.199122856826,6.918300653595,0.199122856826,,0.0
rtdetr_l,T6,300,all_yaw,overall,all,full_frame,0.0540642868241,0.1578980817695,0.01608293390885,0.2534921084905,0.271617698445,14.97693564605,,0.971428571429,0.9393382352940001
rtdetr_l,T6,300,all_yaw,overall,all,persistent_object,0.055087881821300005,0.166052508039,0.016321707972300002,0.25273535173350004,0.281568109909,14.986676721950001,0.281568109909,,0.9393382352940001
rtdetr_l,T6,300,high_yaw,overall,all,full_frame,0.0468477602572,0.146470514661,0.01737851647025,0.239894413926,0.258875714148,14.443833734150001,,0.9985074626865,0.97606981982
rtdetr_l,T6,300,high_yaw,overall,all,persistent_object,0.04954808434595,0.153910851229,0.018240789021050002,0.23942712420599999,0.26548181060849996,14.479045001749999,0.26548181060849996,,0.97606981982
rtdetr_l,T6,400,all_yaw,overall,all,full_frame,0.040668391865600007,0.13825485016400002,0.011960791803600001,0.233607809786,0.2518361530465,15.32803480475,,0.972200772201,0.9472271914135
rtdetr_l,T6,400,all_yaw,overall,all,persistent_object,0.041876118850400004,0.14316665681200003,0.0124323465495,0.23267526077599998,0.26206989204200004,15.34429117145,0.26206989204200004,,0.9472271914135
rtdetr_l,T6,400,high_yaw,overall,all,full_frame,0.0350498421796,0.119569610654,0.0103557724193,0.212624584718,0.220309810671,14.9154929577,,0.987341772152,0.974358974359
rtdetr_l,T6,400,high_yaw,overall,all,persistent_object,0.0359774542004,0.126626792251,0.0119191518651,0.211675367822,0.230769230769,14.985915493,0.230769230769,,0.974358974359
rtdetr_l,T6,500,all_yaw,overall,all,full_frame,0.03240487238935,0.1163806003575,0.00779288056932,0.2126968483345,0.2308722974105,15.81122145825,,0.9765041721559999,0.9594161184209999
rtdetr_l,T6,500,all_yaw,overall,all,persistent_object,0.0340016952062,0.12168022930149999,0.007887396445105,0.21234719798450002,0.2415290136175,15.853641456599998,0.2415290136175,,0.9619502314815
rtdetr_l,T6,500,high_yaw,overall,all,full_frame,0.025502455387650003,0.0945961836745,0.0076034158037649995,0.19022165842049998,0.196974623156,15.10701830865,,0.992773713259,0.9881996658309999
rtdetr_l,T6,500,high_yaw,overall,all,persistent_object,0.0294949379671,0.105973442507,0.00818284543461,0.189509745748,0.2182791384045,15.113775065399999,0.2182791384045,,0.9881996658309999
yolo11n,T0,100,all_yaw,overall,all,full_frame,0.04885684312935,0.1304990058445,0.020199067528799998,0.507313909973,0.19883307820399998,3.925806451615,,1.0,1.0
yolo11n,T0,100,all_yaw,overall,all,persistent_object,0.049254628079300006,0.1303884267515,0.02024385470075,0.5066441176085,0.2011893458125,3.925806451615,0.2011893458125,,1.0
yolo11n,T0,100,high_yaw,overall,all,full_frame,0.03936225435475,0.12352290504649999,0.010517960852,0.47165641674299996,0.157297354892,3.52027027027,,1.0,0.873015873016
yolo11n,T0,100,high_yaw,overall,all,persistent_object,0.0399679826201,0.12410190788099999,0.0105189843097,0.4700062517265,0.16013821729150002,3.520833333335,0.16013821729150002,,0.873015873016
yolo11n,T0,200,all_yaw,overall,all,full_frame,0.0296760957044,0.09998621915845,0.008166083752779999,0.4401324904385,0.1620029183295,4.345641286819999,,1.0,1.0
yolo11n,T0,200,all_yaw,overall,all,persistent_object,0.03004353946135,0.1014839876952,0.008197533287925,0.43872006106,0.165688384969,4.345641286819999,0.165688384969,,1.0
yolo11n,T0,200,high_yaw,overall,all,full_frame,0.0207766078365,0.0800617274147,0.00340679229213,0.344319803393,0.12605308038500002,4.0,,1.0,0.9833333333334999
yolo11n,T0,200,high_yaw,overall,all,persistent_object,0.0215101446044,0.0817717698928,0.0035214755751299997,0.34027667670850004,0.1289703326355,4.0,0.1289703326355,,0.9833333333334999
yolo11n,T0,300,all_yaw,overall,all,full_frame,0.02048148225055,0.07526174449395,0.003931715049985,0.35521123115700004,0.13527800279,4.74183006536,,1.0,0.964814814815
yolo11n,T0,300,all_yaw,overall,all,persistent_object,0.02080970748355,0.0789806416074,0.004027600585025,0.354216536197,0.1394376224185,4.74183006536,0.1394376224185,,0.964814814815
yolo11n,T0,300,high_yaw,overall,all,full_frame,0.01163464723775,0.04746439908985,0.0008006414592725,0.29478998063,0.0961024140249,4.576294421595,,1.0,0.9459064327485001
yolo11n,T0,300,high_yaw,overall,all,persistent_object,0.011964805314849999,0.0486403839318,0.0009170596945025,0.2898590141605,0.0994229079194,4.576294421595,0.0994229079194,,0.9459064327485001
yolo11n,T0,400,all_yaw,overall,all,full_frame,0.017553221991,0.05961386743535,0.00347070629695,0.33780860385949996,0.12961190392150002,4.98026315789,,0.9929335084715,0.9259146341465001
yolo11n,T0,400,all_yaw,overall,all,persistent_object,0.017732211330849998,0.06296205286084999,0.003605395752355,0.337487205792,0.13344689893349998,4.98026315789,0.13344689893349998,,0.9259146341465001
yolo11n,T0,400,high_yaw,overall,all,full_frame,0.00726072607261,0.0366579373075,0.000267594327,0.250996015936,0.0860452289024,4.76136363636,,0.9921875,0.9
yolo11n,T0,400,high_yaw,overall,all,persistent_object,0.00726072607261,0.0363322809883,0.000267594327,0.237051792829,0.0884955752212,4.76851851852,0.0884955752212,,0.9
yolo11n,T0,500,all_yaw,overall,all,full_frame,0.01615377973455,0.05744766943165,0.00293389235567,0.3125386101225,0.121638724267,5.15994531784,,0.9986263736265,0.925824175824
yolo11n,T0,500,all_yaw,overall,all,persistent_object,0.01653451908965,0.0604523410971,0.0031289935791450002,0.31149729163350004,0.1265471339155,5.15994531784,0.1265471339155,,0.925824175824
yolo11n,T0,500,high_yaw,overall,all,full_frame,0.0063287996215399996,0.02423830066375,0.0002984270201215,0.19161306477599999,0.0646118918121,5.012315270935,,1.0,0.9459064327485001
yolo11n,T0,500,high_yaw,overall,all,persistent_object,0.006446831181420001,0.02388578986165,0.0002984270201215,0.18330281546850002,0.06734218240154999,5.036967418545,0.06734218240154999,,0.9459064327485001
yolo11n,T1,100,all_yaw,overall,all,full_frame,0.05055151104570001,0.1318267579855,0.0301713826556,0.500671799233,0.19090300421450002,3.882206434755,,1.0,1.0
yolo11n,T1,100,all_yaw,overall,all,persistent_object,0.0512492610697,0.1326192639055,0.03028803568725,0.4999623712155,0.1930882676645,3.882206434755,0.1930882676645,,1.0
yolo11n,T1,100,high_yaw,overall,all,full_frame,0.0497843911596,0.127488352777,0.024950864988,0.491176470588,0.1762602105445,3.4539473684199997,,1.0,0.90873015873
yolo11n,T1,100,high_yaw,overall,all,persistent_object,0.0509317448281,0.128355899617,0.0250010171425,0.491176470588,0.17770384555,3.4539473684199997,0.17770384555,,0.90873015873
yolo11n,T1,200,all_yaw,overall,all,full_frame,0.0396714236633,0.107115768308,0.01909142004575,0.426883483712,0.1528769865705,4.301054185115,,1.0,1.0
yolo11n,T1,200,all_yaw,overall,all,persistent_object,0.04052272830235,0.107519985624,0.01927500772745,0.426883483712,0.155920048401,4.303770423125,0.155920048401,,1.0
yolo11n,T1,200,high_yaw,overall,all,full_frame,0.03665857032665,0.10588375440799999,0.0185395038075,0.40868847539,0.14166687543349998,3.9444444444449998,,1.0,1.0
yolo11n,T1,200,high_yaw,overall,all,persistent_object,0.03773864870695,0.110670272596,0.01924038415775,0.40868847539,0.146254055725,3.9444444444449998,0.146254055725,,1.0
yolo11n,T1,300,all_yaw,overall,all,full_frame,0.03009817264255,0.0874614772475,0.01237756553795,0.351806610329,0.12598783448450002,4.6903064256,,1.0,1.0
yolo11n,T1,300,all_yaw,overall,all,persistent_object,0.030948488845150002,0.08943605469835,0.0126190062105,0.35106594197499996,0.1299702884435,4.6935743994550005,0.1299702884435,,1.0
yolo11n,T1,300,high_yaw,overall,all,full_frame,0.025852370076,0.0757594627281,0.01042145247959,0.30787859936,0.103974538115,4.53846153846,,1.0,1.0
yolo11n,T1,300,high_yaw,overall,all,persistent_object,0.026142115509400002,0.081531262375,0.01049981648039,0.30787859936,0.1055702039985,4.53846153846,0.1055702039985,,1.0
yolo11n,T1,400,all_yaw,overall,all,full_frame,0.02187703175975,0.06587933944085,0.0091543571995,0.294766995263,0.1056232713565,5.082236842105,,1.0,1.0
yolo11n,T1,400,all_yaw,overall,all,persistent_object,0.02287847245885,0.069460229446,0.009557921310819999,0.293054666496,0.1100611723405,5.082236842105,0.1100611723405,,1.0
yolo11n,T1,400,high_yaw,overall,all,full_frame,0.0160723470123,0.0549324438438,0.00553404130736,0.236220472441,0.0819112627986,4.85483870968,,1.0,1.0
yolo11n,T1,400,high_yaw,overall,all,persistent_object,0.0179752446839,0.0586095716803,0.00588350321167,0.236220472441,0.0869565217391,4.85483870968,0.0869565217391,,1.0
yolo11n,T1,500,all_yaw,overall,all,full_frame,0.01670919605695,0.051175250532499994,0.005077324610295,0.25230120870649997,0.08862345866315,5.46052631579,,1.0,1.0
yolo11n,T1,500,all_yaw,overall,all,persistent_object,0.0174426376404,0.05339572220895,0.005085031660195,0.251681879293,0.09314374719445001,5.46052631579,0.09314374719445001,,1.0
yolo11n,T1,500,high_yaw,overall,all,full_frame,0.0127604960026,0.0395127457792,0.0021564597543799998,0.18876647246150002,0.0635618676856,5.028722600155,,1.0,1.0
yolo11n,T1,500,high_yaw,overall,all,persistent_object,0.01329617706945,0.0408688128524,0.00244825237557,0.18671525827500002,0.07159891318795,5.028722600155,0.07159891318795,,1.0
yolo11n,T2,100,all_yaw,overall,all,full_frame,0.0429435873325,0.126032590852,0.01506951703115,0.4988278633625,0.185931470012,4.05404246631,,1.0,1.0
yolo11n,T2,100,all_yaw,overall,all,persistent_object,0.0433714170193,0.126290912815,0.0151103202646,0.498158070998,0.18812274395450002,4.05404246631,0.18812274395450002,,1.0
yolo11n,T2,100,high_yaw,overall,all,full_frame,0.035333894746649996,0.111005965773,0.00752204539291,0.4196648881885,0.1505349706545,3.56081081081,,1.0,0.90873015873
yolo11n,T2,100,high_yaw,overall,all,persistent_object,0.035572266349100004,0.111005965773,0.00755921233056,0.416732336869,0.153240784636,3.5675675675700003,0.153240784636,,0.90873015873
yolo11n,T2,200,all_yaw,overall,all,full_frame,0.0276464433757,0.09125674594765,0.007363944607709999,0.4153985627745,0.15458880214300003,4.411576168925,,1.0,1.0
yolo11n,T2,200,all_yaw,overall,all,persistent_object,0.02808259757245,0.093489564754,0.007417119573755,0.4153985627745,0.1595377142915,4.42439668175,0.1595377142915,,1.0
yolo11n,T2,200,high_yaw,overall,all,full_frame,0.0178846766286,0.06736487367285,0.002640390718535,0.3389289678135,0.123745788498,4.116883116885,,0.997596153846,1.0
yolo11n,T2,200,high_yaw,overall,all,persistent_object,0.0183272310573,0.06897725521414999,0.002983072500795,0.336533377396,0.126133992393,4.116883116885,0.126133992393,,1.0
yolo11n,T2,300,all_yaw,overall,all,full_frame,0.0198490853301,0.0717446832792,0.003779222100225,0.34064722914,0.13299600228,4.823529411765,,1.0,0.9472222222219999
yolo11n,T2,300,all_yaw,overall,all,persistent_object,0.020253417695950002,0.0725146191704,0.00384805280198,0.34064722914,0.1368551614495,4.823529411765,0.1368551614495,,0.9472222222219999
yolo11n,T2,300,high_yaw,overall,all,full_frame,0.011117418571349999,0.045077499801300006,0.0009724186704405001,0.28376414408850004,0.09155686400804999,4.63487293051,,0.9983766233765,0.934659090909
yolo11n,T2,300,high_yaw,overall,all,persistent_object,0.0112689850882,0.045796141368000004,0.0009724186704405001,0.2798193709125,0.0947998242359,4.639460086470001,0.0947998242359,,0.934659090909
yolo11n,T2,400,all_yaw,overall,all,full_frame,0.01702168340225,0.0606067228186,0.003046072180215,0.32636703858399996,0.1277926260255,5.029605263155,,0.99353436302,0.9231741573034999
yolo11n,T2,400,all_yaw,overall,all,persistent_object,0.0177119148077,0.0624952653842,0.003281682239355,0.32636703858399996,0.1315467115915,5.03289473684,0.1315467115915,,0.9231741573034999
yolo11n,T2,400,high_yaw,overall,all,full_frame,0.00837729918195,0.0361440516478,0.000267594327,0.230769230769,0.0821842250414,4.78409090909,,0.9921875,0.909090909091
yolo11n,T2,400,high_yaw,overall,all,persistent_object,0.00848133640193,0.03576241169,0.000267594327,0.230769230769,0.0868501529052,4.81481481481,0.0868501529052,,0.909090909091
yolo11n,T2,500,all_yaw,overall,all,full_frame,0.016198628744349998,0.05723333234455,0.00306678551888,0.30828637632,0.119363174327,5.214708957825,,1.0,0.9321839080459999
yolo11n,T2,500,all_yaw,overall,all,persistent_object,0.016570990124199998,0.06084282340145,0.003261886742355,0.30828637632,0.12403678953149999,5.214708957825,0.12403678953149999,,0.9321839080459999
yolo11n,T2,500,high_yaw,overall,all,full_frame,0.006362639046385,0.0244859589593,0.00032346489316049996,0.181753446954,0.0633203512744,5.09523809524,,1.0,0.9502467105265
yolo11n,T2,500,high_yaw,overall,all,persistent_object,0.006362178885665,0.02425069523735,0.0003124734152195,0.176213280749,0.06754854979125,5.1171679198,0.06754854979125,,0.9502467105265
yolo11n,T3,100,all_yaw,overall,all,full_frame,0.0471150333964,0.1265520045555,0.01896392755225,0.493293727144,0.183579224877,4.003225806450001,,1.0,1.0
yolo11n,T3,100,all_yaw,overall,all,persistent_object,0.04760973957215,0.129823914642,0.01934582811935,0.49262393478,0.1857201259995,4.003225806450001,0.1857201259995,,1.0
yolo11n,T3,100,high_yaw,overall,all,full_frame,0.03703135051775,0.1139541795895,0.011586108025699999,0.437091503268,0.14736220932400002,3.5625,,1.0,0.845238095238
yolo11n,T3,100,high_yaw,overall,all,persistent_object,0.038061613883950005,0.11415984352450001,0.011677467738,0.437091503268,0.14899550161699998,3.569256756755,0.14899550161699998,,0.845238095238
yolo11n,T3,200,all_yaw,overall,all,full_frame,0.03397104923765,0.112847349557,0.01065022520528,0.431270810211,0.1654550723385,4.290022069435,,1.0,1.0
yolo11n,T3,200,all_yaw,overall,all,persistent_object,0.0347700470297,0.11501347845900001,0.010716634227189999,0.429923101316,0.166988760563,4.290022069435,0.166988760563,,1.0
yolo11n,T3,200,high_yaw,overall,all,full_frame,0.023614259277150003,0.0891842741282,0.00387176964979,0.351752021563,0.135939982776,4.037313432835,,1.0,0.9833333333334999
yolo11n,T3,200,high_yaw,overall,all,persistent_object,0.024360870866450002,0.0919379646327,0.003904551945875,0.3477088948785,0.1402288640955,4.044776119405,0.1402288640955,,0.9833333333334999
yolo11n,T3,300,all_yaw,overall,all,full_frame,0.02729745353455,0.0929667556056,0.006039250521905,0.3868853218445,0.150409522524,4.534164222875001,,1.0,0.9770525242225
yolo11n,T3,300,all_yaw,overall,all,persistent_object,0.0285947750414,0.0935002973082,0.006365905798555,0.38504150924900005,0.154757140508,4.5567448680350005,0.154757140508,,0.9770525242225
yolo11n,T3,300,high_yaw,overall,all,full_frame,0.0115848337832,0.0510208320763,0.00125981761939,0.26823579782350004,0.10349724115549999,4.385057471265,,1.0,0.9701178451179999
yolo11n,T3,300,high_yaw,overall,all,persistent_object,0.0120838095031,0.05190767713215,0.00126220785344,0.267745377809,0.10355237863149999,4.449160035369999,0.10355237863149999,,0.9701178451179999
yolo11n,T3,400,all_yaw,overall,all,full_frame,0.0211073212343,0.0772702574227,0.0044690749925099995,0.3516333674735,0.13307429188550002,4.84010270775,,0.99353436302,0.961330049261
yolo11n,T3,400,all_yaw,overall,all,persistent_object,0.02191754860895,0.081143564633,0.00487611888043,0.35115489857399995,0.13771945944750003,4.846211730305,0.13771945944750003,,0.961330049261
yolo11n,T3,400,high_yaw,overall,all,full_frame,0.00850861965929,0.0401363489591,0.000346727279732,0.236111111111,0.0887918486172,4.63636363636,,0.9921875,0.95
yolo11n,T3,400,high_yaw,overall,all,persistent_object,0.00864334654212,0.0431571294621,0.0004013914905,0.225,0.0932297447281,4.63636363636,0.0932297447281,,0.95
yolo11n,T3,500,all_yaw,overall,all,full_frame,0.0160831873042,0.06294406353660001,0.00395762085867,0.330853050395,0.115521108005,4.99037120948,,0.9986263736265,0.9551878949120001
yolo11n,T3,500,all_yaw,overall,all,persistent_object,0.01661808926095,0.06573906802665,0.0039403917575699995,0.327400011721,0.1201196702615,4.99037120948,0.1201196702615,,0.9551878949120001
yolo11n,T3,500,high_yaw,overall,all,full_frame,0.005241663469689999,0.02683095536,0.000565976205642,0.2051716462205,0.07068253582705,4.896689497720001,,1.0,0.9459064327485001
yolo11n,T3,500,high_yaw,overall,all,persistent_object,0.00562563016297,0.029305403168,0.000587401543308,0.1982464384645,0.07550722696840001,4.90594875698,0.07550722696840001,,0.9459064327485001
yolo11n,T4,100,all_yaw,overall,all,full_frame,0.05192955229905,0.134068683897,0.0303453280265,0.5073411665195,0.195429231551,3.822870140615,,1.0,1.0
yolo11n,T4,100,all_yaw,overall,all,persistent_object,0.0522836526333,0.13482917298449998,0.03056421366485,0.5070896819795,0.19735978350299999,3.822870140615,0.19735978350299999,,1.0
yolo11n,T4,100,high_yaw,overall,all,full_frame,0.050587622497300005,0.131404914085,0.024872009545449998,0.505812608444,0.1844947499315,3.325,,1.0,1.0
yolo11n,T4,100,high_yaw,overall,all,persistent_object,0.051524690521850006,0.1320842243055,0.02492006311035,0.505812608444,0.18738537164199998,3.325,0.18738537164199998,,1.0
yolo11n,T4,200,all_yaw,overall,all,full_frame,0.040252491685599995,0.10966621020799999,0.01943955039525,0.427587072565,0.160925632323,4.31051529116,,1.0,1.0
yolo11n,T4,200,all_yaw,overall,all,persistent_object,0.0413425487121,0.1108847679195,0.01953341384405,0.42691321811750005,0.163898319183,4.313762044405,0.163898319183,,1.0
yolo11n,T4,200,high_yaw,overall,all,full_frame,0.03734908341445,0.1065002319895,0.0185395038075,0.42537493952600003,0.14862753091449998,3.89707602339,,1.0,1.0
yolo11n,T4,200,high_yaw,overall,all,persistent_object,0.03879372711785,0.10946840342700001,0.018761303991649998,0.425021607606,0.1501282851395,3.89707602339,0.1501282851395,,1.0
yolo11n,T4,300,all_yaw,overall,all,full_frame,0.0305384775885,0.08767450892375,0.01241957971935,0.3674765190725,0.1291345297915,4.62526525762,,1.0,1.0
yolo11n,T4,300,all_yaw,overall,all,persistent_object,0.031427774129,0.09259335436550001,0.01284928846175,0.367194987541,0.13203083359450002,4.62526525762,0.13203083359450002,,1.0
yolo11n,T4,300,high_yaw,overall,all,full_frame,0.026131668494150002,0.0786703235541,0.01042145247959,0.33249581239500003,0.1059058894365,4.4630434782599995,,1.0,1.0
yolo11n,T4,300,high_yaw,overall,all,persistent_object,0.0264909958443,0.0833152762392,0.01049981648039,0.33249581239500003,0.107383059418,4.46739130435,0.107383059418,,1.0
yolo11n,T4,400,all_yaw,overall,all,full_frame,0.02242958375095,0.06720191694375,0.009161011090695,0.30351880653200003,0.1116090105725,4.97387770898,,1.0,1.0
yolo11n,T4,400,all_yaw,overall,all,persistent_object,0.0229591652389,0.06988175965845,0.009853416912964999,0.301586782753,0.115894484165,4.977145682835,0.115894484165,,1.0
yolo11n,T4,400,high_yaw,overall,all,full_frame,0.0168708642946,0.0550655813171,0.00530722189866,0.244094488189,0.0882352941176,4.85185185185,,1.0,1.0
yolo11n,T4,400,high_yaw,overall,all,persistent_object,0.0176343128478,0.0591235765062,0.00564294332659,0.244094488189,0.0887902330744,4.86111111111,0.0887902330744,,1.0
yolo11n,T4,500,all_yaw,overall,all,full_frame,0.0172721219489,0.0526341152992,0.005077324610295,0.26353750526999997,0.0923668850624,5.4124695015699995,,1.0,0.995652173913
yolo11n,T4,500,all_yaw,overall,all,persistent_object,0.01780224699255,0.054977830770550004,0.005217790172465,0.26239013745649997,0.09668048205695,5.419092018125,0.09668048205695,,0.995652173913
yolo11n,T4,500,high_yaw,overall,all,full_frame,0.01309986832295,0.040900684762200004,0.0021564597543799998,0.197383530184,0.06874881874885,4.98790627362,,1.0,1.0
yolo11n,T4,500,high_yaw,overall,all,persistent_object,0.0137223642614,0.041434533351649996,0.00247524752475,0.196763146989,0.0751922207146,5.008314436885,0.0751922207146,,1.0
yolo11n,T5,100,all_yaw,overall,all,full_frame,0.0550394958429,0.1489890802645,0.02882140229575,0.550739444263,0.2225084202035,3.6903225806449997,,1.0,1.0
yolo11n,T5,100,all_yaw,overall,all,persistent_object,0.0551106474002,0.1518674720425,0.02911383104265,0.550404548081,0.22489671651850002,3.6903225806449997,0.22489671651850002,,1.0
yolo11n,T5,100,high_yaw,overall,all,full_frame,0.05660780655875,0.1513967536055,0.027195076733900002,0.5420168067225,0.21776758762350001,3.147759103645,,1.0,1.0
yolo11n,T5,100,high_yaw,overall,all,persistent_object,0.05746333393195,0.151697971275,0.027283372055750002,0.5420168067225,0.2200076035755,3.147759103645,0.2200076035755,,1.0
yolo11n,T5,200,all_yaw,overall,all,full_frame,0.04825836234205,0.136015728379,0.02095374964495,0.526896157912,0.20680931334,3.92257742258,,1.0,1.0
yolo11n,T5,200,all_yaw,overall,all,persistent_object,0.0487200100153,0.13667951656100003,0.02128419326275,0.526896157912,0.2117517339145,3.925782550785,0.2117517339145,,1.0
yolo11n,T5,200,high_yaw,overall,all,full_frame,0.04851098187265,0.14537788473149998,0.022818260311,0.5085213359884999,0.189613849521,3.248599439775,,1.0,1.0
yolo11n,T5,200,high_yaw,overall,all,persistent_object,0.04967948866945,0.145884558986,0.02499884769545,0.5085213359884999,0.1910759175465,3.248599439775,0.1910759175465,,1.0
yolo11n,T5,300,all_yaw,class,pedestrian_cyclist,full_frame,0.000670281313846,0.003005657708625,0.0,0.0768115942029,0.00386307703781,0.1641456582635,,1.0,0.0
yolo11n,T5,300,all_yaw,class,pedestrian_cyclist,persistent_object,0.000670281313846,0.003005657708625,0.0,0.0768115942029,0.00402059189578,0.166022613425,0.00402059189578,,0.0
yolo11n,T5,300,all_yaw,class,vehicle,full_frame,0.06025910691295,0.1893601914295,0.0228140234986,0.5515631836635,0.2594648824245,2.934661743485,,1.0,1.0
yolo11n,T5,300,all_yaw,class,vehicle,persistent_object,0.06148453557995,0.1964701322115,0.0230054410804,0.5509966114255,0.267517468312,2.934661743485,0.267517468312,,1.0
yolo11n,T5,300,all_yaw,distance,0_20m,full_frame,0.129293632303,0.40020990622950003,0.05238284817365,0.6724742819764999,0.49869109947650003,0.5381355932205001,,1.0,0.0
yolo11n,T5,300,all_yaw,distance,0_20m,persistent_object,0.1302136239975,0.4007017989895,0.0541067230937,0.6724742819764999,0.5138060712835,0.541623429033,0.5138060712835,,0.0
yolo11n,T5,300,all_yaw,distance,20_40m,full_frame,0.0965926799434,0.27047752888,0.0391222924646,0.667479674797,0.34134422020550004,0.5503475397845,,1.0,0.0
yolo11n,T5,300,all_yaw,distance,20_40m,persistent_object,0.09898321899275,0.27047752888,0.0392785612718,0.667479674797,0.3416144785585,0.5503475397845,0.3416144785585,,0.0
yolo11n,T5,300,all_yaw,distance,40m_plus,full_frame,0.024986696134299997,0.09265476162315,0.006198110625774999,0.5170436189555,0.12038393265700001,1.627450980395,,1.0,0.0
yolo11n,T5,300,all_yaw,distance,40m_plus,persistent_object,0.02572660731325,0.09656083859285,0.00623705208006,0.5170436189555,0.123171501445,1.643790849675,0.123171501445,,0.0
yolo11n,T5,300,all_yaw,overall,all,full_frame,0.04083516609815,0.1255464510125,0.016057377278400002,0.485696545907,0.194368029136,4.08364756159,,1.0,1.0
yolo11n,T5,300,all_yaw,overall,all,persistent_object,0.04218728525655,0.1269083218895,0.0162445151722,0.485696545907,0.199980555074,4.08364756159,0.199980555074,,1.0
yolo11n,T5,300,high_yaw,overall,all,full_frame,0.040463489872949995,0.11149006634450001,0.018180175920700002,0.455915943353,0.1668249927835,3.58750521485,,1.0,1.0
yolo11n,T5,300,high_yaw,overall,all,persistent_object,0.0411678246379,0.114657740544,0.0186935940472,0.455915943353,0.1718019241905,3.58750521485,0.1718019241905,,1.0
yolo11n,T5,400,all_yaw,overall,all,full_frame,0.034123532204,0.1039250594124,0.0112251358223,0.4559053629345,0.1786703136445,4.4365237691,,1.0,1.0
yolo11n,T5,400,all_yaw,overall,all,persistent_object,0.034727398113549995,0.108309723428,0.011779211781700001,0.45391623273000004,0.1855261978865,4.45587860781,0.1855261978865,,1.0
yolo11n,T5,400,high_yaw,overall,all,full_frame,0.0367940501429,0.0987587940918,0.0130392980087,0.433333333333,0.156884875847,3.70161290323,,1.0,1.0
yolo11n,T5,400,high_yaw,overall,all,persistent_object,0.0384145213713,0.103125653945,0.0145874405348,0.430555555556,0.164912280702,3.70161290323,0.164912280702,,1.0
yolo11n,T5,500,all_yaw,overall,all,full_frame,0.02897950630505,0.08980535998465,0.00894059653016,0.4190840412525,0.1681597954175,4.55163355408,,1.0,1.0
yolo11n,T5,500,all_yaw,overall,all,persistent_object,0.0301047857614,0.09335528299314999,0.009032842999634999,0.416600611794,0.17415748943050002,4.55163355408,0.17415748943050002,,1.0
yolo11n,T5,500,high_yaw,overall,all,full_frame,0.02914236073135,0.08682046191125001,0.01050618427355,0.3993705380265,0.1453098459185,3.9255266622800002,,1.0,1.0
yolo11n,T5,500,high_yaw,overall,all,persistent_object,0.030803651291,0.09589127445815,0.01086414410675,0.39798549647500003,0.156207745322,3.9255266622800002,0.156207745322,,1.0
yolo11n,T6,100,all_yaw,overall,all,full_frame,0.0541487520638,0.148070219536,0.0286618444061,0.5422919957875001,0.21659785521,3.7102966841200002,,1.0,1.0
yolo11n,T6,100,all_yaw,overall,all,persistent_object,0.05439131939235,0.1530956699225,0.029568303387999997,0.5422919957875001,0.219258024401,3.7102966841200002,0.219258024401,,1.0
yolo11n,T6,100,high_yaw,overall,all,full_frame,0.05258154822015,0.14594140450249998,0.0250193770245,0.539819004525,0.2136522717475,3.2222222222249997,,1.0,1.0
yolo11n,T6,100,high_yaw,overall,all,persistent_object,0.05362929157515,0.15071141554700002,0.02549793333245,0.539819004525,0.2163168212935,3.2222222222249997,0.2163168212935,,1.0
yolo11n,T6,200,all_yaw,overall,all,full_frame,0.04763477163385,0.1330499457595,0.021541555971300003,0.5011592207505,0.197447903432,3.963155241935,,1.0,1.0
yolo11n,T6,200,all_yaw,overall,all,persistent_object,0.04889946716335,0.13572728008149998,0.021563212017649998,0.5011592207505,0.2024139392725,3.963155241935,0.2024139392725,,1.0
yolo11n,T6,200,high_yaw,overall,all,full_frame,0.044601636162799996,0.138178833785,0.0196838456177,0.495617674672,0.1910361606715,3.268095238095,,1.0,1.0
yolo11n,T6,200,high_yaw,overall,all,persistent_object,0.0458175517419,0.1395349139265,0.0196838456177,0.495617674672,0.196210118103,3.27476190476,0.196210118103,,1.0
yolo11n,T6,300,all_yaw,class,pedestrian_cyclist,full_frame,0.0015086212614900001,0.00765076507651,0.0,0.148550724638,0.0053315543107299995,0.2006493506495,,1.0,0.0
yolo11n,T6,300,all_yaw,class,pedestrian_cyclist,persistent_object,0.0015086212614900001,0.00765076507651,0.0,0.148550724638,0.0054809413054,0.2006493506495,0.0054809413054,,0.0
yolo11n,T6,300,all_yaw,class,vehicle,full_frame,0.05976421370315,0.1851234581145,0.018237108435200003,0.531703568398,0.2463410553805,2.89247517189,,1.0,1.0
yolo11n,T6,300,all_yaw,class,vehicle,persistent_object,0.06173924396975,0.185753901251,0.0185702428215,0.5306275282255,0.251027147357,2.89247517189,0.251027147357,,1.0
yolo11n,T6,300,all_yaw,distance,0_20m,full_frame,0.17743921227499998,0.4895731321705,0.06744710420319999,0.7482952066325,0.574128327949,0.304798342101,,1.0,0.0
yolo11n,T6,300,all_yaw,distance,0_20m,persistent_object,0.1804143102915,0.5105603732149999,0.0687057046395,0.7482952066325,0.5871679869524999,0.304798342101,0.5871679869524999,,0.0
yolo11n,T6,300,all_yaw,distance,20_40m,full_frame,0.108757738166,0.3290240045885,0.0380395834863,0.7094850160024999,0.360140415889,0.479289769436,,1.0,0.0
yolo11n,T6,300,all_yaw,distance,20_40m,persistent_object,0.11361061579449999,0.3366928271675,0.03953194965785,0.7094850160024999,0.3788432063625,0.4846008054965,0.3788432063625,,0.0
yolo11n,T6,300,all_yaw,distance,40m_plus,full_frame,0.0178860867177,0.0656659269907,0.0035957556826050003,0.4471243315115,0.100768134958,1.902300314065,,1.0,0.0
yolo11n,T6,300,all_yaw,distance,40m_plus,persistent_object,0.018557504464050002,0.07010119307715,0.0035957556826050003,0.4471243315115,0.1038615796705,1.902300314065,0.1038615796705,,0.0
yolo11n,T6,300,all_yaw,overall,all,full_frame,0.0392960872971,0.1141326437695,0.0128860385616,0.46058939271349997,0.17531160905,4.15016872891,,1.0,1.0
yolo11n,T6,300,all_yaw,overall,all,persistent_object,0.04031661224645,0.11951992497649999,0.01395935803425,0.46058939271349997,0.18158878895949998,4.15016872891,0.18158878895949998,,1.0
yolo11n,T6,300,high_yaw,overall,all,full_frame,0.0352597988794,0.106999870173,0.0130670663259,0.4449487790735,0.1655491864975,3.7010638297850003,,1.0,1.0
yolo11n,T6,300,high_yaw,overall,all,persistent_object,0.037243179056200004,0.1122562604715,0.0144145744837,0.4449487790735,0.17165453016249999,3.7010638297850003,0.17165453016249999,,1.0
yolo11n,T6,400,all_yaw,overall,all,full_frame,0.0316879292416,0.0939951451383,0.00721785119466,0.4120921182735,0.1577924981395,4.35514868199,,1.0,1.0
yolo11n,T6,400,all_yaw,overall,all,persistent_object,0.03295228644025,0.09888931018710001,0.007500948554485,0.4120921182735,0.162095782736,4.35514868199,0.162095782736,,1.0
yolo11n,T6,400,high_yaw,overall,all,full_frame,0.0272502498712,0.0904295457323,0.00768995582008,0.394444444444,0.144927536232,4.07954545455,,1.0,1.0
yolo11n,T6,400,high_yaw,overall,all,persistent_object,0.0283208711064,0.0972253885944,0.00880088008801,0.394444444444,0.151136363636,4.07954545455,0.151136363636,,1.0
yolo11n,T6,500,all_yaw,overall,all,full_frame,0.0239223041898,0.08125143163689999,0.005220413696965,0.367566879907,0.143883698744,4.541172882534999,,0.995207919899,1.0
yolo11n,T6,500,all_yaw,overall,all,persistent_object,0.0249493007284,0.0841334729539,0.00530231902118,0.3664579295265,0.1505714449425,4.541172882534999,0.1505714449425,,1.0
yolo11n,T6,500,high_yaw,overall,all,full_frame,0.0201045590559,0.0694048639131,0.00488481683989,0.338434519071,0.12648337453949998,4.352753058955,,1.0,1.0
yolo11n,T6,500,high_yaw,overall,all,persistent_object,0.0210874612511,0.0736201249324,0.004940267809665,0.338434519071,0.133348233892,4.352753058955,0.133348233892,,1.0
yolo11s,T0,100,all_yaw,overall,all,full_frame,0.04770355443905,0.1461050108425,0.01690404394115,0.4669065631345,0.225930962806,5.2290652385600005,,1.0,1.0
yolo11s,T0,100,all_yaw,overall,all,persistent_object,0.048288539611499995,0.14626756080550002,0.0169702126656,0.4669065631345,0.22892033851049998,5.232270366765,0.22892033851049998,,1.0
yolo11s,T0,100,high_yaw,overall,all,full_frame,0.0376280130157,0.121671791334,0.01177786345575,0.404488865834,0.1951803502355,5.133928571429999,,0.995575221239,1.0
yolo11s,T0,100,high_yaw,overall,all,persistent_object,0.038464965170549995,0.122389034924,0.0117937447431,0.404488865834,0.19806241422249998,5.133928571429999,0.19806241422249998,,1.0
yolo11s,T0,200,all_yaw,overall,all,full_frame,0.0315893929537,0.11078049347749999,0.0070298698531,0.4002741999585,0.183274224864,5.886824465855,,0.992675832893,0.928571428571
yolo11s,T0,200,all_yaw,overall,all,persistent_object,0.03192757715755,0.113559773675,0.007078504414585,0.4002741999585,0.1873084712195,5.890071219105,0.1873084712195,,0.928571428571
yolo11s,T0,200,high_yaw,overall,all,full_frame,0.01832550844655,0.07355828184745,0.002274469464865,0.31226495726500003,0.1445259838845,5.9293678160950005,,1.0,1.0
yolo11s,T0,200,high_yaw,overall,all,persistent_object,0.0187279752726,0.0761849414288,0.002274469464865,0.307777777778,0.147339736305,5.95603448276,0.147339736305,,1.0
yolo11s,T0,300,all_yaw,overall,all,full_frame,0.02009486276595,0.08158335786375001,0.0039988746616,0.3489195434415,0.15492142210999998,6.2964306934900005,,0.990787021349,0.944444444444
yolo11s,T0,300,all_yaw,overall,all,persistent_object,0.0207823722817,0.08349104692170001,0.004263107374555,0.3480180335895,0.1599652443485,6.3095025889150005,0.1599652443485,,0.944444444444
yolo11s,T0,300,high_yaw,overall,all,full_frame,0.010759983186135,0.0435841335691,0.0006398225044675001,0.24750636672350002,0.1114526989345,6.812764643615,,1.0,0.9635278514585
yolo11s,T0,300,high_yaw,overall,all,persistent_object,0.011083937149805,0.0444545210057,0.0006398225044675001,0.24326188454999997,0.11500803321,6.817351799575,0.11500803321,,0.9635278514585
yolo11s,T0,400,all_yaw,overall,all,full_frame,0.0172096507779,0.06091692152455,0.002661134935595,0.305595463705,0.1491495214805,6.5901702786400005,,0.9864468864464999,0.9347480106105
yolo11s,T0,400,all_yaw,overall,all,persistent_object,0.01739430317975,0.060814942455800006,0.0030106945415600004,0.302758137097,0.1536284442985,6.616486068115,0.1536284442985,,0.9347480106105
yolo11s,T0,400,high_yaw,overall,all,full_frame,0.0063676763307,0.0303521557671,0.0001800180018,0.18407960199,0.0928809788654,6.91666666667,,0.992366412214,1.0
yolo11s,T0,400,high_yaw,overall,all,persistent_object,0.00687382335341,0.0304137374194,0.0001800180018,0.18407960199,0.0976253298153,6.96296296296,0.0976253298153,,1.0
yolo11s,T0,500,all_yaw,overall,all,full_frame,0.01435367311815,0.05119695840685,0.003002689356115,0.27615491552,0.1410584816175,6.776315789475,,0.989592094197,0.927391304348
yolo11s,T0,500,all_yaw,overall,all,persistent_object,0.01475831524415,0.05192877158155,0.00301267336879,0.272727857851,0.145201889706,6.80535465319,0.145201889706,,0.927391304348
yolo11s,T0,500,high_yaw,overall,all,full_frame,0.0039604455859899995,0.017988175726550003,0.000229303327355,0.14036843185550002,0.06797414237145,7.12149292149,,1.0,0.9486842105265
yolo11s,T0,500,high_yaw,overall,all,persistent_object,0.004084967818365,0.0184190002415,0.0002153531002965,0.13110204570349998,0.07097602870155001,7.145767195765,0.07097602870155001,,0.9486842105265
yolo11s,T1,100,all_yaw,overall,all,full_frame,0.05279934719065,0.1506216318895,0.0276529165245,0.4463447177485,0.2322633211015,5.3151571546700005,,1.0,1.0
yolo11s,T1,100,all_yaw,overall,all,persistent_object,0.053203803725600005,0.15092150679299998,0.02849646156305,0.4463447177485,0.234282875439,5.316414863205,0.234282875439,,1.0
yolo11s,T1,100,high_yaw,overall,all,full_frame,0.0513327167266,0.130011182924,0.02348272336305,0.4208591285375,0.2235828516535,5.22023809524,,1.0,1.0
yolo11s,T1,100,high_yaw,overall,all,persistent_object,0.05167865603105,0.1305005901825,0.0236162355306,0.4208591285375,0.22727345493450002,5.22023809524,0.22727345493450002,,1.0
yolo11s,T1,200,all_yaw,overall,all,full_frame,0.040068985301850005,0.12035183652,0.016515306143650002,0.3848140916115,0.185979202118,5.804057407565001,,1.0,1.0
yolo11s,T1,200,all_yaw,overall,all,persistent_object,0.040501924380349996,0.121624797095,0.0174507403001,0.3845366221335,0.189445085534,5.804057407565001,0.189445085534,,1.0
yolo11s,T1,200,high_yaw,overall,all,full_frame,0.0402039372657,0.113750495405,0.0164566119597,0.3607628524045,0.1731536666855,5.693371943375,,1.0,1.0
yolo11s,T1,200,high_yaw,overall,all,persistent_object,0.0416570700787,0.11400749270999999,0.01704487770605,0.359104477612,0.1765211937,5.693371943375,0.1765211937,,1.0
yolo11s,T1,300,all_yaw,overall,all,full_frame,0.0287358431539,0.09086068357655,0.0119432167727,0.325602693055,0.15608047297,6.408496732025,,1.0,1.0
yolo11s,T1,300,all_yaw,overall,all,persistent_object,0.02936704196065,0.09206865016509999,0.01216264883795,0.324976126639,0.1595205168045,6.408496732025,0.1595205168045,,1.0
yolo11s,T1,300,high_yaw,overall,all,full_frame,0.024667315651100002,0.0865632871825,0.00976738448104,0.27709326974049997,0.12627593555049998,6.491379310345,,1.0,1.0
yolo11s,T1,300,high_yaw,overall,all,persistent_object,0.0260735759524,0.08961046107475,0.009846001316235,0.27709326974049997,0.13081125500500002,6.491379310345,0.13081125500500002,,1.0
yolo11s,T1,400,all_yaw,overall,all,full_frame,0.021383763095450002,0.07063445398715,0.00854275277685,0.273250530012,0.132927275535,6.9214181286550005,,1.0,1.0
yolo11s,T1,400,all_yaw,overall,all,persistent_object,0.02232986268135,0.0726874198388,0.00933744218074,0.271989495964,0.138433348568,6.927975576195,0.138433348568,,1.0
yolo11s,T1,400,high_yaw,overall,all,full_frame,0.0159585466091,0.0560733392529,0.00436903345066,0.220323741007,0.101063829787,6.82524271845,,1.0,1.0
yolo11s,T1,400,high_yaw,overall,all,persistent_object,0.0172391519741,0.0605029627004,0.00492789004928,0.220323741007,0.106194690265,6.82524271845,0.106194690265,,1.0
yolo11s,T1,500,all_yaw,overall,all,full_frame,0.0171214042546,0.058222840686949995,0.00462897236482,0.2360395149815,0.111149470084,7.29801324503,,1.0,1.0
yolo11s,T1,500,all_yaw,overall,all,persistent_object,0.01833739777955,0.0612182630966,0.0046586137299749995,0.2360395149815,0.1178861340275,7.30132450331,0.1178861340275,,1.0
yolo11s,T1,500,high_yaw,overall,all,full_frame,0.01195938107355,0.0427072450733,0.00247524752475,0.190266866104,0.0809358293063,7.08128078818,,1.0,1.0
yolo11s,T1,500,high_yaw,overall,all,persistent_object,0.0125355016204,0.04414413703435,0.00247524752475,0.190266866104,0.08333333333335,7.08128078818,0.08333333333335,,1.0
yolo11s,T2,100,all_yaw,overall,all,full_frame,0.04168407920275,0.137327277942,0.01170764174985,0.44114865141799997,0.21015713182450002,5.44871794872,,0.9959677419355,1.0
yolo11s,T2,100,all_yaw,overall,all,persistent_object,0.0417840352839,0.137536678322,0.01174162553995,0.44114865141799997,0.21353345746000002,5.4519230769250004,0.21353345746000002,,1.0
yolo11s,T2,100,high_yaw,overall,all,full_frame,0.0312414594321,0.1059185369275,0.0067366408801300005,0.370965510084,0.1667373270425,5.35275423729,,1.0,1.0
yolo11s,T2,100,high_yaw,overall,all,persistent_object,0.0315715751293,0.1060865458885,0.006739614909835,0.370965510084,0.1689609967765,5.35275423729,0.1689609967765,,1.0
yolo11s,T2,200,all_yaw,overall,all,full_frame,0.029543577536200002,0.1018753721286,0.0060285593800900004,0.38629704925700004,0.1774537256015,6.006493506495,,0.9871410496205,0.9393382352940001
yolo11s,T2,200,all_yaw,overall,all,persistent_object,0.0297922697424,0.10222010740315,0.0060082534867499995,0.38629704925700004,0.1804330395465,6.009740259745,0.1804330395465,,0.9393382352940001
yolo11s,T2,200,high_yaw,overall,all,full_frame,0.01588813679985,0.061851678130599996,0.0016701101322350001,0.2929455287665,0.1310906201865,6.0,,0.997767857143,1.0
yolo11s,T2,200,high_yaw,overall,all,persistent_object,0.0159164408014,0.0648872896853,0.0016701101322350001,0.28369690011500004,0.133456108757,6.08222222222,0.133456108757,,1.0
yolo11s,T2,300,all_yaw,overall,all,full_frame,0.0183663383421,0.07721523271375,0.00373981498078,0.3404632270335,0.1530719244625,6.358288770055,,0.988114325549,0.944444444444
yolo11s,T2,300,all_yaw,overall,all,persistent_object,0.0187775635583,0.07970052075760001,0.004011538353745,0.338270244577,0.15827726823299998,6.377896613195,0.15827726823299998,,0.944444444444
yolo11s,T2,300,high_yaw,overall,all,full_frame,0.009709458298355001,0.038484824823100006,0.000590472878243,0.2274615327115,0.108055730855,6.845536344385,,0.9985074626865,0.9827586206895
yolo11s,T2,300,high_yaw,overall,all,persistent_object,0.01027018657588,0.040617530445300004,0.0005578680809905,0.22236815410400002,0.1129465289775,6.8547106563149995,0.1129465289775,,0.9827586206895
yolo11s,T2,400,all_yaw,overall,all,full_frame,0.01667012962045,0.05812005250405,0.002448887279695,0.3028224027055,0.14867033145550002,6.620915032675,,0.989005678386,0.938618524333
yolo11s,T2,400,all_yaw,overall,all,persistent_object,0.0171321690877,0.059914341614249994,0.002826436890735,0.2996698175855,0.153131811773,6.63607241142,0.153131811773,,0.938618524333
yolo11s,T2,400,high_yaw,overall,all,full_frame,0.00619077487495,0.0292455221154,0.000166870619646,0.177033492823,0.0884955752212,6.94366197183,,0.994594594595,1.0
yolo11s,T2,400,high_yaw,overall,all,persistent_object,0.00621173041516,0.0292455221154,0.000166870619646,0.177033492823,0.0910099889012,6.98591549296,0.0910099889012,,1.0
yolo11s,T2,500,all_yaw,overall,all,full_frame,0.0143614774637,0.051366393383199996,0.002899640464935,0.2729712170745,0.141336065065,6.87585440875,,0.991060025543,0.921855921856
yolo11s,T2,500,all_yaw,overall,all,persistent_object,0.014740009210750001,0.0509587544448,0.0028997182034,0.269040103583,0.1453730876695,6.879101161995,0.1453730876695,,0.921855921856
yolo11s,T2,500,high_yaw,overall,all,full_frame,0.0040254052806850005,0.0168394150714,0.0002089103675045,0.1353012110015,0.06430565931445,7.15250965251,,1.0,0.955
yolo11s,T2,500,high_yaw,overall,all,persistent_object,0.00414714627756,0.01782060007175,0.0001895497633425,0.128638991516,0.0686956122074,7.15250965251,0.0686956122074,,0.955
yolo11s,T3,100,all_yaw,overall,all,full_frame,0.0451188071653,0.141866966525,0.01430998108465,0.4485696769565,0.2132991138815,5.268395263375,,1.0,1.0
yolo11s,T3,100,all_yaw,overall,all,persistent_object,0.04569044596155,0.143119536901,0.014396629921150001,0.448259887613,0.21645937549900002,5.268395263375,0.21645937549900002,,1.0
yolo11s,T3,100,high_yaw,overall,all,full_frame,0.0354880522319,0.1145197021395,0.00950728563957,0.370600388916,0.181133388337,5.1511299435049995,,1.0,1.0
yolo11s,T3,100,high_yaw,overall,all,persistent_object,0.0361263299468,0.116637603757,0.009536563020645001,0.36977394263499996,0.1842745255545,5.1511299435049995,0.1842745255545,,1.0
yolo11s,T3,200,all_yaw,overall,all,full_frame,0.03464084083975,0.11375549233599999,0.009132703506355,0.40549134954099997,0.1838000881675,5.747528278175,,0.992675832893,0.9675925925925
yolo11s,T3,200,all_yaw,overall,all,persistent_object,0.035044842344500005,0.1141994294395,0.00923813798207,0.40549134954099997,0.186996445917,5.750754084625,0.186996445917,,0.9675925925925
yolo11s,T3,200,high_yaw,overall,all,full_frame,0.02005682822125,0.0834959017196,0.003473984563705,0.3233165829145,0.151523750559,6.0,,1.0,1.0
yolo11s,T3,200,high_yaw,overall,all,persistent_object,0.020698077112499998,0.0872866358072,0.003473984563705,0.3233165829145,0.153817895095,6.0,0.153817895095,,1.0
yolo11s,T3,300,all_yaw,overall,all,full_frame,0.0282457869349,0.0914768007202,0.005495683258425,0.376317661104,0.168729899642,6.107567269335,,0.990069851778,0.971629778672
yolo11s,T3,300,all_yaw,overall,all,persistent_object,0.0286403021093,0.0940961706853,0.00554530735723,0.376317661104,0.1745464715615,6.114060775825,0.1745464715615,,0.9718253968255
yolo11s,T3,300,high_yaw,overall,all,full_frame,0.012031754628000001,0.04700053857305,0.001088369493955,0.2422410865875,0.1154876591615,6.797542735045,,1.0,1.0
yolo11s,T3,300,high_yaw,overall,all,persistent_object,0.012031754628000001,0.04916981496115,0.00145819092337,0.236298811545,0.121229140106,6.797542735045,0.121229140106,,1.0
yolo11s,T3,400,all_yaw,overall,all,full_frame,0.0213715005035,0.07343950755905,0.00335333102206,0.33052284610649996,0.1486122897075,6.53276657553,,0.9893604980195,0.9632996632995
yolo11s,T3,400,all_yaw,overall,all,persistent_object,0.02192466783745,0.07768679309575,0.0033824814499850003,0.32767017192799996,0.1547805363755,6.562243677375,0.1547805363755,,0.9645768025075
yolo11s,T3,400,high_yaw,overall,all,full_frame,0.00809826748674,0.0334072576542,0.000535188654001,0.215753424658,0.0884955752212,7.10185185185,,1.0,1.0
yolo11s,T3,400,high_yaw,overall,all,persistent_object,0.00809826748674,0.0370940574812,0.000535188654001,0.198630136986,0.0929487179487,7.12037037037,0.0929487179487,,1.0
yolo11s,T3,500,all_yaw,overall,all,full_frame,0.01674344143575,0.0612183468869,0.002508201041795,0.2891234750325,0.1339180849305,6.8318882886050005,,0.991869918699,0.960769230769
yolo11s,T3,500,all_yaw,overall,all,persistent_object,0.01764466016325,0.0646118701285,0.0025367869683150003,0.2891234750325,0.13921140462,6.84182206344,0.13921140462,,0.960769230769
yolo11s,T3,500,high_yaw,overall,all,full_frame,0.004936237653795,0.024678694537,0.00039545374655800003,0.17344179632700002,0.07402704615145,7.186811811815,,1.0,0.9645833333335
yolo11s,T3,500,high_yaw,overall,all,persistent_object,0.005222650751705,0.025024896581049998,0.00039545374655800003,0.167760235807,0.07816003092385,7.21884384384,0.07816003092385,,0.9645833333335
yolo11s,T4,100,all_yaw,overall,all,full_frame,0.0533376695933,0.1536614680245,0.027688376314749998,0.46851729657249996,0.2375656743255,5.25783024992,,1.0,1.0
yolo11s,T4,100,all_yaw,overall,all,persistent_object,0.0538304205962,0.15392738254299998,0.02849646156305,0.467943902077,0.2397195416435,5.25783024992,0.2397195416435,,1.0
yolo11s,T4,100,high_yaw,overall,all,full_frame,0.0524895795033,0.1326090289215,0.02348272336305,0.4345646626195,0.22903772199099998,5.02380952381,,1.0,1.0
yolo11s,T4,100,high_yaw,overall,all,persistent_object,0.0525371598585,0.132961895271,0.024050619613900003,0.4345646626195,0.2332096266305,5.02380952381,0.2332096266305,,1.0
yolo11s,T4,200,all_yaw,overall,all,full_frame,0.0402717408076,0.12122587297750001,0.0165343313767,0.39741153274749996,0.1915873948415,5.76948051948,,1.0,1.0
yolo11s,T4,200,all_yaw,overall,all,persistent_object,0.04087086087235,0.12146123162,0.0175490593355,0.39741153274749996,0.19499361419900002,5.76948051948,0.19499361419900002,,1.0
yolo11s,T4,200,high_yaw,overall,all,full_frame,0.040142404179599994,0.11577309500649999,0.015963855868550002,0.3753791887125,0.180602185242,5.703775203775,,1.0,1.0
yolo11s,T4,200,high_yaw,overall,all,persistent_object,0.041541405230750006,0.1187525202575,0.016607881402949998,0.3753791887125,0.18453699573,5.703775203775,0.18453699573,,1.0
yolo11s,T4,300,all_yaw,overall,all,full_frame,0.028877788176,0.0909540794258,0.012026054717,0.33580935187850003,0.1588620381075,6.36323002319,,1.0,0.993827160494
yolo11s,T4,300,all_yaw,overall,all,persistent_object,0.0294664141127,0.09361025074505,0.01216264883795,0.3352382773315,0.16381840980450002,6.36928104575,0.16381840980450002,,0.993827160494
yolo11s,T4,300,high_yaw,overall,all,full_frame,0.02547865619945,0.0848202949263,0.0094389637769,0.29660156879849997,0.13038761196249998,6.4625331565,,1.0,1.0
yolo11s,T4,300,high_yaw,overall,all,persistent_object,0.0272273496897,0.0890962983809,0.00957244145117,0.2958179720895,0.1345082592745,6.4625331565,0.1345082592745,,1.0
yolo11s,T4,400,all_yaw,overall,all,full_frame,0.0217111150386,0.071458338797,0.00854387868295,0.279305086887,0.13840062857500002,6.849243206055,,0.9962244481075,0.9940476190475
yolo11s,T4,400,all_yaw,overall,all,persistent_object,0.022376652406099998,0.07228344946564999,0.00933744218074,0.279305086887,0.1435793097625,6.85906862745,0.1435793097625,,0.9940476190475
yolo11s,T4,400,high_yaw,overall,all,full_frame,0.0163142324201,0.0592613289176,0.00436978341204,0.238095238095,0.105394883204,6.78640776699,,1.0,1.0
yolo11s,T4,400,high_yaw,overall,all,persistent_object,0.0173406467507,0.0607012035583,0.00492789004928,0.236331569665,0.110817941953,6.78640776699,0.110817941953,,1.0
yolo11s,T4,500,all_yaw,overall,all,full_frame,0.017444203636250002,0.05959458806855,0.00462897236482,0.240035339343,0.117546495607,7.25165562914,,1.0,1.0
yolo11s,T4,500,all_yaw,overall,all,persistent_object,0.01842391177025,0.0618271240138,0.00469349674425,0.240035339343,0.122448796709,7.25165562914,0.122448796709,,1.0
yolo11s,T4,500,high_yaw,overall,all,full_frame,0.012218125801,0.04203367501845,0.00247524752475,0.20580795555999998,0.0850023575188,7.07487228608,,1.0,1.0
yolo11s,T4,500,high_yaw,overall,all,persistent_object,0.01293583821585,0.045101232743950004,0.00247524752475,0.201521618111,0.08755706531509999,7.07487228608,0.08755706531509999,,1.0
yolo11s,T5,100,all_yaw,overall,all,full_frame,0.05520776623975,0.17069910274150002,0.02594416895265,0.498040257082,0.2564807945695,4.9452853598,,1.0,1.0
yolo11s,T5,100,all_yaw,overall,all,persistent_object,0.0558161914959,0.170992426056,0.0259809876738,0.498040257082,0.25949550327500004,4.948490488005,0.25949550327500004,,1.0
yolo11s,T5,100,high_yaw,overall,all,full_frame,0.05632893087475,0.1547643419875,0.0254410141468,0.452972333642,0.2508566234705,4.600266362255001,,1.0,1.0
yolo11s,T5,100,high_yaw,overall,all,persistent_object,0.0570120063336,0.1563789590185,0.02578246933125,0.4524323768385,0.25392117025600003,4.600266362255001,0.25392117025600003,,1.0
yolo11s,T5,200,all_yaw,overall,all,full_frame,0.050270174202,0.145542249876,0.021778560571749997,0.466098051453,0.2459853280175,5.14838709677,,1.0,1.0
yolo11s,T5,200,all_yaw,overall,all,persistent_object,0.05081390675275,0.14830929592699998,0.0218578114649,0.4658210431425,0.2507319317715,5.161290322579999,0.2507319317715,,1.0
yolo11s,T5,200,high_yaw,overall,all,full_frame,0.04921515634115,0.1400065499155,0.01824253026265,0.426944260242,0.224051029602,4.817683881065,,1.0,1.0
yolo11s,T5,200,high_yaw,overall,all,persistent_object,0.05036037362185,0.145854766155,0.01871725484615,0.42447318007650003,0.23306628966350001,4.817683881065,0.23306628966350001,,1.0
yolo11s,T5,300,all_yaw,class,pedestrian_cyclist,full_frame,0.002831300487095,0.00990099009901,0.0,0.10136815920414999,0.00892420110482,0.2716016070035,,1.0,0.5
yolo11s,T5,300,all_yaw,class,pedestrian_cyclist,persistent_object,0.00287379699508,0.010390599499505,0.0,0.10136815920414999,0.00918367346941,0.275496362067,0.00918367346941,,0.5
yolo11s,T5,300,all_yaw,class,vehicle,full_frame,0.06430998199054999,0.186560964207,0.023727272412399997,0.5331036066025,0.2899905519235,3.615515771525,,0.989978061428,1.0
yolo11s,T5,300,all_yaw,class,vehicle,persistent_object,0.0675790797764,0.19237310587099998,0.02497148820195,0.532173374044,0.3026584893425,3.615515771525,0.3026584893425,,1.0
yolo11s,T5,300,all_yaw,distance,0_20m,full_frame,0.1356598755115,0.39982596694,0.04832634737995,0.658760107817,0.49367088607599996,0.5062057920725,,1.0,0.0
yolo11s,T5,300,all_yaw,distance,0_20m,persistent_object,0.1356598755115,0.4050232905865,0.0497337429032,0.658760107817,0.511061001154,0.50913924892,0.511061001154,,0.0
yolo11s,T5,300,all_yaw,distance,20_40m,full_frame,0.1154077490165,0.31316167715099996,0.04554892079555,0.6468477392,0.4092927889265,0.676505312869,,1.0,0.0
yolo11s,T5,300,all_yaw,distance,20_40m,persistent_object,0.1154077490165,0.321486981129,0.04554892079555,0.6468477392,0.4170507977215,0.6779401154405,0.4170507977215,,0.0
yolo11s,T5,300,all_yaw,distance,40m_plus,full_frame,0.03539969239045,0.11129739301899999,0.0072840657498299995,0.5581135125635,0.1512303744945,2.19607843137,,1.0,0.0
yolo11s,T5,300,all_yaw,distance,40m_plus,persistent_object,0.036259212771299995,0.1156225993445,0.007339212991254999,0.5569270778425,0.155852887913,2.22286721706,0.155852887913,,0.0
yolo11s,T5,300,all_yaw,overall,all,full_frame,0.0429315063833,0.13097530480050001,0.01763228307025,0.438037757132,0.2323427450365,5.406551781555,,0.995034925889,1.0
yolo11s,T5,300,all_yaw,overall,all,persistent_object,0.044208191939,0.1341229359015,0.01865011964065,0.435847926658,0.238925295754,5.426032301035,0.238925295754,,1.0
yolo11s,T5,300,high_yaw,overall,all,full_frame,0.039637011978249995,0.1236914775365,0.01581602022075,0.408632278987,0.20951376617450002,4.98965802537,,1.0,1.0
yolo11s,T5,300,high_yaw,overall,all,persistent_object,0.04190811501115,0.13092250597150001,0.01608776453275,0.40590176581500004,0.2189626037765,5.02027027027,0.2189626037765,,1.0
yolo11s,T5,400,all_yaw,overall,all,full_frame,0.0350792733367,0.115325555548,0.0131293954002,0.40344580772149996,0.213063285066,5.64585483316,,0.9962244481075,0.992537313433
yolo11s,T5,400,all_yaw,overall,all,persistent_object,0.0363985101253,0.12019512417299999,0.0135275865437,0.401259226846,0.2217026505,5.675288097695,0.2217026505,,0.995
yolo11s,T5,400,high_yaw,overall,all,full_frame,0.0329540869632,0.105159621742,0.0129973834951,0.392324093817,0.184165232358,5.05633802817,,1.0,1.0
yolo11s,T5,400,high_yaw,overall,all,persistent_object,0.0355484817932,0.111603743327,0.0139195640563,0.390191897655,0.194139194139,5.0985915493,0.194139194139,,1.0
yolo11s,T5,500,all_yaw,overall,all,full_frame,0.030287939811600002,0.10229355126449999,0.01012234897185,0.370683903634,0.19418147274800002,5.95065789474,,0.996942871943,0.9893316775795
yolo11s,T5,500,all_yaw,overall,all,persistent_object,0.03178262236055,0.1068663786955,0.01073243411895,0.370683903634,0.2019537407185,5.980263157895,0.2019537407185,,0.9893316775795
yolo11s,T5,500,high_yaw,overall,all,full_frame,0.026394803130599997,0.09124476345845,0.01050840732915,0.366966230937,0.163187394155,5.37767857143,,1.0,1.0
yolo11s,T5,500,high_yaw,overall,all,persistent_object,0.02831033708255,0.09688641852725,0.01152886201845,0.36587690631799996,0.17568753435,5.383400402415,0.17568753435,,1.0
yolo11s,T6,100,all_yaw,overall,all,full_frame,0.057540680837750005,0.1657331335135,0.026200118952,0.493157560777,0.254170480084,5.0,,1.0,1.0
yolo11s,T6,100,all_yaw,overall,all,persistent_object,0.057862149367199994,0.166408087243,0.02643755412545,0.493157560777,0.256222110023,5.0096153846149996,0.256222110023,,1.0
yolo11s,T6,100,high_yaw,overall,all,full_frame,0.05460053671015,0.15534291007450002,0.02524342731555,0.4519703352645,0.24574303405550002,4.815494393474999,,1.0,1.0
yolo11s,T6,100,high_yaw,overall,all,persistent_object,0.054932561445150005,0.1555239140485,0.025373548302849998,0.4519703352645,0.247608695652,4.815494393474999,0.247608695652,,1.0
yolo11s,T6,200,all_yaw,overall,all,full_frame,0.0490359058714,0.15468002841,0.01966754504675,0.4568105614445,0.2311930901045,5.4225806451650005,,0.9913735405665001,1.0
yolo11s,T6,200,all_yaw,overall,all,persistent_object,0.049535846561,0.154563429298,0.019829589245650002,0.4564357488505,0.2362576685145,5.429032258065,0.2362576685145,,1.0
yolo11s,T6,200,high_yaw,overall,all,full_frame,0.0474337436367,0.1456976474605,0.017842065101150002,0.424394281415,0.2280187458795,5.0,,1.0,1.0
yolo11s,T6,200,high_yaw,overall,all,persistent_object,0.04880162667495,0.14671018905849997,0.01877168207015,0.424394281415,0.2358269268675,5.0,0.2358269268675,,1.0
yolo11s,T6,300,all_yaw,class,pedestrian_cyclist,full_frame,0.0029925107895399997,0.01256482791135,0.0,0.1455026455025,0.0197087378641,0.305900621118,,1.0,0.5
yolo11s,T6,300,all_yaw,class,pedestrian_cyclist,persistent_object,0.003003960918035,0.01256482791135,0.0,0.1455026455025,0.02072594501715,0.3062234794905,0.02072594501715,,0.5
yolo11s,T6,300,all_yaw,class,vehicle,full_frame,0.06273072301935,0.1963694063355,0.01817568600555,0.510545902961,0.2901733516345,3.7218726163199998,,0.988233665559,0.984579976985
yolo11s,T6,300,all_yaw,class,vehicle,persistent_object,0.0653766404152,0.207208461656,0.0183131944857,0.510545902961,0.30277260698249997,3.7218726163199998,0.30277260698249997,,0.985606369947
yolo11s,T6,300,all_yaw,distance,0_20m,full_frame,0.188154865457,0.520732705878,0.0655471073123,0.758462421113,0.596350659844,0.28364998661999996,,1.0,0.0
yolo11s,T6,300,all_yaw,distance,0_20m,persistent_object,0.1893838443495,0.532118195924,0.0676917880255,0.758462421113,0.600133675251,0.288514851485,0.600133675251,,0.0
yolo11s,T6,300,all_yaw,distance,20_40m,full_frame,0.1267791727055,0.387607073091,0.04199691763525,0.699879227053,0.41892327032349996,0.5567251461989999,,1.0,0.0
yolo11s,T6,300,all_yaw,distance,20_40m,persistent_object,0.12866805933949998,0.394676160276,0.0427041477513,0.699879227053,0.431567695624,0.5567251461989999,0.431567695624,,0.0
yolo11s,T6,300,all_yaw,distance,40m_plus,full_frame,0.02645860093835,0.0911092369417,0.004741015234605,0.47288847888450003,0.130244619261,2.46231219761,,0.9929782201640001,0.0
yolo11s,T6,300,all_yaw,distance,40m_plus,persistent_object,0.027774739861700003,0.09615934335785001,0.00508146029638,0.470162740089,0.1355482717415,2.465580171465,0.1355482717415,,0.0
yolo11s,T6,300,all_yaw,overall,all,full_frame,0.0405623260833,0.1311953656575,0.013060211450349999,0.42139583130150005,0.213381441653,5.633116883115,,0.992050974702,0.993827160494
yolo11s,T6,300,all_yaw,overall,all,persistent_object,0.0416685109797,0.13790492385699998,0.0133859225197,0.42139583130150005,0.22117337573649998,5.633116883115,0.22117337573649998,,0.993827160494
yolo11s,T6,300,high_yaw,overall,all,full_frame,0.0363776040992,0.1242996721435,0.01167880238645,0.3965212255035,0.201952319848,5.22115384615,,1.0,1.0
yolo11s,T6,300,high_yaw,overall,all,persistent_object,0.0382072937925,0.1283299683475,0.01208194998395,0.3946997318785,0.216740502433,5.22596153846,0.216740502433,,1.0
yolo11s,T6,400,all_yaw,overall,all,full_frame,0.031573166449949994,0.1118256530645,0.008651581043035001,0.3865846103925,0.1939945918115,5.891683866525,,0.993494921319,0.9907264957265001
yolo11s,T6,400,all_yaw,overall,all,persistent_object,0.032463033547900005,0.1144600394765,0.00872625668411,0.3848087729905,0.201820562212,5.891683866525,0.201820562212,,0.9907264957265001
yolo11s,T6,400,high_yaw,overall,all,full_frame,0.0275661200562,0.100129194341,0.00780484424689,0.346560846561,0.17747440273,5.67961165049,,1.0,1.0
yolo11s,T6,400,high_yaw,overall,all,persistent_object,0.0288658481515,0.105142284283,0.00796767863058,0.344947735192,0.190643274854,5.68932038835,0.190643274854,,1.0
yolo11s,T6,500,all_yaw,overall,all,full_frame,0.0252615723249,0.0897771376733,0.0055176983564400005,0.34583832783949997,0.17463464826550001,6.334322325425,,0.991060025543,0.990562678063
yolo11s,T6,500,all_yaw,overall,all,persistent_object,0.02632504922285,0.09384098841970001,0.00570180043982,0.34458657976249996,0.1837103680745,6.34739422085,0.1837103680745,,0.990865865866
yolo11s,T6,500,high_yaw,overall,all,full_frame,0.02132050669875,0.08045308298615,0.004984160356245,0.30692905323999997,0.150724637681,5.976144511855001,,1.0,1.0
yolo11s,T6,500,high_yaw,overall,all,persistent_object,0.0233330904159,0.08353232884879999,0.00507913010037,0.3035563719585,0.1636918953055,5.976144511855001,0.1636918953055,,1.0
