path,size_bytes
results\sivp_strengthening\architecture_interaction.csv,1384
results\sivp_strengthening\causal_gate_bootstrap.csv,563
results\sivp_strengthening\causal_gate_calibration.csv,1854
results\sivp_strengthening\causal_gate_leakage_audit.md,837
results\sivp_strengthening\causal_gate_model_spec.json,862
results\sivp_strengthening\causal_gate_per_log.csv,28818
results\sivp_strengthening\causal_gate_results.csv,801
results\sivp_strengthening\compute_output_manifest.csv,397294
results\sivp_strengthening\current_detector_completion_audit.csv,7725
results\sivp_strengthening\end_to_end_bootstrap_intervals.csv,34308
results\sivp_strengthening\end_to_end_per_log_metrics.csv,3031098
results\sivp_strengthening\end_to_end_shard_0.err.log,0
results\sivp_strengthening\end_to_end_shard_0.log,3306
results\sivp_strengthening\end_to_end_shard_1.err.log,0
results\sivp_strengthening\end_to_end_shard_1.log,3350
results\sivp_strengthening\end_to_end_shard_2.err.log,0
results\sivp_strengthening\end_to_end_shard_2.log,3092
results\sivp_strengthening\end_to_end_shard_3.err.log,0
results\sivp_strengthening\end_to_end_shard_3.log,3090
results\sivp_strengthening\extension_completion_audit.csv,2236
results\sivp_strengthening\extension_data_integrity.md,128
results\sivp_strengthening\extension_download.err.log,13125
results\sivp_strengthening\extension_download.log,0
results\sivp_strengthening\extension_download_manifest.csv,4811330
results\sivp_strengthening\extension_download_retry.err.log,0
results\sivp_strengthening\extension_download_retry.log,3801
results\sivp_strengthening\extension_download_summary.json,210
results\sivp_strengthening\extension_freeze_manifest.json,591
results\sivp_strengthening\extension_gpu_pipeline.err.log,996
results\sivp_strengthening\extension_gpu_pipeline.log,40432
results\sivp_strengthening\extension_latency_pairs.parquet,539766
results\sivp_strengthening\extension_metadata_freeze.csv,5909
results\sivp_strengthening\failure_sensitivity.csv,4634
results\sivp_strengthening\frozen_causal_gate.joblib,2897
results\sivp_strengthening\full_frame_detection_metrics.csv,27734
results\sivp_strengthening\leakage_audit.md,507
results\sivp_strengthening\metric_recalculation.csv,5674
results\sivp_strengthening\metric_shard_0.err.log,0
results\sivp_strengthening\metric_shard_0.log,2577
results\sivp_strengthening\metric_shard_1.err.log,0
results\sivp_strengthening\metric_shard_1.log,2577
results\sivp_strengthening\metric_shard_2.err.log,0
results\sivp_strengthening\metric_shard_2.log,2577
results\sivp_strengthening\metric_shard_3.err.log,0
results\sivp_strengthening\metric_shard_3.log,2577
results\sivp_strengthening\persistent_object_detection_metrics.csv,30450
results\sivp_strengthening\provenance_audit.md,500
results\sivp_strengthening\queue_post_rtdetr.err.log,0
results\sivp_strengthening\queue_post_rtdetr.log,0
results\sivp_strengthening\README.md,1205
results\sivp_strengthening\replacement_agent_recovery.md,4960
results\sivp_strengthening\replacement_checkpoint_inventory.csv,32009
results\sivp_strengthening\replacement_process_inventory.csv,479
results\sivp_strengthening\rtdetr_completion_audit.csv,3470
results\sivp_strengthening\rtdetr_heldout.err.log,0
results\sivp_strengthening\rtdetr_heldout.log,49947
results\sivp_strengthening\third_cpu_pipeline.err.log,1527
results\sivp_strengthening\third_cpu_pipeline.log,5460
results\sivp_strengthening\third_detector_bootstrap.csv,29875
results\sivp_strengthening\third_detector_end_to_end_bootstrap.csv,17338
results\sivp_strengthening\third_detector_end_to_end_per_log_metrics.csv,1564130
results\sivp_strengthening\third_detector_full_frame_detection_metrics.csv,15376
results\sivp_strengthening\third_detector_manifest.json,1043
results\sivp_strengthening\third_detector_metrics.csv,92611
results\sivp_strengthening\third_detector_persistent_object_detection_metrics.csv,16058
results\sivp_strengthening\third_detector_per_log_metrics.csv,2129830
results\sivp_strengthening\third_end_to_end_shard_0.err.log,0
results\sivp_strengthening\third_end_to_end_shard_0.log,1695
results\sivp_strengthening\third_end_to_end_shard_1.err.log,0
results\sivp_strengthening\third_end_to_end_shard_1.log,1695
results\sivp_strengthening\third_end_to_end_shard_2.err.log,0
results\sivp_strengthening\third_end_to_end_shard_2.log,1567
results\sivp_strengthening\third_end_to_end_shard_3.err.log,0
results\sivp_strengthening\third_end_to_end_shard_3.log,1565
results\sivp_strengthening\third_metric_shard_0.err.log,0
results\sivp_strengthening\third_metric_shard_0.log,1366
results\sivp_strengthening\third_metric_shard_1.err.log,0
results\sivp_strengthening\third_metric_shard_1.log,1366
results\sivp_strengthening\third_metric_shard_2.err.log,0
results\sivp_strengthening\third_metric_shard_2.log,1263
results\sivp_strengthening\third_metric_shard_3.err.log,0
results\sivp_strengthening\third_metric_shard_3.log,1263
results\sivp_strengthening\third_propagation_shard_0.err.log,0
results\sivp_strengthening\third_propagation_shard_0.log,1113
results\sivp_strengthening\third_propagation_shard_1.err.log,0
results\sivp_strengthening\third_propagation_shard_1.log,1114
results\sivp_strengthening\third_propagation_shard_2.err.log,0
results\sivp_strengthening\third_propagation_shard_2.log,1046
results\sivp_strengthening\third_propagation_shard_3.err.log,0
results\sivp_strengthening\third_propagation_shard_3.log,1045
results\sivp_strengthening\tracker_baselines.csv,20190
results\sivp_strengthening\tracker_bootstrap_intervals.csv,33154
results\sivp_strengthening\tracker_failure_mechanisms.csv,3006
results\sivp_strengthening\tracker_manifest.json,1552
results\sivp_strengthening\tracker_per_log_metrics.csv,1284318
results\sivp_strengthening\tracker_runtime.csv,1168
results\sivp_strengthening\tracker_shard_0.err.log,0
results\sivp_strengthening\tracker_shard_0.log,2686
results\sivp_strengthening\tracker_shard_1.err.log,0
results\sivp_strengthening\tracker_shard_1.log,2704
results\sivp_strengthening\tracker_shard_2.err.log,0
results\sivp_strengthening\tracker_shard_2.log,2496
results\sivp_strengthening\tracker_shard_3.err.log,0
results\sivp_strengthening\tracker_shard_3.log,2496
results\sivp_strengthening\end_to_end_low_level\heldout\rtdetr_l\0b86f508-5df9-4a46-bc59-5b9536dbde9f.predictions.parquet,5110371
results\sivp_strengthening\end_to_end_low_level\heldout\rtdetr_l\0b86f508-5df9-4a46-bc59-5b9536dbde9f.targets.parquet,376541
results\sivp_strengthening\end_to_end_low_level\heldout\rtdetr_l\0c3bad78-9f1e-395d-a376-2eb7499229fd.predictions.parquet,4076379
results\sivp_strengthening\end_to_end_low_level\heldout\rtdetr_l\0c3bad78-9f1e-395d-a376-2eb7499229fd.targets.parquet,174047
results\sivp_strengthening\end_to_end_low_level\heldout\rtdetr_l\0fb7276f-ecb5-3e5b-87a8-cc74c709c715.predictions.parquet,4517180
results\sivp_strengthening\end_to_end_low_level\heldout\rtdetr_l\0fb7276f-ecb5-3e5b-87a8-cc74c709c715.targets.parquet,222458
results\sivp_strengthening\end_to_end_low_level\heldout\rtdetr_l\15ec0778-826e-3ed7-9775-54fbf66997f4.predictions.parquet,2543705
results\sivp_strengthening\end_to_end_low_level\heldout\rtdetr_l\15ec0778-826e-3ed7-9775-54fbf66997f4.targets.parquet,135005
results\sivp_strengthening\end_to_end_low_level\heldout\rtdetr_l\182ba3f7-b89a-36cc-ae40-32a341b0d3e9.predictions.parquet,2689011
results\sivp_strengthening\end_to_end_low_level\heldout\rtdetr_l\182ba3f7-b89a-36cc-ae40-32a341b0d3e9.targets.parquet,168862
results\sivp_strengthening\end_to_end_low_level\heldout\rtdetr_l\19350c96-623d-4d77-af96-f8c23f00c358.predictions.parquet,2804833
results\sivp_strengthening\end_to_end_low_level\heldout\rtdetr_l\19350c96-623d-4d77-af96-f8c23f00c358.targets.parquet,227347
results\sivp_strengthening\end_to_end_low_level\heldout\rtdetr_l\1da4a0aa-22ae-3958-856d-05303de1f576.predictions.parquet,6516977
results\sivp_strengthening\end_to_end_low_level\heldout\rtdetr_l\1da4a0aa-22ae-3958-856d-05303de1f576.targets.parquet,230174
results\sivp_strengthening\end_to_end_low_level\heldout\rtdetr_l\20dd185d-b4eb-3024-a17a-b4e5d8b15b65.predictions.parquet,6203625
results\sivp_strengthening\end_to_end_low_level\heldout\rtdetr_l\20dd185d-b4eb-3024-a17a-b4e5d8b15b65.targets.parquet,344425
results\sivp_strengthening\end_to_end_low_level\heldout\rtdetr_l\24642607-2a51-384a-90a7-228067956d05.predictions.parquet,4375212
results\sivp_strengthening\end_to_end_low_level\heldout\rtdetr_l\24642607-2a51-384a-90a7-228067956d05.targets.parquet,170329
results\sivp_strengthening\end_to_end_low_level\heldout\rtdetr_l\27c03d98-6ac3-38a3-ba5e-102b184d01ef.predictions.parquet,4156232
results\sivp_strengthening\end_to_end_low_level\heldout\rtdetr_l\27c03d98-6ac3-38a3-ba5e-102b184d01ef.targets.parquet,157031
results\sivp_strengthening\end_to_end_low_level\heldout\rtdetr_l\29a00842-ead2-3050-b587-c5ef507e4125.predictions.parquet,6451672
results\sivp_strengthening\end_to_end_low_level\heldout\rtdetr_l\29a00842-ead2-3050-b587-c5ef507e4125.targets.parquet,598848
results\sivp_strengthening\end_to_end_low_level\heldout\rtdetr_l\2c652f9e-8db8-3572-aa49-fae1344a875b.predictions.parquet,4856020
results\sivp_strengthening\end_to_end_low_level\heldout\rtdetr_l\2c652f9e-8db8-3572-aa49-fae1344a875b.targets.parquet,234161
results\sivp_strengthening\end_to_end_low_level\heldout\rtdetr_l\36aec72e-5086-376c-b109-295b128e77e1.predictions.parquet,6590693
results\sivp_strengthening\end_to_end_low_level\heldout\rtdetr_l\36aec72e-5086-376c-b109-295b128e77e1.targets.parquet,172183
results\sivp_strengthening\end_to_end_low_level\heldout\rtdetr_l\3de5b5d6-68c4-3c95-84ed-be7c83d829f8.predictions.parquet,4092097
results\sivp_strengthening\end_to_end_low_level\heldout\rtdetr_l\3de5b5d6-68c4-3c95-84ed-be7c83d829f8.targets.parquet,174496
results\sivp_strengthening\end_to_end_low_level\heldout\rtdetr_l\44adf4c4-6064-362f-94d3-323ed42cfda9.predictions.parquet,4576583
results\sivp_strengthening\end_to_end_low_level\heldout\rtdetr_l\44adf4c4-6064-362f-94d3-323ed42cfda9.targets.parquet,174427
results\sivp_strengthening\end_to_end_low_level\heldout\rtdetr_l\47286726-5dd4-4e26-bd2d-5324f429e445.predictions.parquet,5577084
results\sivp_strengthening\end_to_end_low_level\heldout\rtdetr_l\47286726-5dd4-4e26-bd2d-5324f429e445.targets.parquet,546395
results\sivp_strengthening\end_to_end_low_level\heldout\rtdetr_l\4e3fedbb-847c-3d5b-8a62-c9ff84550985.predictions.parquet,3663256
results\sivp_strengthening\end_to_end_low_level\heldout\rtdetr_l\4e3fedbb-847c-3d5b-8a62-c9ff84550985.targets.parquet,236100
results\sivp_strengthening\end_to_end_low_level\heldout\rtdetr_l\52071780-5758-3ed4-8835-0d64ecdc5575.predictions.parquet,6747925
results\sivp_strengthening\end_to_end_low_level\heldout\rtdetr_l\52071780-5758-3ed4-8835-0d64ecdc5575.targets.parquet,248597
results\sivp_strengthening\end_to_end_low_level\heldout\rtdetr_l\58e82365-03bc-3b2f-b55a-a4ad0e3e792d.predictions.parquet,3883044
results\sivp_strengthening\end_to_end_low_level\heldout\rtdetr_l\58e82365-03bc-3b2f-b55a-a4ad0e3e792d.targets.parquet,168299
results\sivp_strengthening\end_to_end_low_level\heldout\rtdetr_l\58fed0d4-97d5-469b-89a4-4394838e10c7.predictions.parquet,4352446
results\sivp_strengthening\end_to_end_low_level\heldout\rtdetr_l\58fed0d4-97d5-469b-89a4-4394838e10c7.targets.parquet,164459
results\sivp_strengthening\end_to_end_low_level\heldout\rtdetr_l\6c932547-4c11-31d7-b8ef-0c16a13dbfc3.predictions.parquet,7416072
results\sivp_strengthening\end_to_end_low_level\heldout\rtdetr_l\6c932547-4c11-31d7-b8ef-0c16a13dbfc3.targets.parquet,338218
results\sivp_strengthening\end_to_end_low_level\heldout\rtdetr_l\7039e410-b5ab-35aa-96bc-2c4b89d3c5e3.predictions.parquet,7173502
results\sivp_strengthening\end_to_end_low_level\heldout\rtdetr_l\7039e410-b5ab-35aa-96bc-2c4b89d3c5e3.targets.parquet,352480
results\sivp_strengthening\end_to_end_low_level\heldout\rtdetr_l\78683234-e6f1-3e4e-af52-6f839254e4c0.predictions.parquet,3271634
results\sivp_strengthening\end_to_end_low_level\heldout\rtdetr_l\78683234-e6f1-3e4e-af52-6f839254e4c0.targets.parquet,161183
results\sivp_strengthening\end_to_end_low_level\heldout\rtdetr_l\78da7b7e-8ddf-3c7d-8716-eaa890106dd3.predictions.parquet,6272301
results\sivp_strengthening\end_to_end_low_level\heldout\rtdetr_l\78da7b7e-8ddf-3c7d-8716-eaa890106dd3.targets.parquet,227500
results\sivp_strengthening\end_to_end_low_level\heldout\rtdetr_l\7a2c222d-addc-30b2-aac6-596cb65a22e3.predictions.parquet,1689825
results\sivp_strengthening\end_to_end_low_level\heldout\rtdetr_l\7a2c222d-addc-30b2-aac6-596cb65a22e3.targets.parquet,92443
results\sivp_strengthening\end_to_end_low_level\heldout\rtdetr_l\858d739b-a0ba-35aa-bafc-4f7988bcad17.predictions.parquet,4447972
results\sivp_strengthening\end_to_end_low_level\heldout\rtdetr_l\858d739b-a0ba-35aa-bafc-4f7988bcad17.targets.parquet,180453
results\sivp_strengthening\end_to_end_low_level\heldout\rtdetr_l\95bf6003-7068-3a78-a0c0-9e470a06e60f.predictions.parquet,3934236
results\sivp_strengthening\end_to_end_low_level\heldout\rtdetr_l\95bf6003-7068-3a78-a0c0-9e470a06e60f.targets.parquet,257530
results\sivp_strengthening\end_to_end_low_level\heldout\rtdetr_l\a7636fca-4d9e-3052-bef2-af0ce5d1df74.predictions.parquet,4828455
results\sivp_strengthening\end_to_end_low_level\heldout\rtdetr_l\a7636fca-4d9e-3052-bef2-af0ce5d1df74.targets.parquet,170232
results\sivp_strengthening\end_to_end_low_level\heldout\rtdetr_l\a91d4c7b-bf55-3a0e-9eba-1a43577bcca8.predictions.parquet,5120477
results\sivp_strengthening\end_to_end_low_level\heldout\rtdetr_l\a91d4c7b-bf55-3a0e-9eba-1a43577bcca8.targets.parquet,243321
results\sivp_strengthening\end_to_end_low_level\heldout\rtdetr_l\b19f3c1a-a84a-3a2d-8d1b-8a4ae201020b.predictions.parquet,4541189
results\sivp_strengthening\end_to_end_low_level\heldout\rtdetr_l\b19f3c1a-a84a-3a2d-8d1b-8a4ae201020b.targets.parquet,259280
results\sivp_strengthening\end_to_end_low_level\heldout\rtdetr_l\b2053fdc-0b94-30bc-aee7-5bc6fb7e9f52.predictions.parquet,4713036
results\sivp_strengthening\end_to_end_low_level\heldout\rtdetr_l\b2053fdc-0b94-30bc-aee7-5bc6fb7e9f52.targets.parquet,201654
results\sivp_strengthening\end_to_end_low_level\heldout\rtdetr_l\b50c4763-5d1e-37f4-a009-2244aeebabcd.predictions.parquet,4014590
results\sivp_strengthening\end_to_end_low_level\heldout\rtdetr_l\b50c4763-5d1e-37f4-a009-2244aeebabcd.targets.parquet,174747
results\sivp_strengthening\end_to_end_low_level\heldout\rtdetr_l\b87683ae-14c5-321f-8af3-623e7bafc3a7.predictions.parquet,4897316
results\sivp_strengthening\end_to_end_low_level\heldout\rtdetr_l\b87683ae-14c5-321f-8af3-623e7bafc3a7.targets.parquet,144607
results\sivp_strengthening\end_to_end_low_level\heldout\rtdetr_l\c8ec7be0-92aa-3222-946e-fbcf398c841e.predictions.parquet,4885995
results\sivp_strengthening\end_to_end_low_level\heldout\rtdetr_l\c8ec7be0-92aa-3222-946e-fbcf398c841e.targets.parquet,164698
results\sivp_strengthening\end_to_end_low_level\heldout\rtdetr_l\cae56e40-8470-3c9c-af75-6e444189488f.predictions.parquet,6980251
results\sivp_strengthening\end_to_end_low_level\heldout\rtdetr_l\cae56e40-8470-3c9c-af75-6e444189488f.targets.parquet,409275
results\sivp_strengthening\end_to_end_low_level\heldout\rtdetr_l\d1395998-7e8a-417d-91e9-5ca6ec045ee1.predictions.parquet,2836551
results\sivp_strengthening\end_to_end_low_level\heldout\rtdetr_l\d1395998-7e8a-417d-91e9-5ca6ec045ee1.targets.parquet,158284
results\sivp_strengthening\end_to_end_low_level\heldout\rtdetr_l\d3ca0450-2167-38fb-b34b-449741cb38f3.predictions.parquet,3288463
results\sivp_strengthening\end_to_end_low_level\heldout\rtdetr_l\d3ca0450-2167-38fb-b34b-449741cb38f3.targets.parquet,105118
results\sivp_strengthening\end_to_end_low_level\heldout\rtdetr_l\d5d6f11c-3026-3e0e-9d67-c111233e22de.predictions.parquet,5167478
results\sivp_strengthening\end_to_end_low_level\heldout\rtdetr_l\d5d6f11c-3026-3e0e-9d67-c111233e22de.targets.parquet,286413
results\sivp_strengthening\end_to_end_low_level\heldout\rtdetr_l\da036982-92bf-36a8-b880-4ccf4e20b74e.predictions.parquet,4880445
results\sivp_strengthening\end_to_end_low_level\heldout\rtdetr_l\da036982-92bf-36a8-b880-4ccf4e20b74e.targets.parquet,171958
results\sivp_strengthening\end_to_end_low_level\heldout\rtdetr_l\dafe14f5-825c-4e7a-9009-6dfdfdd5b030.predictions.parquet,5748926
results\sivp_strengthening\end_to_end_low_level\heldout\rtdetr_l\dafe14f5-825c-4e7a-9009-6dfdfdd5b030.targets.parquet,213039
results\sivp_strengthening\end_to_end_low_level\heldout\rtdetr_l\e1d68dde-22a9-3918-a526-0850b21ff2eb.predictions.parquet,3035160
results\sivp_strengthening\end_to_end_low_level\heldout\rtdetr_l\e1d68dde-22a9-3918-a526-0850b21ff2eb.targets.parquet,238805
results\sivp_strengthening\end_to_end_low_level\heldout\rtdetr_l\e2e921fe-e489-3656-a0a2-5e17bd399ddf.predictions.parquet,3486037
results\sivp_strengthening\end_to_end_low_level\heldout\rtdetr_l\e2e921fe-e489-3656-a0a2-5e17bd399ddf.targets.parquet,165317
results\sivp_strengthening\end_to_end_low_level\heldout\rtdetr_l\e50e7698-de3d-355f-aca2-eddd09c09533.predictions.parquet,6602467
results\sivp_strengthening\end_to_end_low_level\heldout\rtdetr_l\e50e7698-de3d-355f-aca2-eddd09c09533.targets.parquet,265393
results\sivp_strengthening\end_to_end_low_level\heldout\rtdetr_l\e72ef05c-8b94-3885-a34f-fff3b2b954b4.predictions.parquet,8070836
results\sivp_strengthening\end_to_end_low_level\heldout\rtdetr_l\e72ef05c-8b94-3885-a34f-fff3b2b954b4.targets.parquet,180962
results\sivp_strengthening\end_to_end_low_level\heldout\rtdetr_l\e8c9fd64-fdd2-422d-a2a2-6f47500d1d12.predictions.parquet,4558859
results\sivp_strengthening\end_to_end_low_level\heldout\rtdetr_l\e8c9fd64-fdd2-422d-a2a2-6f47500d1d12.targets.parquet,442428
results\sivp_strengthening\end_to_end_low_level\heldout\rtdetr_l\eec284b2-840a-3c75-aa42-04d2e309bbe1.predictions.parquet,2848274
results\sivp_strengthening\end_to_end_low_level\heldout\rtdetr_l\eec284b2-840a-3c75-aa42-04d2e309bbe1.targets.parquet,122620
results\sivp_strengthening\end_to_end_low_level\heldout\rtdetr_l\f1275002-842e-3571-8f7d-05816bc7cf56.predictions.parquet,5225837
results\sivp_strengthening\end_to_end_low_level\heldout\rtdetr_l\f1275002-842e-3571-8f7d-05816bc7cf56.targets.parquet,448987
results\sivp_strengthening\end_to_end_low_level\heldout\rtdetr_l\f2576c8a-da9b-450e-88cf-a70af1b0eadf.predictions.parquet,2791123
results\sivp_strengthening\end_to_end_low_level\heldout\rtdetr_l\f2576c8a-da9b-450e-88cf-a70af1b0eadf.targets.parquet,734188
results\sivp_strengthening\end_to_end_low_level\heldout\rtdetr_l\f292cc5c-7a90-360d-b62a-074c643bdf59.predictions.parquet,5342796
results\sivp_strengthening\end_to_end_low_level\heldout\rtdetr_l\f292cc5c-7a90-360d-b62a-074c643bdf59.targets.parquet,278992
results\sivp_strengthening\end_to_end_low_level\heldout\rtdetr_l\f6cc0ebf-fc6a-3bf2-8bcb-76d8c43f194e.predictions.parquet,7255342
results\sivp_strengthening\end_to_end_low_level\heldout\rtdetr_l\f6cc0ebf-fc6a-3bf2-8bcb-76d8c43f194e.targets.parquet,333599
results\sivp_strengthening\end_to_end_low_level\heldout\yolo11n\0b86f508-5df9-4a46-bc59-5b9536dbde9f.predictions.parquet,2220083
results\sivp_strengthening\end_to_end_low_level\heldout\yolo11n\0b86f508-5df9-4a46-bc59-5b9536dbde9f.targets.parquet,376484
results\sivp_strengthening\end_to_end_low_level\heldout\yolo11n\0c3bad78-9f1e-395d-a376-2eb7499229fd.predictions.parquet,1434554
results\sivp_strengthening\end_to_end_low_level\heldout\yolo11n\0c3bad78-9f1e-395d-a376-2eb7499229fd.targets.parquet,173992
results\sivp_strengthening\end_to_end_low_level\heldout\yolo11n\0fb7276f-ecb5-3e5b-87a8-cc74c709c715.predictions.parquet,1735904
results\sivp_strengthening\end_to_end_low_level\heldout\yolo11n\0fb7276f-ecb5-3e5b-87a8-cc74c709c715.targets.parquet,222399
results\sivp_strengthening\end_to_end_low_level\heldout\yolo11n\15ec0778-826e-3ed7-9775-54fbf66997f4.predictions.parquet,833980
results\sivp_strengthening\end_to_end_low_level\heldout\yolo11n\15ec0778-826e-3ed7-9775-54fbf66997f4.targets.parquet,134696
results\sivp_strengthening\end_to_end_low_level\heldout\yolo11n\182ba3f7-b89a-36cc-ae40-32a341b0d3e9.predictions.parquet,1102712
results\sivp_strengthening\end_to_end_low_level\heldout\yolo11n\182ba3f7-b89a-36cc-ae40-32a341b0d3e9.targets.parquet,168751
results\sivp_strengthening\end_to_end_low_level\heldout\yolo11n\19350c96-623d-4d77-af96-f8c23f00c358.predictions.parquet,1478135
results\sivp_strengthening\end_to_end_low_level\heldout\yolo11n\19350c96-623d-4d77-af96-f8c23f00c358.targets.parquet,227023
results\sivp_strengthening\end_to_end_low_level\heldout\yolo11n\1da4a0aa-22ae-3958-856d-05303de1f576.predictions.parquet,2310439
results\sivp_strengthening\end_to_end_low_level\heldout\yolo11n\1da4a0aa-22ae-3958-856d-05303de1f576.targets.parquet,230150
results\sivp_strengthening\end_to_end_low_level\heldout\yolo11n\20dd185d-b4eb-3024-a17a-b4e5d8b15b65.predictions.parquet,2013985
results\sivp_strengthening\end_to_end_low_level\heldout\yolo11n\20dd185d-b4eb-3024-a17a-b4e5d8b15b65.targets.parquet,395605
results\sivp_strengthening\end_to_end_low_level\heldout\yolo11n\24642607-2a51-384a-90a7-228067956d05.predictions.parquet,1676181
results\sivp_strengthening\end_to_end_low_level\heldout\yolo11n\24642607-2a51-384a-90a7-228067956d05.targets.parquet,170278
results\sivp_strengthening\end_to_end_low_level\heldout\yolo11n\27c03d98-6ac3-38a3-ba5e-102b184d01ef.predictions.parquet,1158581
results\sivp_strengthening\end_to_end_low_level\heldout\yolo11n\27c03d98-6ac3-38a3-ba5e-102b184d01ef.targets.parquet,156395
results\sivp_strengthening\end_to_end_low_level\heldout\yolo11n\29a00842-ead2-3050-b587-c5ef507e4125.predictions.parquet,2897611
results\sivp_strengthening\end_to_end_low_level\heldout\yolo11n\29a00842-ead2-3050-b587-c5ef507e4125.targets.parquet,598809
results\sivp_strengthening\end_to_end_low_level\heldout\yolo11n\2c652f9e-8db8-3572-aa49-fae1344a875b.predictions.parquet,1523932
results\sivp_strengthening\end_to_end_low_level\heldout\yolo11n\2c652f9e-8db8-3572-aa49-fae1344a875b.targets.parquet,234129
results\sivp_strengthening\end_to_end_low_level\heldout\yolo11n\36aec72e-5086-376c-b109-295b128e77e1.predictions.parquet,2781544
results\sivp_strengthening\end_to_end_low_level\heldout\yolo11n\36aec72e-5086-376c-b109-295b128e77e1.targets.parquet,172145
results\sivp_strengthening\end_to_end_low_level\heldout\yolo11n\3de5b5d6-68c4-3c95-84ed-be7c83d829f8.predictions.parquet,2305423
results\sivp_strengthening\end_to_end_low_level\heldout\yolo11n\3de5b5d6-68c4-3c95-84ed-be7c83d829f8.targets.parquet,174468
results\sivp_strengthening\end_to_end_low_level\heldout\yolo11n\44adf4c4-6064-362f-94d3-323ed42cfda9.predictions.parquet,1396536
results\sivp_strengthening\end_to_end_low_level\heldout\yolo11n\44adf4c4-6064-362f-94d3-323ed42cfda9.targets.parquet,174368
results\sivp_strengthening\end_to_end_low_level\heldout\yolo11n\47286726-5dd4-4e26-bd2d-5324f429e445.predictions.parquet,2830530
results\sivp_strengthening\end_to_end_low_level\heldout\yolo11n\47286726-5dd4-4e26-bd2d-5324f429e445.targets.parquet,546336
results\sivp_strengthening\end_to_end_low_level\heldout\yolo11n\4e3fedbb-847c-3d5b-8a62-c9ff84550985.predictions.parquet,1398184
results\sivp_strengthening\end_to_end_low_level\heldout\yolo11n\4e3fedbb-847c-3d5b-8a62-c9ff84550985.targets.parquet,236050
results\sivp_strengthening\end_to_end_low_level\heldout\yolo11n\52071780-5758-3ed4-8835-0d64ecdc5575.predictions.parquet,3173754
results\sivp_strengthening\end_to_end_low_level\heldout\yolo11n\52071780-5758-3ed4-8835-0d64ecdc5575.targets.parquet,248524
results\sivp_strengthening\end_to_end_low_level\heldout\yolo11n\58e82365-03bc-3b2f-b55a-a4ad0e3e792d.predictions.parquet,1471712
results\sivp_strengthening\end_to_end_low_level\heldout\yolo11n\58e82365-03bc-3b2f-b55a-a4ad0e3e792d.targets.parquet,168248
results\sivp_strengthening\end_to_end_low_level\heldout\yolo11n\58fed0d4-97d5-469b-89a4-4394838e10c7.predictions.parquet,1619336
results\sivp_strengthening\end_to_end_low_level\heldout\yolo11n\58fed0d4-97d5-469b-89a4-4394838e10c7.targets.parquet,164418
results\sivp_strengthening\end_to_end_low_level\heldout\yolo11n\6c932547-4c11-31d7-b8ef-0c16a13dbfc3.predictions.parquet,3480009
results\sivp_strengthening\end_to_end_low_level\heldout\yolo11n\6c932547-4c11-31d7-b8ef-0c16a13dbfc3.targets.parquet,338138
results\sivp_strengthening\end_to_end_low_level\heldout\yolo11n\7039e410-b5ab-35aa-96bc-2c4b89d3c5e3.predictions.parquet,1675829
results\sivp_strengthening\end_to_end_low_level\heldout\yolo11n\7039e410-b5ab-35aa-96bc-2c4b89d3c5e3.targets.parquet,352445
results\sivp_strengthening\end_to_end_low_level\heldout\yolo11n\78683234-e6f1-3e4e-af52-6f839254e4c0.predictions.parquet,1457773
results\sivp_strengthening\end_to_end_low_level\heldout\yolo11n\78683234-e6f1-3e4e-af52-6f839254e4c0.targets.parquet,161151
results\sivp_strengthening\end_to_end_low_level\heldout\yolo11n\78da7b7e-8ddf-3c7d-8716-eaa890106dd3.predictions.parquet,2057876
results\sivp_strengthening\end_to_end_low_level\heldout\yolo11n\78da7b7e-8ddf-3c7d-8716-eaa890106dd3.targets.parquet,227460
results\sivp_strengthening\end_to_end_low_level\heldout\yolo11n\7a2c222d-addc-30b2-aac6-596cb65a22e3.predictions.parquet,287634
results\sivp_strengthening\end_to_end_low_level\heldout\yolo11n\7a2c222d-addc-30b2-aac6-596cb65a22e3.targets.parquet,77457
results\sivp_strengthening\end_to_end_low_level\heldout\yolo11n\858d739b-a0ba-35aa-bafc-4f7988bcad17.predictions.parquet,1303074
results\sivp_strengthening\end_to_end_low_level\heldout\yolo11n\858d739b-a0ba-35aa-bafc-4f7988bcad17.targets.parquet,177712
results\sivp_strengthening\end_to_end_low_level\heldout\yolo11n\95bf6003-7068-3a78-a0c0-9e470a06e60f.predictions.parquet,2768521
results\sivp_strengthening\end_to_end_low_level\heldout\yolo11n\95bf6003-7068-3a78-a0c0-9e470a06e60f.targets.parquet,257493
results\sivp_strengthening\end_to_end_low_level\heldout\yolo11n\a7636fca-4d9e-3052-bef2-af0ce5d1df74.predictions.parquet,1683639
results\sivp_strengthening\end_to_end_low_level\heldout\yolo11n\a7636fca-4d9e-3052-bef2-af0ce5d1df74.targets.parquet,170158
results\sivp_strengthening\end_to_end_low_level\heldout\yolo11n\a91d4c7b-bf55-3a0e-9eba-1a43577bcca8.predictions.parquet,2272569
results\sivp_strengthening\end_to_end_low_level\heldout\yolo11n\a91d4c7b-bf55-3a0e-9eba-1a43577bcca8.targets.parquet,243263
results\sivp_strengthening\end_to_end_low_level\heldout\yolo11n\b19f3c1a-a84a-3a2d-8d1b-8a4ae201020b.predictions.parquet,2826996
results\sivp_strengthening\end_to_end_low_level\heldout\yolo11n\b19f3c1a-a84a-3a2d-8d1b-8a4ae201020b.targets.parquet,259231
results\sivp_strengthening\end_to_end_low_level\heldout\yolo11n\b2053fdc-0b94-30bc-aee7-5bc6fb7e9f52.predictions.parquet,2661785
results\sivp_strengthening\end_to_end_low_level\heldout\yolo11n\b2053fdc-0b94-30bc-aee7-5bc6fb7e9f52.targets.parquet,201617
results\sivp_strengthening\end_to_end_low_level\heldout\yolo11n\b50c4763-5d1e-37f4-a009-2244aeebabcd.predictions.parquet,1134594
results\sivp_strengthening\end_to_end_low_level\heldout\yolo11n\b50c4763-5d1e-37f4-a009-2244aeebabcd.targets.parquet,174144
results\sivp_strengthening\end_to_end_low_level\heldout\yolo11n\b87683ae-14c5-321f-8af3-623e7bafc3a7.predictions.parquet,1422554
results\sivp_strengthening\end_to_end_low_level\heldout\yolo11n\b87683ae-14c5-321f-8af3-623e7bafc3a7.targets.parquet,144541
results\sivp_strengthening\end_to_end_low_level\heldout\yolo11n\c8ec7be0-92aa-3222-946e-fbcf398c841e.predictions.parquet,1652817
results\sivp_strengthening\end_to_end_low_level\heldout\yolo11n\c8ec7be0-92aa-3222-946e-fbcf398c841e.targets.parquet,164610
results\sivp_strengthening\end_to_end_low_level\heldout\yolo11n\cae56e40-8470-3c9c-af75-6e444189488f.predictions.parquet,2976673
results\sivp_strengthening\end_to_end_low_level\heldout\yolo11n\cae56e40-8470-3c9c-af75-6e444189488f.targets.parquet,409208
results\sivp_strengthening\end_to_end_low_level\heldout\yolo11n\d1395998-7e8a-417d-91e9-5ca6ec045ee1.predictions.parquet,1612353
results\sivp_strengthening\end_to_end_low_level\heldout\yolo11n\d1395998-7e8a-417d-91e9-5ca6ec045ee1.targets.parquet,158219
results\sivp_strengthening\end_to_end_low_level\heldout\yolo11n\d3ca0450-2167-38fb-b34b-449741cb38f3.predictions.parquet,1211970
results\sivp_strengthening\end_to_end_low_level\heldout\yolo11n\d3ca0450-2167-38fb-b34b-449741cb38f3.targets.parquet,105037
results\sivp_strengthening\end_to_end_low_level\heldout\yolo11n\d5d6f11c-3026-3e0e-9d67-c111233e22de.predictions.parquet,2335030
results\sivp_strengthening\end_to_end_low_level\heldout\yolo11n\d5d6f11c-3026-3e0e-9d67-c111233e22de.targets.parquet,286372
results\sivp_strengthening\end_to_end_low_level\heldout\yolo11n\da036982-92bf-36a8-b880-4ccf4e20b74e.predictions.parquet,1432661
results\sivp_strengthening\end_to_end_low_level\heldout\yolo11n\da036982-92bf-36a8-b880-4ccf4e20b74e.targets.parquet,171897
results\sivp_strengthening\end_to_end_low_level\heldout\yolo11n\dafe14f5-825c-4e7a-9009-6dfdfdd5b030.predictions.parquet,1756160
results\sivp_strengthening\end_to_end_low_level\heldout\yolo11n\dafe14f5-825c-4e7a-9009-6dfdfdd5b030.targets.parquet,212970
results\sivp_strengthening\end_to_end_low_level\heldout\yolo11n\e1d68dde-22a9-3918-a526-0850b21ff2eb.predictions.parquet,973561
results\sivp_strengthening\end_to_end_low_level\heldout\yolo11n\e1d68dde-22a9-3918-a526-0850b21ff2eb.targets.parquet,223820
results\sivp_strengthening\end_to_end_low_level\heldout\yolo11n\e2e921fe-e489-3656-a0a2-5e17bd399ddf.predictions.parquet,1479301
results\sivp_strengthening\end_to_end_low_level\heldout\yolo11n\e2e921fe-e489-3656-a0a2-5e17bd399ddf.targets.parquet,165272
results\sivp_strengthening\end_to_end_low_level\heldout\yolo11n\e50e7698-de3d-355f-aca2-eddd09c09533.predictions.parquet,2789543
results\sivp_strengthening\end_to_end_low_level\heldout\yolo11n\e50e7698-de3d-355f-aca2-eddd09c09533.targets.parquet,265341
results\sivp_strengthening\end_to_end_low_level\heldout\yolo11n\e72ef05c-8b94-3885-a34f-fff3b2b954b4.predictions.parquet,2864882
results\sivp_strengthening\end_to_end_low_level\heldout\yolo11n\e72ef05c-8b94-3885-a34f-fff3b2b954b4.targets.parquet,180940
results\sivp_strengthening\end_to_end_low_level\heldout\yolo11n\e8c9fd64-fdd2-422d-a2a2-6f47500d1d12.predictions.parquet,1675974
results\sivp_strengthening\end_to_end_low_level\heldout\yolo11n\e8c9fd64-fdd2-422d-a2a2-6f47500d1d12.targets.parquet,442373
results\sivp_strengthening\end_to_end_low_level\heldout\yolo11n\eec284b2-840a-3c75-aa42-04d2e309bbe1.predictions.parquet,1163711
results\sivp_strengthening\end_to_end_low_level\heldout\yolo11n\eec284b2-840a-3c75-aa42-04d2e309bbe1.targets.parquet,122568
results\sivp_strengthening\end_to_end_low_level\heldout\yolo11n\f1275002-842e-3571-8f7d-05816bc7cf56.predictions.parquet,2312299
results\sivp_strengthening\end_to_end_low_level\heldout\yolo11n\f1275002-842e-3571-8f7d-05816bc7cf56.targets.parquet,448923
results\sivp_strengthening\end_to_end_low_level\heldout\yolo11n\f2576c8a-da9b-450e-88cf-a70af1b0eadf.predictions.parquet,928256
results\sivp_strengthening\end_to_end_low_level\heldout\yolo11n\f2576c8a-da9b-450e-88cf-a70af1b0eadf.targets.parquet,744111
results\sivp_strengthening\end_to_end_low_level\heldout\yolo11n\f292cc5c-7a90-360d-b62a-074c643bdf59.predictions.parquet,2256731
results\sivp_strengthening\end_to_end_low_level\heldout\yolo11n\f292cc5c-7a90-360d-b62a-074c643bdf59.targets.parquet,278921
results\sivp_strengthening\end_to_end_low_level\heldout\yolo11n\f6cc0ebf-fc6a-3bf2-8bcb-76d8c43f194e.predictions.parquet,2747793
results\sivp_strengthening\end_to_end_low_level\heldout\yolo11n\f6cc0ebf-fc6a-3bf2-8bcb-76d8c43f194e.targets.parquet,333543
results\sivp_strengthening\end_to_end_low_level\heldout\yolo11s\0b86f508-5df9-4a46-bc59-5b9536dbde9f.predictions.parquet,2714899
results\sivp_strengthening\end_to_end_low_level\heldout\yolo11s\0b86f508-5df9-4a46-bc59-5b9536dbde9f.targets.parquet,376484
results\sivp_strengthening\end_to_end_low_level\heldout\yolo11s\0c3bad78-9f1e-395d-a376-2eb7499229fd.predictions.parquet,1667854
results\sivp_strengthening\end_to_end_low_level\heldout\yolo11s\0c3bad78-9f1e-395d-a376-2eb7499229fd.targets.parquet,173992
results\sivp_strengthening\end_to_end_low_level\heldout\yolo11s\0fb7276f-ecb5-3e5b-87a8-cc74c709c715.predictions.parquet,2436591
results\sivp_strengthening\end_to_end_low_level\heldout\yolo11s\0fb7276f-ecb5-3e5b-87a8-cc74c709c715.targets.parquet,222399
results\sivp_strengthening\end_to_end_low_level\heldout\yolo11s\15ec0778-826e-3ed7-9775-54fbf66997f4.predictions.parquet,1363088
results\sivp_strengthening\end_to_end_low_level\heldout\yolo11s\15ec0778-826e-3ed7-9775-54fbf66997f4.targets.parquet,134967
results\sivp_strengthening\end_to_end_low_level\heldout\yolo11s\182ba3f7-b89a-36cc-ae40-32a341b0d3e9.predictions.parquet,1348088
results\sivp_strengthening\end_to_end_low_level\heldout\yolo11s\182ba3f7-b89a-36cc-ae40-32a341b0d3e9.targets.parquet,168819
results\sivp_strengthening\end_to_end_low_level\heldout\yolo11s\19350c96-623d-4d77-af96-f8c23f00c358.predictions.parquet,1683552
results\sivp_strengthening\end_to_end_low_level\heldout\yolo11s\19350c96-623d-4d77-af96-f8c23f00c358.targets.parquet,227030
results\sivp_strengthening\end_to_end_low_level\heldout\yolo11s\1da4a0aa-22ae-3958-856d-05303de1f576.predictions.parquet,3108263
results\sivp_strengthening\end_to_end_low_level\heldout\yolo11s\1da4a0aa-22ae-3958-856d-05303de1f576.targets.parquet,230150
results\sivp_strengthening\end_to_end_low_level\heldout\yolo11s\20dd185d-b4eb-3024-a17a-b4e5d8b15b65.predictions.parquet,2767166
results\sivp_strengthening\end_to_end_low_level\heldout\yolo11s\20dd185d-b4eb-3024-a17a-b4e5d8b15b65.targets.parquet,344292
results\sivp_strengthening\end_to_end_low_level\heldout\yolo11s\24642607-2a51-384a-90a7-228067956d05.predictions.parquet,2094350
results\sivp_strengthening\end_to_end_low_level\heldout\yolo11s\24642607-2a51-384a-90a7-228067956d05.targets.parquet,170278
results\sivp_strengthening\end_to_end_low_level\heldout\yolo11s\27c03d98-6ac3-38a3-ba5e-102b184d01ef.predictions.parquet,1817437
results\sivp_strengthening\end_to_end_low_level\heldout\yolo11s\27c03d98-6ac3-38a3-ba5e-102b184d01ef.targets.parquet,156969
results\sivp_strengthening\end_to_end_low_level\heldout\yolo11s\29a00842-ead2-3050-b587-c5ef507e4125.predictions.parquet,3479833
results\sivp_strengthening\end_to_end_low_level\heldout\yolo11s\29a00842-ead2-3050-b587-c5ef507e4125.targets.parquet,598809
results\sivp_strengthening\end_to_end_low_level\heldout\yolo11s\2c652f9e-8db8-3572-aa49-fae1344a875b.predictions.parquet,2271409
results\sivp_strengthening\end_to_end_low_level\heldout\yolo11s\2c652f9e-8db8-3572-aa49-fae1344a875b.targets.parquet,234129
results\sivp_strengthening\end_to_end_low_level\heldout\yolo11s\36aec72e-5086-376c-b109-295b128e77e1.predictions.parquet,3201250
results\sivp_strengthening\end_to_end_low_level\heldout\yolo11s\36aec72e-5086-376c-b109-295b128e77e1.targets.parquet,172145
results\sivp_strengthening\end_to_end_low_level\heldout\yolo11s\3de5b5d6-68c4-3c95-84ed-be7c83d829f8.predictions.parquet,2550648
results\sivp_strengthening\end_to_end_low_level\heldout\yolo11s\3de5b5d6-68c4-3c95-84ed-be7c83d829f8.targets.parquet,174468
results\sivp_strengthening\end_to_end_low_level\heldout\yolo11s\44adf4c4-6064-362f-94d3-323ed42cfda9.predictions.parquet,2101203
results\sivp_strengthening\end_to_end_low_level\heldout\yolo11s\44adf4c4-6064-362f-94d3-323ed42cfda9.targets.parquet,174368
results\sivp_strengthening\end_to_end_low_level\heldout\yolo11s\47286726-5dd4-4e26-bd2d-5324f429e445.predictions.parquet,3434111
results\sivp_strengthening\end_to_end_low_level\heldout\yolo11s\47286726-5dd4-4e26-bd2d-5324f429e445.targets.parquet,546336
results\sivp_strengthening\end_to_end_low_level\heldout\yolo11s\4e3fedbb-847c-3d5b-8a62-c9ff84550985.predictions.parquet,1669810
results\sivp_strengthening\end_to_end_low_level\heldout\yolo11s\4e3fedbb-847c-3d5b-8a62-c9ff84550985.targets.parquet,236050
results\sivp_strengthening\end_to_end_low_level\heldout\yolo11s\52071780-5758-3ed4-8835-0d64ecdc5575.predictions.parquet,3989351
results\sivp_strengthening\end_to_end_low_level\heldout\yolo11s\52071780-5758-3ed4-8835-0d64ecdc5575.targets.parquet,248524
results\sivp_strengthening\end_to_end_low_level\heldout\yolo11s\58e82365-03bc-3b2f-b55a-a4ad0e3e792d.predictions.parquet,1919866
results\sivp_strengthening\end_to_end_low_level\heldout\yolo11s\58e82365-03bc-3b2f-b55a-a4ad0e3e792d.targets.parquet,168248
results\sivp_strengthening\end_to_end_low_level\heldout\yolo11s\58fed0d4-97d5-469b-89a4-4394838e10c7.predictions.parquet,2059589
results\sivp_strengthening\end_to_end_low_level\heldout\yolo11s\58fed0d4-97d5-469b-89a4-4394838e10c7.targets.parquet,164418
results\sivp_strengthening\end_to_end_low_level\heldout\yolo11s\6c932547-4c11-31d7-b8ef-0c16a13dbfc3.predictions.parquet,4078710
results\sivp_strengthening\end_to_end_low_level\heldout\yolo11s\6c932547-4c11-31d7-b8ef-0c16a13dbfc3.targets.parquet,338138
results\sivp_strengthening\end_to_end_low_level\heldout\yolo11s\7039e410-b5ab-35aa-96bc-2c4b89d3c5e3.predictions.parquet,2475670
results\sivp_strengthening\end_to_end_low_level\heldout\yolo11s\7039e410-b5ab-35aa-96bc-2c4b89d3c5e3.targets.parquet,352445
results\sivp_strengthening\end_to_end_low_level\heldout\yolo11s\78683234-e6f1-3e4e-af52-6f839254e4c0.predictions.parquet,1554235
results\sivp_strengthening\end_to_end_low_level\heldout\yolo11s\78683234-e6f1-3e4e-af52-6f839254e4c0.targets.parquet,161151
results\sivp_strengthening\end_to_end_low_level\heldout\yolo11s\78da7b7e-8ddf-3c7d-8716-eaa890106dd3.predictions.parquet,2827626
results\sivp_strengthening\end_to_end_low_level\heldout\yolo11s\78da7b7e-8ddf-3c7d-8716-eaa890106dd3.targets.parquet,227460
results\sivp_strengthening\end_to_end_low_level\heldout\yolo11s\7a2c222d-addc-30b2-aac6-596cb65a22e3.predictions.parquet,579524
results\sivp_strengthening\end_to_end_low_level\heldout\yolo11s\7a2c222d-addc-30b2-aac6-596cb65a22e3.targets.parquet,92226
results\sivp_strengthening\end_to_end_low_level\heldout\yolo11s\858d739b-a0ba-35aa-bafc-4f7988bcad17.predictions.parquet,2000528
results\sivp_strengthening\end_to_end_low_level\heldout\yolo11s\858d739b-a0ba-35aa-bafc-4f7988bcad17.targets.parquet,180394
results\sivp_strengthening\end_to_end_low_level\heldout\yolo11s\95bf6003-7068-3a78-a0c0-9e470a06e60f.predictions.parquet,2952225
results\sivp_strengthening\end_to_end_low_level\heldout\yolo11s\95bf6003-7068-3a78-a0c0-9e470a06e60f.targets.parquet,257493
results\sivp_strengthening\end_to_end_low_level\heldout\yolo11s\a7636fca-4d9e-3052-bef2-af0ce5d1df74.predictions.parquet,2243514
results\sivp_strengthening\end_to_end_low_level\heldout\yolo11s\a7636fca-4d9e-3052-bef2-af0ce5d1df74.targets.parquet,170158
results\sivp_strengthening\end_to_end_low_level\heldout\yolo11s\a91d4c7b-bf55-3a0e-9eba-1a43577bcca8.predictions.parquet,2697861
results\sivp_strengthening\end_to_end_low_level\heldout\yolo11s\a91d4c7b-bf55-3a0e-9eba-1a43577bcca8.targets.parquet,243263
results\sivp_strengthening\end_to_end_low_level\heldout\yolo11s\b19f3c1a-a84a-3a2d-8d1b-8a4ae201020b.predictions.parquet,3294966
results\sivp_strengthening\end_to_end_low_level\heldout\yolo11s\b19f3c1a-a84a-3a2d-8d1b-8a4ae201020b.targets.parquet,259231
results\sivp_strengthening\end_to_end_low_level\heldout\yolo11s\b2053fdc-0b94-30bc-aee7-5bc6fb7e9f52.predictions.parquet,3080571
results\sivp_strengthening\end_to_end_low_level\heldout\yolo11s\b2053fdc-0b94-30bc-aee7-5bc6fb7e9f52.targets.parquet,201617
results\sivp_strengthening\end_to_end_low_level\heldout\yolo11s\b50c4763-5d1e-37f4-a009-2244aeebabcd.predictions.parquet,1581165
results\sivp_strengthening\end_to_end_low_level\heldout\yolo11s\b50c4763-5d1e-37f4-a009-2244aeebabcd.targets.parquet,174681
results\sivp_strengthening\end_to_end_low_level\heldout\yolo11s\b87683ae-14c5-321f-8af3-623e7bafc3a7.predictions.parquet,1755730
results\sivp_strengthening\end_to_end_low_level\heldout\yolo11s\b87683ae-14c5-321f-8af3-623e7bafc3a7.targets.parquet,144541
results\sivp_strengthening\end_to_end_low_level\heldout\yolo11s\c8ec7be0-92aa-3222-946e-fbcf398c841e.predictions.parquet,2309360
results\sivp_strengthening\end_to_end_low_level\heldout\yolo11s\c8ec7be0-92aa-3222-946e-fbcf398c841e.targets.parquet,164658
results\sivp_strengthening\end_to_end_low_level\heldout\yolo11s\cae56e40-8470-3c9c-af75-6e444189488f.predictions.parquet,3517101
results\sivp_strengthening\end_to_end_low_level\heldout\yolo11s\cae56e40-8470-3c9c-af75-6e444189488f.targets.parquet,409208
results\sivp_strengthening\end_to_end_low_level\heldout\yolo11s\d1395998-7e8a-417d-91e9-5ca6ec045ee1.predictions.parquet,1846509
results\sivp_strengthening\end_to_end_low_level\heldout\yolo11s\d1395998-7e8a-417d-91e9-5ca6ec045ee1.targets.parquet,158219
results\sivp_strengthening\end_to_end_low_level\heldout\yolo11s\d3ca0450-2167-38fb-b34b-449741cb38f3.predictions.parquet,1674959
results\sivp_strengthening\end_to_end_low_level\heldout\yolo11s\d3ca0450-2167-38fb-b34b-449741cb38f3.targets.parquet,105037
results\sivp_strengthening\end_to_end_low_level\heldout\yolo11s\d5d6f11c-3026-3e0e-9d67-c111233e22de.predictions.parquet,2786114
results\sivp_strengthening\end_to_end_low_level\heldout\yolo11s\d5d6f11c-3026-3e0e-9d67-c111233e22de.targets.parquet,286372
results\sivp_strengthening\end_to_end_low_level\heldout\yolo11s\da036982-92bf-36a8-b880-4ccf4e20b74e.predictions.parquet,1960168
results\sivp_strengthening\end_to_end_low_level\heldout\yolo11s\da036982-92bf-36a8-b880-4ccf4e20b74e.targets.parquet,171897
results\sivp_strengthening\end_to_end_low_level\heldout\yolo11s\dafe14f5-825c-4e7a-9009-6dfdfdd5b030.predictions.parquet,2450268
results\sivp_strengthening\end_to_end_low_level\heldout\yolo11s\dafe14f5-825c-4e7a-9009-6dfdfdd5b030.targets.parquet,212970
results\sivp_strengthening\end_to_end_low_level\heldout\yolo11s\e1d68dde-22a9-3918-a526-0850b21ff2eb.predictions.parquet,1523896
results\sivp_strengthening\end_to_end_low_level\heldout\yolo11s\e1d68dde-22a9-3918-a526-0850b21ff2eb.targets.parquet,238764
results\sivp_strengthening\end_to_end_low_level\heldout\yolo11s\e2e921fe-e489-3656-a0a2-5e17bd399ddf.predictions.parquet,1773915
results\sivp_strengthening\end_to_end_low_level\heldout\yolo11s\e2e921fe-e489-3656-a0a2-5e17bd399ddf.targets.parquet,165272
results\sivp_strengthening\end_to_end_low_level\heldout\yolo11s\e50e7698-de3d-355f-aca2-eddd09c09533.predictions.parquet,3608363
results\sivp_strengthening\end_to_end_low_level\heldout\yolo11s\e50e7698-de3d-355f-aca2-eddd09c09533.targets.parquet,265341
results\sivp_strengthening\end_to_end_low_level\heldout\yolo11s\e72ef05c-8b94-3885-a34f-fff3b2b954b4.predictions.parquet,3782601
results\sivp_strengthening\end_to_end_low_level\heldout\yolo11s\e72ef05c-8b94-3885-a34f-fff3b2b954b4.targets.parquet,180940
results\sivp_strengthening\end_to_end_low_level\heldout\yolo11s\e8c9fd64-fdd2-422d-a2a2-6f47500d1d12.predictions.parquet,2247211
results\sivp_strengthening\end_to_end_low_level\heldout\yolo11s\e8c9fd64-fdd2-422d-a2a2-6f47500d1d12.targets.parquet,442373
results\sivp_strengthening\end_to_end_low_level\heldout\yolo11s\eec284b2-840a-3c75-aa42-04d2e309bbe1.predictions.parquet,1324263
results\sivp_strengthening\end_to_end_low_level\heldout\yolo11s\eec284b2-840a-3c75-aa42-04d2e309bbe1.targets.parquet,122568
results\sivp_strengthening\end_to_end_low_level\heldout\yolo11s\f1275002-842e-3571-8f7d-05816bc7cf56.predictions.parquet,2844541
results\sivp_strengthening\end_to_end_low_level\heldout\yolo11s\f1275002-842e-3571-8f7d-05816bc7cf56.targets.parquet,448923
results\sivp_strengthening\end_to_end_low_level\heldout\yolo11s\f2576c8a-da9b-450e-88cf-a70af1b0eadf.predictions.parquet,1189177
results\sivp_strengthening\end_to_end_low_level\heldout\yolo11s\f2576c8a-da9b-450e-88cf-a70af1b0eadf.targets.parquet,734125
results\sivp_strengthening\end_to_end_low_level\heldout\yolo11s\f292cc5c-7a90-360d-b62a-074c643bdf59.predictions.parquet,2657918
results\sivp_strengthening\end_to_end_low_level\heldout\yolo11s\f292cc5c-7a90-360d-b62a-074c643bdf59.targets.parquet,278921
results\sivp_strengthening\end_to_end_low_level\heldout\yolo11s\f6cc0ebf-fc6a-3bf2-8bcb-76d8c43f194e.predictions.parquet,3151762
results\sivp_strengthening\end_to_end_low_level\heldout\yolo11s\f6cc0ebf-fc6a-3bf2-8bcb-76d8c43f194e.targets.parquet,333543
results\sivp_strengthening\end_to_end_metric_shards\shard_0_of_4.csv,780848
results\sivp_strengthening\end_to_end_metric_shards\shard_0_of_4_rtdetr_l.csv,413368
results\sivp_strengthening\end_to_end_metric_shards\shard_1_of_4.csv,734878
results\sivp_strengthening\end_to_end_metric_shards\shard_1_of_4_rtdetr_l.csv,383990
results\sivp_strengthening\end_to_end_metric_shards\shard_2_of_4.csv,781787
results\sivp_strengthening\end_to_end_metric_shards\shard_2_of_4_rtdetr_l.csv,395002
results\sivp_strengthening\end_to_end_metric_shards\shard_3_of_4.csv,734365
results\sivp_strengthening\end_to_end_metric_shards\shard_3_of_4_rtdetr_l.csv,372550
results\sivp_strengthening\extension_detector_checkpoints\yolo11n\02a00399-3857-444e-8db3-a8f58489c394.json,432914
results\sivp_strengthening\extension_detector_checkpoints\yolo11n\05fa5048-f355-3274-b565-c0ddc547b315.json,789969
results\sivp_strengthening\extension_detector_checkpoints\yolo11n\0bae3b5e-417d-3b03-abaa-806b433233b8.json,816619
results\sivp_strengthening\extension_detector_checkpoints\yolo11n\11ba4e81-c26f-3cd1-827d-b6913bcef64e.json,1333148
results\sivp_strengthening\extension_detector_checkpoints\yolo11n\185d3943-dd15-397a-8b2e-69cd86628fb7.json,1362707
results\sivp_strengthening\extension_detector_checkpoints\yolo11n\19f53e16-9f99-3035-9672-7e860f3b0048.json,1060844
results\sivp_strengthening\extension_detector_checkpoints\yolo11n\214e388e-cbd7-3dde-a204-d2ec42298808.json,554392
results\sivp_strengthening\extension_detector_checkpoints\yolo11n\22052525-4f85-3fe8-9d7d-000a9fffce36.json,1131747
results\sivp_strengthening\extension_detector_checkpoints\yolo11n\280269f9-6111-311d-b351-ce9f63f88c81.json,863684
results\sivp_strengthening\extension_detector_checkpoints\yolo11n\42f92807-0c5e-3397-bd45-9d5303b4db2a.json,750861
results\sivp_strengthening\extension_detector_checkpoints\yolo11n\51bbdd4d-3065-34ae-b369-b6e0444f34db.json,1152276
results\sivp_strengthening\extension_detector_checkpoints\yolo11n\6803104a-bb06-402e-8471-e5af492db0a8.json,502337
results\sivp_strengthening\extension_detector_checkpoints\yolo11n\72cf3ca1-1a9e-3254-bca0-29c62521e454.json,480991
results\sivp_strengthening\extension_detector_checkpoints\yolo11n\7606de8d-486c-4916-9cbb-002ee966f834.json,725710
results\sivp_strengthening\extension_detector_checkpoints\yolo11n\78f7cb5c-9d51-34f0-b356-9b3d83263c75.json,639171
results\sivp_strengthening\extension_detector_checkpoints\yolo11n\7de2e535-81df-3d5f-a5ca-62e4b940eb54.json,546655
results\sivp_strengthening\extension_detector_checkpoints\yolo11n\7e4d67b3-c3cc-3288-afe5-043602ea3c70.json,671241
results\sivp_strengthening\extension_detector_checkpoints\yolo11n\7fab2350-7eaf-3b7e-a39d-6937a4c1bede.json,874719
results\sivp_strengthening\extension_detector_checkpoints\yolo11n\8749f79f-a30b-3c3f-8a44-dbfa682bbef1.json,883582
results\sivp_strengthening\extension_detector_checkpoints\yolo11n\88f47a10-87b4-3ea8-a0c7-a07d825b647d.json,1044933
results\sivp_strengthening\extension_detector_checkpoints\yolo11n\91aab547-1912-3b8e-8e7f-df3b202147bf.json,654524
results\sivp_strengthening\extension_detector_checkpoints\yolo11n\9bb1f857-8b61-369f-a537-484c1323ae32.json,1336799
results\sivp_strengthening\extension_detector_checkpoints\yolo11n\a060c4c1-b9fc-39c1-9d30-d93a124c9066.json,818817
results\sivp_strengthening\extension_detector_checkpoints\yolo11n\a1589ae2-2678-310e-91cc-c4b512cd7fa5.json,365092
results\sivp_strengthening\extension_detector_checkpoints\yolo11n\a33a44fb-6008-3dc2-b7c5-2d27b70741e8.json,920242
results\sivp_strengthening\extension_detector_checkpoints\yolo11n\b6500255-eba3-3f77-acfd-626c07aa8621.json,811000
results\sivp_strengthening\extension_detector_checkpoints\yolo11n\b6e967f6-92bc-3bf5-99c9-1b0c4649fd67.json,1057513
results\sivp_strengthening\extension_detector_checkpoints\yolo11n\b8489c02-60d0-3f44-a3b4-9de62830d666.json,1042889
results\sivp_strengthening\extension_detector_checkpoints\yolo11n\ba67827f-6b99-3d2a-96ab-7c829eb999bb.json,725646
results\sivp_strengthening\extension_detector_checkpoints\yolo11n\bf382949-3515-3c16-b505-319442937a43.json,592916
results\sivp_strengthening\extension_detector_checkpoints\yolo11n\c222c78d-b574-4b9d-82e1-96a4f3f8bb27.json,802146
results\sivp_strengthening\extension_detector_checkpoints\yolo11n\c865c156-0f26-411c-a16c-be985333f675.json,782087
results\sivp_strengthening\extension_detector_checkpoints\yolo11n\cf5aaa11-4f92-3377-a7a2-861f305023eb.json,766389
results\sivp_strengthening\extension_detector_checkpoints\yolo11n\d770f926-bca8-31de-9790-73fbb7b6a890.json,931718
results\sivp_strengthening\extension_detector_checkpoints\yolo11n\d89f80be-76d0-3853-8daa-76605cf4ce5e.json,1036559
results\sivp_strengthening\extension_detector_checkpoints\yolo11n\dc9077b9-2fe0-3d18-9b97-8067ff090874.json,287746
results\sivp_strengthening\extension_detector_checkpoints\yolo11n\de56b100-508b-3479-81fe-735349f8e8de.json,383079
results\sivp_strengthening\extension_detector_checkpoints\yolo11n\de9cf513-a0cd-3389-bc79-3f9f6f261317.json,708012
results\sivp_strengthening\extension_detector_checkpoints\yolo11n\ded5ef6e-46ea-3a66-9180-18a6fa0a2db4.json,374262
results\sivp_strengthening\extension_detector_checkpoints\yolo11n\dfc32963-1524-34f4-9f5e-0292f0f223ae.json,1186824
results\sivp_strengthening\extension_detector_checkpoints\yolo11n\e0ea281b-6956-3605-b720-71b54ec87d25.json,854497
results\sivp_strengthening\extension_detector_checkpoints\yolo11n\e13c06cb-cd01-380e-946f-6d92ac1af49d.json,1777965
results\sivp_strengthening\extension_detector_checkpoints\yolo11n\ecbe6def-7560-352c-8822-b2b92613e1e4.json,1427939
results\sivp_strengthening\extension_detector_checkpoints\yolo11n\fbee355f-8878-31fa-8ac8-b9a45a3f130a.json,748949
results\sivp_strengthening\extension_detector_checkpoints\yolo11n\ff0dbfc5-8a7b-3a6e-8936-e5e812e45408.json,448769
results\sivp_strengthening\extension_detector_checkpoints\yolo11s\02a00399-3857-444e-8db3-a8f58489c394.json,530526
results\sivp_strengthening\extension_detector_checkpoints\yolo11s\05fa5048-f355-3274-b565-c0ddc547b315.json,943793
results\sivp_strengthening\extension_detector_checkpoints\yolo11s\0bae3b5e-417d-3b03-abaa-806b433233b8.json,1085417
results\sivp_strengthening\extension_detector_checkpoints\yolo11s\11ba4e81-c26f-3cd1-827d-b6913bcef64e.json,1660282
results\sivp_strengthening\extension_detector_checkpoints\yolo11s\185d3943-dd15-397a-8b2e-69cd86628fb7.json,1588597
results\sivp_strengthening\extension_detector_checkpoints\yolo11s\19f53e16-9f99-3035-9672-7e860f3b0048.json,1332348
results\sivp_strengthening\extension_detector_checkpoints\yolo11s\214e388e-cbd7-3dde-a204-d2ec42298808.json,833475
results\sivp_strengthening\extension_detector_checkpoints\yolo11s\22052525-4f85-3fe8-9d7d-000a9fffce36.json,1365252
results\sivp_strengthening\extension_detector_checkpoints\yolo11s\280269f9-6111-311d-b351-ce9f63f88c81.json,1116024
results\sivp_strengthening\extension_detector_checkpoints\yolo11s\42f92807-0c5e-3397-bd45-9d5303b4db2a.json,875634
results\sivp_strengthening\extension_detector_checkpoints\yolo11s\51bbdd4d-3065-34ae-b369-b6e0444f34db.json,1526607
results\sivp_strengthening\extension_detector_checkpoints\yolo11s\6803104a-bb06-402e-8471-e5af492db0a8.json,561016
results\sivp_strengthening\extension_detector_checkpoints\yolo11s\72cf3ca1-1a9e-3254-bca0-29c62521e454.json,621383
results\sivp_strengthening\extension_detector_checkpoints\yolo11s\7606de8d-486c-4916-9cbb-002ee966f834.json,940694
results\sivp_strengthening\extension_detector_checkpoints\yolo11s\78f7cb5c-9d51-34f0-b356-9b3d83263c75.json,884256
results\sivp_strengthening\extension_detector_checkpoints\yolo11s\7de2e535-81df-3d5f-a5ca-62e4b940eb54.json,666514
results\sivp_strengthening\extension_detector_checkpoints\yolo11s\7e4d67b3-c3cc-3288-afe5-043602ea3c70.json,845343
results\sivp_strengthening\extension_detector_checkpoints\yolo11s\7fab2350-7eaf-3b7e-a39d-6937a4c1bede.json,1116017
results\sivp_strengthening\extension_detector_checkpoints\yolo11s\8749f79f-a30b-3c3f-8a44-dbfa682bbef1.json,1247968
results\sivp_strengthening\extension_detector_checkpoints\yolo11s\88f47a10-87b4-3ea8-a0c7-a07d825b647d.json,1382758
results\sivp_strengthening\extension_detector_checkpoints\yolo11s\91aab547-1912-3b8e-8e7f-df3b202147bf.json,946160
results\sivp_strengthening\extension_detector_checkpoints\yolo11s\9bb1f857-8b61-369f-a537-484c1323ae32.json,1591772
results\sivp_strengthening\extension_detector_checkpoints\yolo11s\a060c4c1-b9fc-39c1-9d30-d93a124c9066.json,1040843
results\sivp_strengthening\extension_detector_checkpoints\yolo11s\a1589ae2-2678-310e-91cc-c4b512cd7fa5.json,463694
results\sivp_strengthening\extension_detector_checkpoints\yolo11s\a33a44fb-6008-3dc2-b7c5-2d27b70741e8.json,1122162
results\sivp_strengthening\extension_detector_checkpoints\yolo11s\b6500255-eba3-3f77-acfd-626c07aa8621.json,919582
results\sivp_strengthening\extension_detector_checkpoints\yolo11s\b6e967f6-92bc-3bf5-99c9-1b0c4649fd67.json,1389528
results\sivp_strengthening\extension_detector_checkpoints\yolo11s\b8489c02-60d0-3f44-a3b4-9de62830d666.json,1142974
results\sivp_strengthening\extension_detector_checkpoints\yolo11s\ba67827f-6b99-3d2a-96ab-7c829eb999bb.json,814173
results\sivp_strengthening\extension_detector_checkpoints\yolo11s\bf382949-3515-3c16-b505-319442937a43.json,765091
results\sivp_strengthening\extension_detector_checkpoints\yolo11s\c222c78d-b574-4b9d-82e1-96a4f3f8bb27.json,880929
results\sivp_strengthening\extension_detector_checkpoints\yolo11s\c865c156-0f26-411c-a16c-be985333f675.json,891560
results\sivp_strengthening\extension_detector_checkpoints\yolo11s\cf5aaa11-4f92-3377-a7a2-861f305023eb.json,913233
results\sivp_strengthening\extension_detector_checkpoints\yolo11s\d770f926-bca8-31de-9790-73fbb7b6a890.json,1166957
results\sivp_strengthening\extension_detector_checkpoints\yolo11s\d89f80be-76d0-3853-8daa-76605cf4ce5e.json,1417047
results\sivp_strengthening\extension_detector_checkpoints\yolo11s\dc9077b9-2fe0-3d18-9b97-8067ff090874.json,387939
results\sivp_strengthening\extension_detector_checkpoints\yolo11s\de56b100-508b-3479-81fe-735349f8e8de.json,593574
results\sivp_strengthening\extension_detector_checkpoints\yolo11s\de9cf513-a0cd-3389-bc79-3f9f6f261317.json,914912
results\sivp_strengthening\extension_detector_checkpoints\yolo11s\ded5ef6e-46ea-3a66-9180-18a6fa0a2db4.json,734562
results\sivp_strengthening\extension_detector_checkpoints\yolo11s\dfc32963-1524-34f4-9f5e-0292f0f223ae.json,1452885
results\sivp_strengthening\extension_detector_checkpoints\yolo11s\e0ea281b-6956-3605-b720-71b54ec87d25.json,1009536
results\sivp_strengthening\extension_detector_checkpoints\yolo11s\e13c06cb-cd01-380e-946f-6d92ac1af49d.json,2099810
results\sivp_strengthening\extension_detector_checkpoints\yolo11s\ecbe6def-7560-352c-8822-b2b92613e1e4.json,1711768
results\sivp_strengthening\extension_detector_checkpoints\yolo11s\fbee355f-8878-31fa-8ac8-b9a45a3f130a.json,980598
results\sivp_strengthening\extension_detector_checkpoints\yolo11s\ff0dbfc5-8a7b-3a6e-8936-e5e812e45408.json,544634
results\sivp_strengthening\extension_propagation\rtdetr_l\02a00399-3857-444e-8db3-a8f58489c394.parquet,2429098
results\sivp_strengthening\extension_propagation\rtdetr_l\05fa5048-f355-3274-b565-c0ddc547b315.parquet,3929730
results\sivp_strengthening\extension_propagation\rtdetr_l\0bae3b5e-417d-3b03-abaa-806b433233b8.parquet,3980812
results\sivp_strengthening\extension_propagation\rtdetr_l\11ba4e81-c26f-3cd1-827d-b6913bcef64e.parquet,8107988
results\sivp_strengthening\extension_propagation\rtdetr_l\185d3943-dd15-397a-8b2e-69cd86628fb7.parquet,11408207
results\sivp_strengthening\extension_propagation\rtdetr_l\19f53e16-9f99-3035-9672-7e860f3b0048.parquet,7225788
results\sivp_strengthening\extension_propagation\rtdetr_l\214e388e-cbd7-3dde-a204-d2ec42298808.parquet,5778426
results\sivp_strengthening\extension_propagation\rtdetr_l\22052525-4f85-3fe8-9d7d-000a9fffce36.parquet,4572342
results\sivp_strengthening\extension_propagation\rtdetr_l\280269f9-6111-311d-b351-ce9f63f88c81.parquet,6466132
results\sivp_strengthening\extension_propagation\rtdetr_l\42f92807-0c5e-3397-bd45-9d5303b4db2a.parquet,2667537
results\sivp_strengthening\extension_propagation\rtdetr_l\51bbdd4d-3065-34ae-b369-b6e0444f34db.parquet,9599699
results\sivp_strengthening\extension_propagation\rtdetr_l\6803104a-bb06-402e-8471-e5af492db0a8.parquet,3324457
results\sivp_strengthening\extension_propagation\rtdetr_l\72cf3ca1-1a9e-3254-bca0-29c62521e454.parquet,4360024
results\sivp_strengthening\extension_propagation\rtdetr_l\7606de8d-486c-4916-9cbb-002ee966f834.parquet,4747320
results\sivp_strengthening\extension_propagation\rtdetr_l\78f7cb5c-9d51-34f0-b356-9b3d83263c75.parquet,3925342
results\sivp_strengthening\extension_propagation\rtdetr_l\7de2e535-81df-3d5f-a5ca-62e4b940eb54.parquet,3960402
results\sivp_strengthening\extension_propagation\rtdetr_l\7e4d67b3-c3cc-3288-afe5-043602ea3c70.parquet,5464547
results\sivp_strengthening\extension_propagation\rtdetr_l\7fab2350-7eaf-3b7e-a39d-6937a4c1bede.parquet,5536508
results\sivp_strengthening\extension_propagation\rtdetr_l\8749f79f-a30b-3c3f-8a44-dbfa682bbef1.parquet,6899398
results\sivp_strengthening\extension_propagation\rtdetr_l\88f47a10-87b4-3ea8-a0c7-a07d825b647d.parquet,7429637
results\sivp_strengthening\extension_propagation\rtdetr_l\91aab547-1912-3b8e-8e7f-df3b202147bf.parquet,6545423
results\sivp_strengthening\extension_propagation\yolo11n\02a00399-3857-444e-8db3-a8f58489c394.parquet,1419088
results\sivp_strengthening\extension_propagation\yolo11n\05fa5048-f355-3274-b565-c0ddc547b315.parquet,2455086
results\sivp_strengthening\extension_propagation\yolo11n\0bae3b5e-417d-3b03-abaa-806b433233b8.parquet,1706811
results\sivp_strengthening\extension_propagation\yolo11n\11ba4e81-c26f-3cd1-827d-b6913bcef64e.parquet,5132006
results\sivp_strengthening\extension_propagation\yolo11n\185d3943-dd15-397a-8b2e-69cd86628fb7.parquet,4866394
results\sivp_strengthening\extension_propagation\yolo11n\19f53e16-9f99-3035-9672-7e860f3b0048.parquet,3864677
results\sivp_strengthening\extension_propagation\yolo11n\214e388e-cbd7-3dde-a204-d2ec42298808.parquet,1692332
results\sivp_strengthening\extension_propagation\yolo11n\22052525-4f85-3fe8-9d7d-000a9fffce36.parquet,1972989
results\sivp_strengthening\extension_propagation\yolo11n\280269f9-6111-311d-b351-ce9f63f88c81.parquet,2853898
results\sivp_strengthening\extension_propagation\yolo11n\42f92807-0c5e-3397-bd45-9d5303b4db2a.parquet,1528037
results\sivp_strengthening\extension_propagation\yolo11s\02a00399-3857-444e-8db3-a8f58489c394.parquet,1416864
results\sivp_strengthening\extension_propagation\yolo11s\05fa5048-f355-3274-b565-c0ddc547b315.parquet,2783329
results\sivp_strengthening\extension_propagation\yolo11s\0bae3b5e-417d-3b03-abaa-806b433233b8.parquet,2398167
results\sivp_strengthening\extension_propagation\yolo11s\11ba4e81-c26f-3cd1-827d-b6913bcef64e.parquet,6058020
results\sivp_strengthening\extension_propagation\yolo11s\185d3943-dd15-397a-8b2e-69cd86628fb7.parquet,5701607
results\sivp_strengthening\extension_propagation\yolo11s\19f53e16-9f99-3035-9672-7e860f3b0048.parquet,4302289
results\sivp_strengthening\extension_propagation\yolo11s\214e388e-cbd7-3dde-a204-d2ec42298808.parquet,2397571
results\sivp_strengthening\extension_propagation\yolo11s\22052525-4f85-3fe8-9d7d-000a9fffce36.parquet,2353238
results\sivp_strengthening\extension_propagation\yolo11s\280269f9-6111-311d-b351-ce9f63f88c81.parquet,3419508
results\sivp_strengthening\extension_propagation\yolo11s\42f92807-0c5e-3397-bd45-9d5303b4db2a.parquet,1721945
results\sivp_strengthening\extension_propagation\yolo11s\51bbdd4d-3065-34ae-b369-b6e0444f34db.parquet,5470570
results\sivp_strengthening\extension_propagation\yolo11s\6803104a-bb06-402e-8471-e5af492db0a8.parquet,1724512
results\sivp_strengthening\extension_propagation\yolo11s\72cf3ca1-1a9e-3254-bca0-29c62521e454.parquet,1587003
results\sivp_strengthening\extension_propagation\yolo11s\7606de8d-486c-4916-9cbb-002ee966f834.parquet,3036451
results\sivp_strengthening\extension_propagation\yolo11s\78f7cb5c-9d51-34f0-b356-9b3d83263c75.parquet,2334281
results\sivp_strengthening\extension_propagation\yolo11s\7de2e535-81df-3d5f-a5ca-62e4b940eb54.parquet,2118866
results\sivp_strengthening\extension_propagation\yolo11s\7e4d67b3-c3cc-3288-afe5-043602ea3c70.parquet,2864486
results\sivp_strengthening\extension_propagation\yolo11s\7fab2350-7eaf-3b7e-a39d-6937a4c1bede.parquet,3090178
results\sivp_strengthening\extension_propagation\yolo11s\8749f79f-a30b-3c3f-8a44-dbfa682bbef1.parquet,3629447
results\sivp_strengthening\extension_propagation\yolo11s\88f47a10-87b4-3ea8-a0c7-a07d825b647d.parquet,4645339
results\sivp_strengthening\extension_propagation\yolo11s\91aab547-1912-3b8e-8e7f-df3b202147bf.parquet,2810556
results\sivp_strengthening\extension_propagation\yolo11s\9bb1f857-8b61-369f-a537-484c1323ae32.parquet,5230001
results\sivp_strengthening\extension_propagation\yolo11s\a060c4c1-b9fc-39c1-9d30-d93a124c9066.parquet,3336787
results\sivp_strengthening\extension_propagation\yolo11s\a1589ae2-2678-310e-91cc-c4b512cd7fa5.parquet,1633315
results\sivp_strengthening\extension_propagation\yolo11s\a33a44fb-6008-3dc2-b7c5-2d27b70741e8.parquet,2907676
results\sivp_strengthening\extension_propagation\yolo11s\b6500255-eba3-3f77-acfd-626c07aa8621.parquet,3095281
results\sivp_strengthening\extension_propagation\yolo11s\b6e967f6-92bc-3bf5-99c9-1b0c4649fd67.parquet,4299217
results\sivp_strengthening\extension_propagation\yolo11s\b8489c02-60d0-3f44-a3b4-9de62830d666.parquet,3987928
results\sivp_strengthening\extension_propagation\yolo11s\ba67827f-6b99-3d2a-96ab-7c829eb999bb.parquet,2686872
results\sivp_strengthening\extension_propagation\yolo11s\bf382949-3515-3c16-b505-319442937a43.parquet,2568877
results\sivp_strengthening\extension_propagation\yolo11s\c222c78d-b574-4b9d-82e1-96a4f3f8bb27.parquet,3016378
results\sivp_strengthening\extension_propagation\yolo11s\c865c156-0f26-411c-a16c-be985333f675.parquet,2982471
results\sivp_strengthening\extension_propagation\yolo11s\cf5aaa11-4f92-3377-a7a2-861f305023eb.parquet,2753460
results\sivp_strengthening\extension_propagation\yolo11s\d770f926-bca8-31de-9790-73fbb7b6a890.parquet,3857523
results\sivp_strengthening\extension_propagation\yolo11s\d89f80be-76d0-3853-8daa-76605cf4ce5e.parquet,4878633
results\sivp_strengthening\extension_propagation\yolo11s\dc9077b9-2fe0-3d18-9b97-8067ff090874.parquet,1067751
results\sivp_strengthening\extension_propagation\yolo11s\de56b100-508b-3479-81fe-735349f8e8de.parquet,1801186
results\sivp_strengthening\extension_propagation\yolo11s\de9cf513-a0cd-3389-bc79-3f9f6f261317.parquet,2921486
results\sivp_strengthening\extension_propagation\yolo11s\ded5ef6e-46ea-3a66-9180-18a6fa0a2db4.parquet,1799132
results\sivp_strengthening\extension_propagation\yolo11s\dfc32963-1524-34f4-9f5e-0292f0f223ae.parquet,4673661
results\sivp_strengthening\extension_propagation\yolo11s\e0ea281b-6956-3605-b720-71b54ec87d25.parquet,3229502
results\sivp_strengthening\extension_propagation\yolo11s\e13c06cb-cd01-380e-946f-6d92ac1af49d.parquet,7891348
results\sivp_strengthening\extension_propagation\yolo11s\ecbe6def-7560-352c-8822-b2b92613e1e4.parquet,5483066
results\sivp_strengthening\extension_propagation\yolo11s\fbee355f-8878-31fa-8ac8-b9a45a3f130a.parquet,3267818
results\sivp_strengthening\extension_propagation\yolo11s\ff0dbfc5-8a7b-3a6e-8936-e5e812e45408.parquet,1623225
results\sivp_strengthening\third_detector_checkpoints\extension\02a00399-3857-444e-8db3-a8f58489c394.json,976661
results\sivp_strengthening\third_detector_checkpoints\extension\05fa5048-f355-3274-b565-c0ddc547b315.json,1482998
results\sivp_strengthening\third_detector_checkpoints\extension\0bae3b5e-417d-3b03-abaa-806b433233b8.json,1986996
results\sivp_strengthening\third_detector_checkpoints\extension\11ba4e81-c26f-3cd1-827d-b6913bcef64e.json,2393185
results\sivp_strengthening\third_detector_checkpoints\extension\185d3943-dd15-397a-8b2e-69cd86628fb7.json,2860827
results\sivp_strengthening\third_detector_checkpoints\extension\19f53e16-9f99-3035-9672-7e860f3b0048.json,2686873
results\sivp_strengthening\third_detector_checkpoints\extension\214e388e-cbd7-3dde-a204-d2ec42298808.json,2156809
results\sivp_strengthening\third_detector_checkpoints\extension\22052525-4f85-3fe8-9d7d-000a9fffce36.json,2007666
results\sivp_strengthening\third_detector_checkpoints\extension\280269f9-6111-311d-b351-ce9f63f88c81.json,2177371
results\sivp_strengthening\third_detector_checkpoints\extension\42f92807-0c5e-3397-bd45-9d5303b4db2a.json,1367942
results\sivp_strengthening\third_detector_checkpoints\extension\51bbdd4d-3065-34ae-b369-b6e0444f34db.json,2698826
results\sivp_strengthening\third_detector_checkpoints\extension\6803104a-bb06-402e-8471-e5af492db0a8.json,1351194
results\sivp_strengthening\third_detector_checkpoints\extension\72cf3ca1-1a9e-3254-bca0-29c62521e454.json,1595197
results\sivp_strengthening\third_detector_checkpoints\extension\7606de8d-486c-4916-9cbb-002ee966f834.json,1575877
results\sivp_strengthening\third_detector_checkpoints\extension\78f7cb5c-9d51-34f0-b356-9b3d83263c75.json,2128399
results\sivp_strengthening\third_detector_checkpoints\extension\7de2e535-81df-3d5f-a5ca-62e4b940eb54.json,1299306
results\sivp_strengthening\third_detector_checkpoints\extension\7e4d67b3-c3cc-3288-afe5-043602ea3c70.json,2082620
results\sivp_strengthening\third_detector_checkpoints\extension\7fab2350-7eaf-3b7e-a39d-6937a4c1bede.json,2192784
results\sivp_strengthening\third_detector_checkpoints\extension\8749f79f-a30b-3c3f-8a44-dbfa682bbef1.json,2241248
results\sivp_strengthening\third_detector_checkpoints\extension\88f47a10-87b4-3ea8-a0c7-a07d825b647d.json,2331123
results\sivp_strengthening\third_detector_checkpoints\extension\91aab547-1912-3b8e-8e7f-df3b202147bf.json,2320583
results\sivp_strengthening\third_detector_checkpoints\heldout\0b86f508-5df9-4a46-bc59-5b9536dbde9f.json,2087795
results\sivp_strengthening\third_detector_checkpoints\heldout\0c3bad78-9f1e-395d-a376-2eb7499229fd.json,1741400
results\sivp_strengthening\third_detector_checkpoints\heldout\0fb7276f-ecb5-3e5b-87a8-cc74c709c715.json,1865879
results\sivp_strengthening\third_detector_checkpoints\heldout\15ec0778-826e-3ed7-9775-54fbf66997f4.json,1079655
results\sivp_strengthening\third_detector_checkpoints\heldout\182ba3f7-b89a-36cc-ae40-32a341b0d3e9.json,1096745
results\sivp_strengthening\third_detector_checkpoints\heldout\19350c96-623d-4d77-af96-f8c23f00c358.json,1127929
results\sivp_strengthening\third_detector_checkpoints\heldout\1da4a0aa-22ae-3958-856d-05303de1f576.json,2752186
results\sivp_strengthening\third_detector_checkpoints\heldout\20dd185d-b4eb-3024-a17a-b4e5d8b15b65.json,2629920
results\sivp_strengthening\third_detector_checkpoints\heldout\24642607-2a51-384a-90a7-228067956d05.json,1843079
results\sivp_strengthening\third_detector_checkpoints\heldout\27c03d98-6ac3-38a3-ba5e-102b184d01ef.json,1742548
results\sivp_strengthening\third_detector_checkpoints\heldout\29a00842-ead2-3050-b587-c5ef507e4125.json,2708747
results\sivp_strengthening\third_detector_checkpoints\heldout\2c652f9e-8db8-3572-aa49-fae1344a875b.json,2023976
results\sivp_strengthening\third_detector_checkpoints\heldout\36aec72e-5086-376c-b109-295b128e77e1.json,2753354
results\sivp_strengthening\third_detector_checkpoints\heldout\3de5b5d6-68c4-3c95-84ed-be7c83d829f8.json,1725729
results\sivp_strengthening\third_detector_checkpoints\heldout\44adf4c4-6064-362f-94d3-323ed42cfda9.json,1942157
results\sivp_strengthening\third_detector_checkpoints\heldout\47286726-5dd4-4e26-bd2d-5324f429e445.json,2247553
results\sivp_strengthening\third_detector_checkpoints\heldout\4e3fedbb-847c-3d5b-8a62-c9ff84550985.json,1506164
results\sivp_strengthening\third_detector_checkpoints\heldout\52071780-5758-3ed4-8835-0d64ecdc5575.json,2768041
results\sivp_strengthening\third_detector_checkpoints\heldout\58e82365-03bc-3b2f-b55a-a4ad0e3e792d.json,1582775
results\sivp_strengthening\third_detector_checkpoints\heldout\58fed0d4-97d5-469b-89a4-4394838e10c7.json,1791265
results\sivp_strengthening\third_detector_checkpoints\heldout\6c932547-4c11-31d7-b8ef-0c16a13dbfc3.json,3117105
results\sivp_strengthening\third_detector_checkpoints\heldout\7039e410-b5ab-35aa-96bc-2c4b89d3c5e3.json,3082453
results\sivp_strengthening\third_detector_checkpoints\heldout\78683234-e6f1-3e4e-af52-6f839254e4c0.json,1337892
results\sivp_strengthening\third_detector_checkpoints\heldout\78da7b7e-8ddf-3c7d-8716-eaa890106dd3.json,2636491
results\sivp_strengthening\third_detector_checkpoints\heldout\7a2c222d-addc-30b2-aac6-596cb65a22e3.json,750107
results\sivp_strengthening\third_detector_checkpoints\heldout\858d739b-a0ba-35aa-bafc-4f7988bcad17.json,1917605
results\sivp_strengthening\third_detector_checkpoints\heldout\95bf6003-7068-3a78-a0c0-9e470a06e60f.json,1632890
results\sivp_strengthening\third_detector_checkpoints\heldout\a7636fca-4d9e-3052-bef2-af0ce5d1df74.json,1999522
results\sivp_strengthening\third_detector_checkpoints\heldout\a91d4c7b-bf55-3a0e-9eba-1a43577bcca8.json,2160949
results\sivp_strengthening\third_detector_checkpoints\heldout\b19f3c1a-a84a-3a2d-8d1b-8a4ae201020b.json,1822455
results\sivp_strengthening\third_detector_checkpoints\heldout\b2053fdc-0b94-30bc-aee7-5bc6fb7e9f52.json,1971647
results\sivp_strengthening\third_detector_checkpoints\heldout\b50c4763-5d1e-37f4-a009-2244aeebabcd.json,1695390
results\sivp_strengthening\third_detector_checkpoints\heldout\b87683ae-14c5-321f-8af3-623e7bafc3a7.json,2009976
results\sivp_strengthening\third_detector_checkpoints\heldout\c8ec7be0-92aa-3222-946e-fbcf398c841e.json,2096569
results\sivp_strengthening\third_detector_checkpoints\heldout\cae56e40-8470-3c9c-af75-6e444189488f.json,2942150
results\sivp_strengthening\third_detector_checkpoints\heldout\d1395998-7e8a-417d-91e9-5ca6ec045ee1.json,1174116
results\sivp_strengthening\third_detector_checkpoints\heldout\d3ca0450-2167-38fb-b34b-449741cb38f3.json,1390593
results\sivp_strengthening\third_detector_checkpoints\heldout\d5d6f11c-3026-3e0e-9d67-c111233e22de.json,2198800
results\sivp_strengthening\third_detector_checkpoints\heldout\da036982-92bf-36a8-b880-4ccf4e20b74e.json,2083142
results\sivp_strengthening\third_detector_checkpoints\heldout\dafe14f5-825c-4e7a-9009-6dfdfdd5b030.json,2418637
results\sivp_strengthening\third_detector_checkpoints\heldout\e1d68dde-22a9-3918-a526-0850b21ff2eb.json,1286781
results\sivp_strengthening\third_detector_checkpoints\heldout\e2e921fe-e489-3656-a0a2-5e17bd399ddf.json,1433860
results\sivp_strengthening\third_detector_checkpoints\heldout\e50e7698-de3d-355f-aca2-eddd09c09533.json,2752144
results\sivp_strengthening\third_detector_checkpoints\heldout\e72ef05c-8b94-3885-a34f-fff3b2b954b4.json,3381526
results\sivp_strengthening\third_detector_checkpoints\heldout\e8c9fd64-fdd2-422d-a2a2-6f47500d1d12.json,1894653
results\sivp_strengthening\third_detector_checkpoints\heldout\eec284b2-840a-3c75-aa42-04d2e309bbe1.json,1218057
results\sivp_strengthening\third_detector_checkpoints\heldout\f1275002-842e-3571-8f7d-05816bc7cf56.json,2179684
results\sivp_strengthening\third_detector_checkpoints\heldout\f2576c8a-da9b-450e-88cf-a70af1b0eadf.json,1159555
results\sivp_strengthening\third_detector_checkpoints\heldout\f292cc5c-7a90-360d-b62a-074c643bdf59.json,2216882
results\sivp_strengthening\third_detector_checkpoints\heldout\f6cc0ebf-fc6a-3bf2-8bcb-76d8c43f194e.json,3038143
results\sivp_strengthening\third_detector_propagation\heldout\0b86f508-5df9-4a46-bc59-5b9536dbde9f.parquet,7231133
results\sivp_strengthening\third_detector_propagation\heldout\0c3bad78-9f1e-395d-a376-2eb7499229fd.parquet,4692738
results\sivp_strengthening\third_detector_propagation\heldout\0fb7276f-ecb5-3e5b-87a8-cc74c709c715.parquet,5351143
results\sivp_strengthening\third_detector_propagation\heldout\15ec0778-826e-3ed7-9775-54fbf66997f4.parquet,2808681
results\sivp_strengthening\third_detector_propagation\heldout\182ba3f7-b89a-36cc-ae40-32a341b0d3e9.parquet,3586058
results\sivp_strengthening\third_detector_propagation\heldout\19350c96-623d-4d77-af96-f8c23f00c358.parquet,4064899
results\sivp_strengthening\third_detector_propagation\heldout\1da4a0aa-22ae-3958-856d-05303de1f576.parquet,7898503
results\sivp_strengthening\third_detector_propagation\heldout\20dd185d-b4eb-3024-a17a-b4e5d8b15b65.parquet,7246190
results\sivp_strengthening\third_detector_propagation\heldout\24642607-2a51-384a-90a7-228067956d05.parquet,5009960
results\sivp_strengthening\third_detector_propagation\heldout\27c03d98-6ac3-38a3-ba5e-102b184d01ef.parquet,2968267
results\sivp_strengthening\third_detector_propagation\heldout\29a00842-ead2-3050-b587-c5ef507e4125.parquet,10420289
results\sivp_strengthening\third_detector_propagation\heldout\2c652f9e-8db8-3572-aa49-fae1344a875b.parquet,5853272
results\sivp_strengthening\third_detector_propagation\heldout\36aec72e-5086-376c-b109-295b128e77e1.parquet,5095983
results\sivp_strengthening\third_detector_propagation\heldout\3de5b5d6-68c4-3c95-84ed-be7c83d829f8.parquet,4276357
results\sivp_strengthening\third_detector_propagation\heldout\44adf4c4-6064-362f-94d3-323ed42cfda9.parquet,5059672
results\sivp_strengthening\third_detector_propagation\heldout\47286726-5dd4-4e26-bd2d-5324f429e445.parquet,8901756
results\sivp_strengthening\third_detector_propagation\heldout\4e3fedbb-847c-3d5b-8a62-c9ff84550985.parquet,4822444
results\sivp_strengthening\third_detector_propagation\heldout\52071780-5758-3ed4-8835-0d64ecdc5575.parquet,7595858
results\sivp_strengthening\third_detector_propagation\heldout\58e82365-03bc-3b2f-b55a-a4ad0e3e792d.parquet,3915751
results\sivp_strengthening\third_detector_propagation\heldout\58fed0d4-97d5-469b-89a4-4394838e10c7.parquet,2726396
results\sivp_strengthening\third_detector_propagation\heldout\6c932547-4c11-31d7-b8ef-0c16a13dbfc3.parquet,8610765
results\sivp_strengthening\third_detector_propagation\heldout\7039e410-b5ab-35aa-96bc-2c4b89d3c5e3.parquet,7004060
results\sivp_strengthening\third_detector_propagation\heldout\78683234-e6f1-3e4e-af52-6f839254e4c0.parquet,3236471
results\sivp_strengthening\third_detector_propagation\heldout\78da7b7e-8ddf-3c7d-8716-eaa890106dd3.parquet,6028979
results\sivp_strengthening\third_detector_propagation\heldout\7a2c222d-addc-30b2-aac6-596cb65a22e3.parquet,1443450
results\sivp_strengthening\third_detector_propagation\heldout\858d739b-a0ba-35aa-bafc-4f7988bcad17.parquet,4850581
results\sivp_strengthening\third_detector_propagation\heldout\95bf6003-7068-3a78-a0c0-9e470a06e60f.parquet,5746952
results\sivp_strengthening\third_detector_propagation\heldout\a7636fca-4d9e-3052-bef2-af0ce5d1df74.parquet,5100704
results\sivp_strengthening\third_detector_propagation\heldout\a91d4c7b-bf55-3a0e-9eba-1a43577bcca8.parquet,6462400
results\sivp_strengthening\third_detector_propagation\heldout\b19f3c1a-a84a-3a2d-8d1b-8a4ae201020b.parquet,6440227
results\sivp_strengthening\third_detector_propagation\heldout\b2053fdc-0b94-30bc-aee7-5bc6fb7e9f52.parquet,6661491
results\sivp_strengthening\third_detector_propagation\heldout\b50c4763-5d1e-37f4-a009-2244aeebabcd.parquet,3158617
results\sivp_strengthening\third_detector_propagation\heldout\b87683ae-14c5-321f-8af3-623e7bafc3a7.parquet,3176674
results\sivp_strengthening\third_detector_propagation\heldout\c8ec7be0-92aa-3222-946e-fbcf398c841e.parquet,4447025
results\sivp_strengthening\third_detector_propagation\heldout\cae56e40-8470-3c9c-af75-6e444189488f.parquet,9183974
results\sivp_strengthening\third_detector_propagation\heldout\d1395998-7e8a-417d-91e9-5ca6ec045ee1.parquet,3664794
results\sivp_strengthening\third_detector_propagation\heldout\d3ca0450-2167-38fb-b34b-449741cb38f3.parquet,2105709
results\sivp_strengthening\third_detector_propagation\heldout\d5d6f11c-3026-3e0e-9d67-c111233e22de.parquet,7209700
results\sivp_strengthening\third_detector_propagation\heldout\da036982-92bf-36a8-b880-4ccf4e20b74e.parquet,4098308
results\sivp_strengthening\third_detector_propagation\heldout\dafe14f5-825c-4e7a-9009-6dfdfdd5b030.parquet,6297075
results\sivp_strengthening\third_detector_propagation\heldout\e1d68dde-22a9-3918-a526-0850b21ff2eb.parquet,2781535
results\sivp_strengthening\third_detector_propagation\heldout\e2e921fe-e489-3656-a0a2-5e17bd399ddf.parquet,4019518
results\sivp_strengthening\third_detector_propagation\heldout\e50e7698-de3d-355f-aca2-eddd09c09533.parquet,7329709
results\sivp_strengthening\third_detector_propagation\heldout\e72ef05c-8b94-3885-a34f-fff3b2b954b4.parquet,6002035
results\sivp_strengthening\third_detector_propagation\heldout\e8c9fd64-fdd2-422d-a2a2-6f47500d1d12.parquet,6973136
results\sivp_strengthening\third_detector_propagation\heldout\eec284b2-840a-3c75-aa42-04d2e309bbe1.parquet,2881672
results\sivp_strengthening\third_detector_propagation\heldout\f1275002-842e-3571-8f7d-05816bc7cf56.parquet,7825128
results\sivp_strengthening\third_detector_propagation\heldout\f2576c8a-da9b-450e-88cf-a70af1b0eadf.parquet,3963084
results\sivp_strengthening\third_detector_propagation\heldout\f292cc5c-7a90-360d-b62a-074c643bdf59.parquet,5781361
results\sivp_strengthening\third_detector_propagation\heldout\f6cc0ebf-fc6a-3bf2-8bcb-76d8c43f194e.parquet,9832295
results\sivp_strengthening\tracker_low_level\rtdetr_l\0b86f508-5df9-4a46-bc59-5b9536dbde9f.parquet,7842363
results\sivp_strengthening\tracker_low_level\rtdetr_l\0c3bad78-9f1e-395d-a376-2eb7499229fd.parquet,4970089
results\sivp_strengthening\tracker_low_level\rtdetr_l\0fb7276f-ecb5-3e5b-87a8-cc74c709c715.parquet,5907758
results\sivp_strengthening\tracker_low_level\rtdetr_l\15ec0778-826e-3ed7-9775-54fbf66997f4.parquet,2955930
results\sivp_strengthening\tracker_low_level\rtdetr_l\182ba3f7-b89a-36cc-ae40-32a341b0d3e9.parquet,3829222
results\sivp_strengthening\tracker_low_level\rtdetr_l\19350c96-623d-4d77-af96-f8c23f00c358.parquet,4360713
results\sivp_strengthening\tracker_low_level\rtdetr_l\1da4a0aa-22ae-3958-856d-05303de1f576.parquet,8601689
results\sivp_strengthening\tracker_low_level\rtdetr_l\20dd185d-b4eb-3024-a17a-b4e5d8b15b65.parquet,7842650
results\sivp_strengthening\tracker_low_level\rtdetr_l\24642607-2a51-384a-90a7-228067956d05.parquet,5486658
results\sivp_strengthening\tracker_low_level\rtdetr_l\27c03d98-6ac3-38a3-ba5e-102b184d01ef.parquet,3156850
results\sivp_strengthening\tracker_low_level\rtdetr_l\29a00842-ead2-3050-b587-c5ef507e4125.parquet,11329061
results\sivp_strengthening\tracker_low_level\rtdetr_l\2c652f9e-8db8-3572-aa49-fae1344a875b.parquet,6278936
results\sivp_strengthening\tracker_low_level\rtdetr_l\36aec72e-5086-376c-b109-295b128e77e1.parquet,5489182
results\sivp_strengthening\tracker_low_level\rtdetr_l\3de5b5d6-68c4-3c95-84ed-be7c83d829f8.parquet,4570921
results\sivp_strengthening\tracker_low_level\rtdetr_l\44adf4c4-6064-362f-94d3-323ed42cfda9.parquet,5469842
results\sivp_strengthening\tracker_low_level\rtdetr_l\47286726-5dd4-4e26-bd2d-5324f429e445.parquet,9698980
results\sivp_strengthening\tracker_low_level\rtdetr_l\4e3fedbb-847c-3d5b-8a62-c9ff84550985.parquet,5239955
results\sivp_strengthening\tracker_low_level\rtdetr_l\52071780-5758-3ed4-8835-0d64ecdc5575.parquet,8241517
results\sivp_strengthening\tracker_low_level\rtdetr_l\58e82365-03bc-3b2f-b55a-a4ad0e3e792d.parquet,4206330
results\sivp_strengthening\tracker_low_level\rtdetr_l\58fed0d4-97d5-469b-89a4-4394838e10c7.parquet,2926077
results\sivp_strengthening\tracker_low_level\rtdetr_l\6c932547-4c11-31d7-b8ef-0c16a13dbfc3.parquet,9286347
results\sivp_strengthening\tracker_low_level\rtdetr_l\7039e410-b5ab-35aa-96bc-2c4b89d3c5e3.parquet,7517030
results\sivp_strengthening\tracker_low_level\rtdetr_l\78683234-e6f1-3e4e-af52-6f839254e4c0.parquet,3475924
results\sivp_strengthening\tracker_low_level\rtdetr_l\78da7b7e-8ddf-3c7d-8716-eaa890106dd3.parquet,6600652
results\sivp_strengthening\tracker_low_level\rtdetr_l\7a2c222d-addc-30b2-aac6-596cb65a22e3.parquet,1540078
results\sivp_strengthening\tracker_low_level\rtdetr_l\858d739b-a0ba-35aa-bafc-4f7988bcad17.parquet,5318243
results\sivp_strengthening\tracker_low_level\rtdetr_l\95bf6003-7068-3a78-a0c0-9e470a06e60f.parquet,6293768
results\sivp_strengthening\tracker_low_level\rtdetr_l\a7636fca-4d9e-3052-bef2-af0ce5d1df74.parquet,5586996
results\sivp_strengthening\tracker_low_level\rtdetr_l\a91d4c7b-bf55-3a0e-9eba-1a43577bcca8.parquet,7051986
results\sivp_strengthening\tracker_low_level\rtdetr_l\b19f3c1a-a84a-3a2d-8d1b-8a4ae201020b.parquet,7120503
results\sivp_strengthening\tracker_low_level\rtdetr_l\b2053fdc-0b94-30bc-aee7-5bc6fb7e9f52.parquet,7261183
results\sivp_strengthening\tracker_low_level\rtdetr_l\b50c4763-5d1e-37f4-a009-2244aeebabcd.parquet,3372691
results\sivp_strengthening\tracker_low_level\rtdetr_l\b87683ae-14c5-321f-8af3-623e7bafc3a7.parquet,3401673
results\sivp_strengthening\tracker_low_level\rtdetr_l\c8ec7be0-92aa-3222-946e-fbcf398c841e.parquet,4719726
results\sivp_strengthening\tracker_low_level\rtdetr_l\cae56e40-8470-3c9c-af75-6e444189488f.parquet,9997987
results\sivp_strengthening\tracker_low_level\rtdetr_l\d1395998-7e8a-417d-91e9-5ca6ec045ee1.parquet,3926727
results\sivp_strengthening\tracker_low_level\rtdetr_l\d3ca0450-2167-38fb-b34b-449741cb38f3.parquet,2268373
results\sivp_strengthening\tracker_low_level\rtdetr_l\d5d6f11c-3026-3e0e-9d67-c111233e22de.parquet,7800958
results\sivp_strengthening\tracker_low_level\rtdetr_l\da036982-92bf-36a8-b880-4ccf4e20b74e.parquet,4362216
results\sivp_strengthening\tracker_low_level\rtdetr_l\dafe14f5-825c-4e7a-9009-6dfdfdd5b030.parquet,6796085
results\sivp_strengthening\tracker_low_level\rtdetr_l\e1d68dde-22a9-3918-a526-0850b21ff2eb.parquet,2978706
results\sivp_strengthening\tracker_low_level\rtdetr_l\e2e921fe-e489-3656-a0a2-5e17bd399ddf.parquet,4260423
results\sivp_strengthening\tracker_low_level\rtdetr_l\e50e7698-de3d-355f-aca2-eddd09c09533.parquet,7979081
results\sivp_strengthening\tracker_low_level\rtdetr_l\e72ef05c-8b94-3885-a34f-fff3b2b954b4.parquet,6515116
results\sivp_strengthening\tracker_low_level\rtdetr_l\e8c9fd64-fdd2-422d-a2a2-6f47500d1d12.parquet,7511295
results\sivp_strengthening\tracker_low_level\rtdetr_l\eec284b2-840a-3c75-aa42-04d2e309bbe1.parquet,3071377
results\sivp_strengthening\tracker_low_level\rtdetr_l\f1275002-842e-3571-8f7d-05816bc7cf56.parquet,8504055
results\sivp_strengthening\tracker_low_level\rtdetr_l\f2576c8a-da9b-450e-88cf-a70af1b0eadf.parquet,4150234
results\sivp_strengthening\tracker_low_level\rtdetr_l\f292cc5c-7a90-360d-b62a-074c643bdf59.parquet,6239141
results\sivp_strengthening\tracker_low_level\rtdetr_l\f6cc0ebf-fc6a-3bf2-8bcb-76d8c43f194e.parquet,10664585
results\sivp_strengthening\tracker_low_level\yolo11n\0b86f508-5df9-4a46-bc59-5b9536dbde9f.parquet,3689921
results\sivp_strengthening\tracker_low_level\yolo11n\0c3bad78-9f1e-395d-a376-2eb7499229fd.parquet,2274903
results\sivp_strengthening\tracker_low_level\yolo11n\0fb7276f-ecb5-3e5b-87a8-cc74c709c715.parquet,3062456
results\sivp_strengthening\tracker_low_level\yolo11n\15ec0778-826e-3ed7-9775-54fbf66997f4.parquet,1132002
results\sivp_strengthening\tracker_low_level\yolo11n\182ba3f7-b89a-36cc-ae40-32a341b0d3e9.parquet,1457352
results\sivp_strengthening\tracker_low_level\yolo11n\19350c96-623d-4d77-af96-f8c23f00c358.parquet,2358527
results\sivp_strengthening\tracker_low_level\yolo11n\1da4a0aa-22ae-3958-856d-05303de1f576.parquet,3744778
results\sivp_strengthening\tracker_low_level\yolo11n\20dd185d-b4eb-3024-a17a-b4e5d8b15b65.parquet,2795832
results\sivp_strengthening\tracker_low_level\yolo11n\24642607-2a51-384a-90a7-228067956d05.parquet,2564971
results\sivp_strengthening\tracker_low_level\yolo11n\27c03d98-6ac3-38a3-ba5e-102b184d01ef.parquet,1129550
results\sivp_strengthening\tracker_low_level\yolo11n\29a00842-ead2-3050-b587-c5ef507e4125.parquet,4970065
results\sivp_strengthening\tracker_low_level\yolo11n\2c652f9e-8db8-3572-aa49-fae1344a875b.parquet,1939294
results\sivp_strengthening\tracker_low_level\yolo11n\36aec72e-5086-376c-b109-295b128e77e1.parquet,2959923
results\sivp_strengthening\tracker_low_level\yolo11n\3de5b5d6-68c4-3c95-84ed-be7c83d829f8.parquet,3036652
results\sivp_strengthening\tracker_low_level\yolo11n\44adf4c4-6064-362f-94d3-323ed42cfda9.parquet,2145586
results\sivp_strengthening\tracker_low_level\yolo11n\47286726-5dd4-4e26-bd2d-5324f429e445.parquet,4774873
results\sivp_strengthening\tracker_low_level\yolo11n\4e3fedbb-847c-3d5b-8a62-c9ff84550985.parquet,2055927
results\sivp_strengthening\tracker_low_level\yolo11n\52071780-5758-3ed4-8835-0d64ecdc5575.parquet,4674377
results\sivp_strengthening\tracker_low_level\yolo11n\58e82365-03bc-3b2f-b55a-a4ad0e3e792d.parquet,2146064
results\sivp_strengthening\tracker_low_level\yolo11n\58fed0d4-97d5-469b-89a4-4394838e10c7.parquet,1855460
results\sivp_strengthening\tracker_low_level\yolo11n\6c932547-4c11-31d7-b8ef-0c16a13dbfc3.parquet,5102590
results\sivp_strengthening\tracker_low_level\yolo11n\7039e410-b5ab-35aa-96bc-2c4b89d3c5e3.parquet,2574338
results\sivp_strengthening\tracker_low_level\yolo11n\78683234-e6f1-3e4e-af52-6f839254e4c0.parquet,2170286
results\sivp_strengthening\tracker_low_level\yolo11n\78da7b7e-8ddf-3c7d-8716-eaa890106dd3.parquet,2968814
results\sivp_strengthening\tracker_low_level\yolo11n\7a2c222d-addc-30b2-aac6-596cb65a22e3.parquet,365482
results\sivp_strengthening\tracker_low_level\yolo11n\858d739b-a0ba-35aa-bafc-4f7988bcad17.parquet,1885215
results\sivp_strengthening\tracker_low_level\yolo11n\95bf6003-7068-3a78-a0c0-9e470a06e60f.parquet,4509396
results\sivp_strengthening\tracker_low_level\yolo11n\a7636fca-4d9e-3052-bef2-af0ce5d1df74.parquet,2591595
results\sivp_strengthening\tracker_low_level\yolo11n\a91d4c7b-bf55-3a0e-9eba-1a43577bcca8.parquet,3627780
results\sivp_strengthening\tracker_low_level\yolo11n\b19f3c1a-a84a-3a2d-8d1b-8a4ae201020b.parquet,4488378
results\sivp_strengthening\tracker_low_level\yolo11n\b2053fdc-0b94-30bc-aee7-5bc6fb7e9f52.parquet,4317262
results\sivp_strengthening\tracker_low_level\yolo11n\b50c4763-5d1e-37f4-a009-2244aeebabcd.parquet,1380853
results\sivp_strengthening\tracker_low_level\yolo11n\b87683ae-14c5-321f-8af3-623e7bafc3a7.parquet,1874596
results\sivp_strengthening\tracker_low_level\yolo11n\c8ec7be0-92aa-3222-946e-fbcf398c841e.parquet,2377383
results\sivp_strengthening\tracker_low_level\yolo11n\cae56e40-8470-3c9c-af75-6e444189488f.parquet,4950554
results\sivp_strengthening\tracker_low_level\yolo11n\d1395998-7e8a-417d-91e9-5ca6ec045ee1.parquet,2517168
results\sivp_strengthening\tracker_low_level\yolo11n\d3ca0450-2167-38fb-b34b-449741cb38f3.parquet,1277927
results\sivp_strengthening\tracker_low_level\yolo11n\d5d6f11c-3026-3e0e-9d67-c111233e22de.parquet,3625213
results\sivp_strengthening\tracker_low_level\yolo11n\da036982-92bf-36a8-b880-4ccf4e20b74e.parquet,1894066
results\sivp_strengthening\tracker_low_level\yolo11n\dafe14f5-825c-4e7a-9009-6dfdfdd5b030.parquet,2492369
results\sivp_strengthening\tracker_low_level\yolo11n\e1d68dde-22a9-3918-a526-0850b21ff2eb.parquet,1372808
results\sivp_strengthening\tracker_low_level\yolo11n\e2e921fe-e489-3656-a0a2-5e17bd399ddf.parquet,2257335
results\sivp_strengthening\tracker_low_level\yolo11n\e50e7698-de3d-355f-aca2-eddd09c09533.parquet,4079985
results\sivp_strengthening\tracker_low_level\yolo11n\e72ef05c-8b94-3885-a34f-fff3b2b954b4.parquet,2737187
results\sivp_strengthening\tracker_low_level\yolo11n\e8c9fd64-fdd2-422d-a2a2-6f47500d1d12.parquet,2781503
results\sivp_strengthening\tracker_low_level\yolo11n\eec284b2-840a-3c75-aa42-04d2e309bbe1.parquet,1672676
results\sivp_strengthening\tracker_low_level\yolo11n\f1275002-842e-3571-8f7d-05816bc7cf56.parquet,3737548
results\sivp_strengthening\tracker_low_level\yolo11n\f2576c8a-da9b-450e-88cf-a70af1b0eadf.parquet,1227505
results\sivp_strengthening\tracker_low_level\yolo11n\f292cc5c-7a90-360d-b62a-074c643bdf59.parquet,2693410
results\sivp_strengthening\tracker_low_level\yolo11n\f6cc0ebf-fc6a-3bf2-8bcb-76d8c43f194e.parquet,4374769
results\sivp_strengthening\tracker_low_level\yolo11s\0b86f508-5df9-4a46-bc59-5b9536dbde9f.parquet,4242814
results\sivp_strengthening\tracker_low_level\yolo11s\0c3bad78-9f1e-395d-a376-2eb7499229fd.parquet,2397545
results\sivp_strengthening\tracker_low_level\yolo11s\0fb7276f-ecb5-3e5b-87a8-cc74c709c715.parquet,3924307
results\sivp_strengthening\tracker_low_level\yolo11s\15ec0778-826e-3ed7-9775-54fbf66997f4.parquet,1905429
results\sivp_strengthening\tracker_low_level\yolo11s\182ba3f7-b89a-36cc-ae40-32a341b0d3e9.parquet,1874917
results\sivp_strengthening\tracker_low_level\yolo11s\19350c96-623d-4d77-af96-f8c23f00c358.parquet,2543629
results\sivp_strengthening\tracker_low_level\yolo11s\1da4a0aa-22ae-3958-856d-05303de1f576.parquet,4855748
results\sivp_strengthening\tracker_low_level\yolo11s\20dd185d-b4eb-3024-a17a-b4e5d8b15b65.parquet,3487007
results\sivp_strengthening\tracker_low_level\yolo11s\24642607-2a51-384a-90a7-228067956d05.parquet,2927575
results\sivp_strengthening\tracker_low_level\yolo11s\27c03d98-6ac3-38a3-ba5e-102b184d01ef.parquet,1641210
results\sivp_strengthening\tracker_low_level\yolo11s\29a00842-ead2-3050-b587-c5ef507e4125.parquet,5983965
results\sivp_strengthening\tracker_low_level\yolo11s\2c652f9e-8db8-3572-aa49-fae1344a875b.parquet,2807426
results\sivp_strengthening\tracker_low_level\yolo11s\36aec72e-5086-376c-b109-295b128e77e1.parquet,3038187
results\sivp_strengthening\tracker_low_level\yolo11s\3de5b5d6-68c4-3c95-84ed-be7c83d829f8.parquet,3287164
results\sivp_strengthening\tracker_low_level\yolo11s\44adf4c4-6064-362f-94d3-323ed42cfda9.parquet,2606235
results\sivp_strengthening\tracker_low_level\yolo11s\47286726-5dd4-4e26-bd2d-5324f429e445.parquet,5762014
results\sivp_strengthening\tracker_low_level\yolo11s\4e3fedbb-847c-3d5b-8a62-c9ff84550985.parquet,2440544
results\sivp_strengthening\tracker_low_level\yolo11s\52071780-5758-3ed4-8835-0d64ecdc5575.parquet,5766529
results\sivp_strengthening\tracker_low_level\yolo11s\58e82365-03bc-3b2f-b55a-a4ad0e3e792d.parquet,2730191
results\sivp_strengthening\tracker_low_level\yolo11s\58fed0d4-97d5-469b-89a4-4394838e10c7.parquet,2197314
results\sivp_strengthening\tracker_low_level\yolo11s\6c932547-4c11-31d7-b8ef-0c16a13dbfc3.parquet,5996335
results\sivp_strengthening\tracker_low_level\yolo11s\7039e410-b5ab-35aa-96bc-2c4b89d3c5e3.parquet,3353969
results\sivp_strengthening\tracker_low_level\yolo11s\78683234-e6f1-3e4e-af52-6f839254e4c0.parquet,2323518
results\sivp_strengthening\tracker_low_level\yolo11s\78da7b7e-8ddf-3c7d-8716-eaa890106dd3.parquet,3578836
results\sivp_strengthening\tracker_low_level\yolo11s\7a2c222d-addc-30b2-aac6-596cb65a22e3.parquet,538063
results\sivp_strengthening\tracker_low_level\yolo11s\858d739b-a0ba-35aa-bafc-4f7988bcad17.parquet,2877162
results\sivp_strengthening\tracker_low_level\yolo11s\95bf6003-7068-3a78-a0c0-9e470a06e60f.parquet,4802641
results\sivp_strengthening\tracker_low_level\yolo11s\a7636fca-4d9e-3052-bef2-af0ce5d1df74.parquet,3216374
results\sivp_strengthening\tracker_low_level\yolo11s\a91d4c7b-bf55-3a0e-9eba-1a43577bcca8.parquet,4000139
results\sivp_strengthening\tracker_low_level\yolo11s\b19f3c1a-a84a-3a2d-8d1b-8a4ae201020b.parquet,5183988
results\sivp_strengthening\tracker_low_level\yolo11s\b2053fdc-0b94-30bc-aee7-5bc6fb7e9f52.parquet,4843103
results\sivp_strengthening\tracker_low_level\yolo11s\b50c4763-5d1e-37f4-a009-2244aeebabcd.parquet,1985441
results\sivp_strengthening\tracker_low_level\yolo11s\b87683ae-14c5-321f-8af3-623e7bafc3a7.parquet,2065146
results\sivp_strengthening\tracker_low_level\yolo11s\c8ec7be0-92aa-3222-946e-fbcf398c841e.parquet,2968353
results\sivp_strengthening\tracker_low_level\yolo11s\cae56e40-8470-3c9c-af75-6e444189488f.parquet,5557284
results\sivp_strengthening\tracker_low_level\yolo11s\d1395998-7e8a-417d-91e9-5ca6ec045ee1.parquet,2782919
results\sivp_strengthening\tracker_low_level\yolo11s\d3ca0450-2167-38fb-b34b-449741cb38f3.parquet,1545435
results\sivp_strengthening\tracker_low_level\yolo11s\d5d6f11c-3026-3e0e-9d67-c111233e22de.parquet,4356113
results\sivp_strengthening\tracker_low_level\yolo11s\da036982-92bf-36a8-b880-4ccf4e20b74e.parquet,2461289
results\sivp_strengthening\tracker_low_level\yolo11s\dafe14f5-825c-4e7a-9009-6dfdfdd5b030.parquet,3386575
results\sivp_strengthening\tracker_low_level\yolo11s\e1d68dde-22a9-3918-a526-0850b21ff2eb.parquet,1846262
results\sivp_strengthening\tracker_low_level\yolo11s\e2e921fe-e489-3656-a0a2-5e17bd399ddf.parquet,2405481
results\sivp_strengthening\tracker_low_level\yolo11s\e50e7698-de3d-355f-aca2-eddd09c09533.parquet,5013550
results\sivp_strengthening\tracker_low_level\yolo11s\e72ef05c-8b94-3885-a34f-fff3b2b954b4.parquet,4292918
results\sivp_strengthening\tracker_low_level\yolo11s\e8c9fd64-fdd2-422d-a2a2-6f47500d1d12.parquet,3573222
results\sivp_strengthening\tracker_low_level\yolo11s\eec284b2-840a-3c75-aa42-04d2e309bbe1.parquet,1843349
results\sivp_strengthening\tracker_low_level\yolo11s\f1275002-842e-3571-8f7d-05816bc7cf56.parquet,4357172
results\sivp_strengthening\tracker_low_level\yolo11s\f2576c8a-da9b-450e-88cf-a70af1b0eadf.parquet,1675718
results\sivp_strengthening\tracker_low_level\yolo11s\f292cc5c-7a90-360d-b62a-074c643bdf59.parquet,2878745
results\sivp_strengthening\tracker_low_level\yolo11s\f6cc0ebf-fc6a-3bf2-8bcb-76d8c43f194e.parquet,5002883
