detector,class,eligible_logs,objects,B3_median_error,B5_median_error,median_paired_relative_diff,ci_lower,ci_upper,logs_favoring_B5,B3_median_IoU,B5_median_IoU,B3_recall_0.5,B5_recall_0.5
yolo11n,vehicle,40,10562,0.006706720043404257,0.008453232803893028,0.20476150812948207,0.11723862041248616,0.3720857908556706,6,0.5655730982131411,0.5422570987174772,0.6006134969325153,0.5612164056310561
yolo11n,pedestrian/cyclist,23,527,0.010861227067819588,0.013090496815999924,0.026005747429163426,0.0,0.16797716431678095,7,0.3752599146951291,0.3553316671287042,0.2857142857142857,0.29850746268656714
yolo11n,other,18,336,0.08352505532042777,0.08594972162804211,0.009740619863173119,-0.00792753058030112,0.045773253887147335,7,0.0,0.0,0.0,0.0
yolo11s,vehicle,40,12668,0.005802309046440749,0.007427408804104236,0.19007403746179297,0.10365364272775451,0.300824425734047,7,0.5749404888933798,0.5189201589965865,0.6257894736842105,0.5281515456438818
yolo11s,pedestrian/cyclist,25,894,0.009621862222172862,0.011366463960357079,0.1662820334373481,0.002834269464840571,0.6580198682166102,6,0.34793649952504935,0.3308045240696772,0.2982456140350877,0.18518518518518517
yolo11s,other,23,527,0.09230597948440386,0.09080702146964409,0.0,-0.008065260664801972,0.015529997857799517,10,0.0,0.0,0.0,0.0
rtdetr_l,vehicle,40,21802,0.007281260684940469,0.00873831471313429,0.15920057634444318,0.0768394097267257,0.22470837547220945,8,0.3961646674985274,0.3750100134265174,0.3876094404263418,0.37431820004812705
rtdetr_l,pedestrian/cyclist,29,1872,0.010402201273322437,0.013935376985976567,0.266371534352805,0.014862817553039788,0.44529715370205813,8,0.23732274821179655,0.25004264078722616,0.09523809523809523,0.125
rtdetr_l,other,28,2055,0.05567019209248461,0.05489902289688979,0.011615254914566933,-0.0029234697649480066,0.04276776031782164,10,0.0,0.0,0.0,0.0
