detector,log_id,B3_normalized_center_error,B5_normalized_center_error
yolo11n,0b86f508-5df9-4a46-bc59-5b9536dbde9f,0.00482029396442,0.00572950093793
yolo11n,0c3bad78-9f1e-395d-a376-2eb7499229fd,0.002959364379,0.00521996750741
yolo11n,0fb7276f-ecb5-3e5b-87a8-cc74c709c715,0.00440274347352,0.00775379093681
yolo11n,15ec0778-826e-3ed7-9775-54fbf66997f4,0.00445902090654,0.00731661121483
yolo11n,19350c96-623d-4d77-af96-f8c23f00c358,0.00919835599982,0.00958298900512
yolo11n,1da4a0aa-22ae-3958-856d-05303de1f576,0.00905611110915,0.0102834008373
yolo11n,20dd185d-b4eb-3024-a17a-b4e5d8b15b65,0.00799157346808,0.00985702380183
yolo11n,24642607-2a51-384a-90a7-228067956d05,0.0430265592354,0.044190481104
yolo11n,27c03d98-6ac3-38a3-ba5e-102b184d01ef,0.00469148654718,0.0077694895322
yolo11n,29a00842-ead2-3050-b587-c5ef507e4125,0.00597339631988,0.00902687131735
yolo11n,2c652f9e-8db8-3572-aa49-fae1344a875b,0.0139947289884,0.014311854276
yolo11n,36aec72e-5086-376c-b109-295b128e77e1,0.0115930856151,0.0124008520608
yolo11n,3de5b5d6-68c4-3c95-84ed-be7c83d829f8,0.00688823685958,0.0113576358882
yolo11n,44adf4c4-6064-362f-94d3-323ed42cfda9,0.00666988390222,0.00696357531706
yolo11n,47286726-5dd4-4e26-bd2d-5324f429e445,0.00767035457995,0.00871787750874
yolo11n,4e3fedbb-847c-3d5b-8a62-c9ff84550985,0.0109931001147,0.00530115233393
yolo11n,52071780-5758-3ed4-8835-0d64ecdc5575,0.00410169167289,0.00702932409789
yolo11n,58e82365-03bc-3b2f-b55a-a4ad0e3e792d,0.00508666651256,0.0053880162455
yolo11n,6c932547-4c11-31d7-b8ef-0c16a13dbfc3,0.00602949524519,0.00890210228429
yolo11n,7039e410-b5ab-35aa-96bc-2c4b89d3c5e3,0.00385058671812,0.00650507111376
yolo11n,78683234-e6f1-3e4e-af52-6f839254e4c0,0.00544594959617,0.00736243351242
yolo11n,78da7b7e-8ddf-3c7d-8716-eaa890106dd3,0.00318093635037,0.00554347175987
yolo11n,7a2c222d-addc-30b2-aac6-596cb65a22e3,0.0274718672483,0.0196775944201
yolo11n,858d739b-a0ba-35aa-bafc-4f7988bcad17,0.0106878393285,0.0110031616678
yolo11n,95bf6003-7068-3a78-a0c0-9e470a06e60f,0.00667061318167,0.00926558842392
yolo11n,a7636fca-4d9e-3052-bef2-af0ce5d1df74,0.00878838197868,0.0125032273187
yolo11n,a91d4c7b-bf55-3a0e-9eba-1a43577bcca8,0.0158512150364,0.0111553563263
yolo11n,b2053fdc-0b94-30bc-aee7-5bc6fb7e9f52,0.00552655386867,0.00767800721649
yolo11n,b50c4763-5d1e-37f4-a009-2244aeebabcd,0.00910224125652,0.0107167671257
yolo11n,b87683ae-14c5-321f-8af3-623e7bafc3a7,0.0128387007286,0.0139568160135
yolo11n,c8ec7be0-92aa-3222-946e-fbcf398c841e,0.00711748540254,0.00840317940054
yolo11n,cae56e40-8470-3c9c-af75-6e444189488f,0.00490259352357,0.00593004713389
yolo11n,d3ca0450-2167-38fb-b34b-449741cb38f3,0.0209067689642,0.0198535923513
yolo11n,da036982-92bf-36a8-b880-4ccf4e20b74e,0.013917232746,0.0126214489937
yolo11n,dafe14f5-825c-4e7a-9009-6dfdfdd5b030,0.00776449476646,0.00927852488579
yolo11n,e1d68dde-22a9-3918-a526-0850b21ff2eb,0.0239294891658,0.0193134483401
yolo11n,e50e7698-de3d-355f-aca2-eddd09c09533,0.00635947517921,0.0104817696072
yolo11n,eec284b2-840a-3c75-aa42-04d2e309bbe1,0.00523958293453,0.00591496832406
yolo11n,f2576c8a-da9b-450e-88cf-a70af1b0eadf,0.0101630408771,0.0134515727144
yolo11n,f292cc5c-7a90-360d-b62a-074c643bdf59,0.00514626458869,0.00665265223281
yolo11s,0b86f508-5df9-4a46-bc59-5b9536dbde9f,0.00477365540823,0.00595321748552
yolo11s,0c3bad78-9f1e-395d-a376-2eb7499229fd,0.0029201460424,0.00502306885741
yolo11s,0fb7276f-ecb5-3e5b-87a8-cc74c709c715,0.00400572612117,0.00712974085536
yolo11s,15ec0778-826e-3ed7-9775-54fbf66997f4,0.00418645994669,0.00655377353273
yolo11s,19350c96-623d-4d77-af96-f8c23f00c358,0.00697662242398,0.00821722593582
yolo11s,1da4a0aa-22ae-3958-856d-05303de1f576,0.00952221102719,0.00768209520688
yolo11s,20dd185d-b4eb-3024-a17a-b4e5d8b15b65,0.00782026377636,0.0114803018097
yolo11s,24642607-2a51-384a-90a7-228067956d05,0.0507996085791,0.0502358304087
yolo11s,27c03d98-6ac3-38a3-ba5e-102b184d01ef,0.00430527086372,0.00672999310759
yolo11s,29a00842-ead2-3050-b587-c5ef507e4125,0.00581372125355,0.00760806653696
yolo11s,2c652f9e-8db8-3572-aa49-fae1344a875b,0.0120584893224,0.011960328518
yolo11s,36aec72e-5086-376c-b109-295b128e77e1,0.005150193142,0.00509897234034
yolo11s,3de5b5d6-68c4-3c95-84ed-be7c83d829f8,0.00581223307149,0.00966039785723
yolo11s,44adf4c4-6064-362f-94d3-323ed42cfda9,0.00651395520229,0.00678716158369
yolo11s,47286726-5dd4-4e26-bd2d-5324f429e445,0.00694941310306,0.00819839179255
yolo11s,4e3fedbb-847c-3d5b-8a62-c9ff84550985,0.0109597440639,0.00623747273913
yolo11s,52071780-5758-3ed4-8835-0d64ecdc5575,0.00373978449265,0.00516157069543
yolo11s,58e82365-03bc-3b2f-b55a-a4ad0e3e792d,0.0052434390262,0.00685496416659
yolo11s,6c932547-4c11-31d7-b8ef-0c16a13dbfc3,0.00579643576086,0.00755520037003
yolo11s,7039e410-b5ab-35aa-96bc-2c4b89d3c5e3,0.00304557662326,0.00716981452158
yolo11s,78683234-e6f1-3e4e-af52-6f839254e4c0,0.00566300076528,0.00609432092066
yolo11s,78da7b7e-8ddf-3c7d-8716-eaa890106dd3,0.00238118272179,0.00565351099006
yolo11s,7a2c222d-addc-30b2-aac6-596cb65a22e3,0.0144475928554,0.0168773383758
yolo11s,858d739b-a0ba-35aa-bafc-4f7988bcad17,0.00965598118182,0.0103213669582
yolo11s,95bf6003-7068-3a78-a0c0-9e470a06e60f,0.00587171690187,0.00819238439986
yolo11s,a7636fca-4d9e-3052-bef2-af0ce5d1df74,0.0119134354909,0.0131060182179
yolo11s,a91d4c7b-bf55-3a0e-9eba-1a43577bcca8,0.0164909406163,0.0122269505965
yolo11s,b2053fdc-0b94-30bc-aee7-5bc6fb7e9f52,0.0052514576126,0.00655661677
yolo11s,b50c4763-5d1e-37f4-a009-2244aeebabcd,0.00854848656055,0.0106123756915
yolo11s,b87683ae-14c5-321f-8af3-623e7bafc3a7,0.010777883162,0.0117464574914
yolo11s,c8ec7be0-92aa-3222-946e-fbcf398c841e,0.00733241264488,0.00849978403472
yolo11s,cae56e40-8470-3c9c-af75-6e444189488f,0.00438571026063,0.00610860043467
yolo11s,d3ca0450-2167-38fb-b34b-449741cb38f3,0.0195213376811,0.0185526788033
yolo11s,da036982-92bf-36a8-b880-4ccf4e20b74e,0.0135856253472,0.0137044197617
yolo11s,dafe14f5-825c-4e7a-9009-6dfdfdd5b030,0.00667255507551,0.00685182454925
yolo11s,e1d68dde-22a9-3918-a526-0850b21ff2eb,0.0233475785305,0.0161807418271
yolo11s,e50e7698-de3d-355f-aca2-eddd09c09533,0.00500959094618,0.00793602710232
yolo11s,eec284b2-840a-3c75-aa42-04d2e309bbe1,0.00372955831956,0.00396200892079
yolo11s,f2576c8a-da9b-450e-88cf-a70af1b0eadf,0.00537289333511,0.00915574548623
yolo11s,f292cc5c-7a90-360d-b62a-074c643bdf59,0.00482987199429,0.00638321134879
